competition,isu_year,is_short_program,category,event_type,judge_number,judge_name,judge_nationality
owg2018,1718,1,men,individual,1,DELFA Daniel,ESP
owg2018,1718,1,men,individual,2,ABELE Agita,LAT
owg2018,1718,1,men,individual,3,MERIGUET Philippe,FRA
owg2018,1718,1,men,individual,4,NUMANOVA Saodat,UZB
owg2018,1718,1,men,individual,5,Sakae YAMAMOTO,JPN
owg2018,1718,1,men,individual,6,KOZHEMYAKINA Olga,RUS
owg2018,1718,1,men,individual,7,Elizabeth RYAN,AUS
owg2018,1718,1,men,individual,8,HUNTER Janice,CAN
owg2018,1718,1,men,individual,9,CHEN Weiguang,CHN
owg2018,1718,0,men,individual,1,guskov yuriy,KAZ
owg2018,1718,0,men,individual,2,Lorrie PARKER,USA
owg2018,1718,0,men,individual,3,NUMANOVA Saodat,UZB
owg2018,1718,0,men,individual,4,Sakae YAMAMOTO,JPN
owg2018,1718,0,men,individual,5,Albert ZAYDMAN,ISR
owg2018,1718,0,men,individual,6,KOZHEMYAKINA Olga,RUS
owg2018,1718,0,men,individual,7,CHEN Weiguang,CHN
owg2018,1718,0,men,individual,8,KOSINA Richard,CZE
owg2018,1718,0,men,individual,9,ABELE Agita,LAT
owg2018,1718,1,women,individual,1,Kvetoslava MATEJOVA,SVK
owg2018,1718,1,women,individual,2,balczo katalin,HUN
owg2018,1718,1,women,individual,3,DECK Deveny,USA
owg2018,1718,1,women,individual,4,Ayumi KOZUKA,JPN
owg2018,1718,1,women,individual,5,KOH Sung-Hee,KOR
owg2018,1718,1,women,individual,6,Hailan JIANG,CHN
owg2018,1718,1,women,individual,7,Elena FOMINA,RUS
owg2018,1718,1,women,individual,8,guskov yuriy,KAZ
owg2018,1718,1,women,individual,9,ABELE Agita,LAT
owg2018,1718,0,women,individual,1,LEBLANC-RICHARD Nicole,CAN
owg2018,1718,0,women,individual,2,ABELE Agita,LAT
owg2018,1718,0,women,individual,3,KOH Sung-Hee,KOR
owg2018,1718,0,women,individual,4,Elena FOMINA,RUS
owg2018,1718,0,women,individual,5,Hailan JIANG,CHN
owg2018,1718,0,women,individual,6,Elisabeth LOUESDON,FRA
owg2018,1718,0,women,individual,7,DE Francoise RAPPARD,BEL
owg2018,1718,0,women,individual,8,DECK Deveny,USA
owg2018,1718,0,women,individual,9,KIMMINUS Kerstin,GER
owg2018,1718,1,pairs,individual,1,Deborah NOYES,AUS
owg2018,1718,1,pairs,individual,2,Feng HUANG,CHN
owg2018,1718,1,pairs,individual,3,Anthony LEROY,FRA
owg2018,1718,1,pairs,individual,4,Anna KANTOR,ISR
owg2018,1718,1,pairs,individual,5,Jeff LUKASIK,CAN
owg2018,1718,1,pairs,individual,6,VIKARNE-HOMOLYA Zsuzsanna,HUN
owg2018,1718,1,pairs,individual,7,Elke TREITZ,GER
owg2018,1718,1,pairs,individual,8,TOIGO Walter,ITA
owg2018,1718,1,pairs,individual,9,LESKINEN Pekka,FIN
owg2018,1718,0,pairs,individual,1,LESKINEN Pekka,FIN
owg2018,1718,0,pairs,individual,2,Elena FOMINA,RUS
owg2018,1718,0,pairs,individual,3,Feng HUANG,CHN
owg2018,1718,0,pairs,individual,4,Anthony LEROY,FRA
owg2018,1718,0,pairs,individual,5,CAMPBELL K. Tamie,USA
owg2018,1718,0,pairs,individual,6,BAUDYSOVA Jana,CZE
owg2018,1718,0,pairs,individual,7,VIKARNE-HOMOLYA Zsuzsanna,HUN
owg2018,1718,0,pairs,individual,8,Deborah NOYES,AUS
owg2018,1718,0,pairs,individual,9,BIEGLER Thomas,AUT
owg2018,1718,1,men,team,1,Albert ZAYDMAN,ISR
owg2018,1718,1,men,team,2,Lorrie PARKER,USA
owg2018,1718,1,men,team,3,VIKARNE-HOMOLYA Zsuzsanna,HUN
owg2018,1718,1,men,team,4,ABELE Agita,LAT
owg2018,1718,1,men,team,5,Feng HUANG,CHN
owg2018,1718,1,men,team,6,guskov yuriy,KAZ
owg2018,1718,1,men,team,7,BIEGLER Thomas,AUT
owg2018,1718,1,men,team,8,LESKINEN Pekka,FIN
owg2018,1718,1,men,team,9,HUNTER Janice,CAN
owg2018,1718,0,men,team,1,Albert ZAYDMAN,ISR
owg2018,1718,0,men,team,2,Feng HUANG,CHN
owg2018,1718,0,men,team,3,VIKARNE-HOMOLYA Zsuzsanna,HUN
owg2018,1718,0,men,team,4,Lorrie PARKER,USA
owg2018,1718,0,men,team,5,LESKINEN Pekka,FIN
owg2018,1718,0,men,team,6,ABELE Agita,LAT
owg2018,1718,0,men,team,7,BIEGLER Thomas,AUT
owg2018,1718,0,men,team,8,HUNTER Janice,CAN
owg2018,1718,0,men,team,9,guskov yuriy,KAZ
owg2018,1718,1,women,team,1,Hailan JIANG,CHN
owg2018,1718,1,women,team,2,Elena FOMINA,RUS
owg2018,1718,1,women,team,3,Jeff LUKASIK,CAN
owg2018,1718,1,women,team,4,Anna KANTOR,ISR
owg2018,1718,1,women,team,5,Elke TREITZ,GER
owg2018,1718,1,women,team,6,DE Francoise RAPPARD,BEL
owg2018,1718,1,women,team,7,ABELE Agita,LAT
owg2018,1718,1,women,team,8,balczo katalin,HUN
owg2018,1718,1,women,team,9,Anthony LEROY,FRA
owg2018,1718,0,women,team,1,balczo katalin,HUN
owg2018,1718,0,women,team,2,Elena FOMINA,RUS
owg2018,1718,0,women,team,3,Jeff LUKASIK,CAN
owg2018,1718,0,women,team,4,Hailan JIANG,CHN
owg2018,1718,0,women,team,5,ABELE Agita,LAT
owg2018,1718,0,women,team,6,Elke TREITZ,GER
owg2018,1718,0,women,team,7,DE Francoise RAPPARD,BEL
owg2018,1718,0,women,team,8,Anthony LEROY,FRA
owg2018,1718,0,women,team,9,Anna KANTOR,ISR
owg2018,1718,1,pairs,team,1,Jeff LUKASIK,CAN
owg2018,1718,1,pairs,team,2,BIEGLER Thomas,AUT
owg2018,1718,1,pairs,team,3,LESKINEN Pekka,FIN
owg2018,1718,1,pairs,team,4,BAUDYSOVA Jana,CZE
owg2018,1718,1,pairs,team,5,Feng HUANG,CHN
owg2018,1718,1,pairs,team,6,Anthony LEROY,FRA
owg2018,1718,1,pairs,team,7,Anna KANTOR,ISR
owg2018,1718,1,pairs,team,8,VIKARNE-HOMOLYA Zsuzsanna,HUN
owg2018,1718,1,pairs,team,9,Elke TREITZ,GER
owg2018,1718,0,pairs,team,1,VIKARNE-HOMOLYA Zsuzsanna,HUN
owg2018,1718,0,pairs,team,2,Elke TREITZ,GER
owg2018,1718,0,pairs,team,3,Anna KANTOR,ISR
owg2018,1718,0,pairs,team,4,LESKINEN Pekka,FIN
owg2018,1718,0,pairs,team,5,BIEGLER Thomas,AUT
owg2018,1718,0,pairs,team,6,Feng HUANG,CHN
owg2018,1718,0,pairs,team,7,Anthony LEROY,FRA
owg2018,1718,0,pairs,team,8,Jeff LUKASIK,CAN
owg2018,1718,0,pairs,team,9,BAUDYSOVA Jana,CZE
ec2018,1718,1,men,individual,1,CHAPMAN Mary,GBR
ec2018,1718,1,men,individual,2,Hanna THEN,POL
ec2018,1718,1,men,individual,3,hege jensen rosto,NOR
ec2018,1718,1,men,individual,4,FAIG Ulla,GER
ec2018,1718,1,men,individual,5,Kadi ZVIRIK,EST
ec2018,1718,1,men,individual,6,KANKAANRANTA Marjo,FIN
ec2018,1718,1,men,individual,7,Adriana DOMANSKA,SVK
ec2018,1718,1,men,individual,8,AHISKAL Senem,TUR
ec2018,1718,1,men,individual,9,CHIGOGIDZE Salome,GEO
ec2018,1718,0,men,individual,1,hege jensen rosto,NOR
ec2018,1718,0,men,individual,2,CHIGOGIDZE Salome,GEO
ec2018,1718,0,men,individual,3,Claudia FASSORA,SUI
ec2018,1718,0,men,individual,4,AHISKAL Senem,TUR
ec2018,1718,0,men,individual,5,Florence VUYLSTEKER,FRA
ec2018,1718,0,men,individual,6,FAIG Ulla,GER
ec2018,1718,0,men,individual,7,KRUGLOVA Natalia,UKR
ec2018,1718,0,men,individual,8,Adriana DOMANSKA,SVK
ec2018,1718,0,men,individual,9,Jeroen PRINS,NED
ec2018,1718,1,women,individual,1,Adrienn SCHADENBAUER,AUT
ec2018,1718,1,women,individual,2,Kari-Anne OLSEN,NOR
ec2018,1718,1,women,individual,3,SANCHO Saioa,ESP
ec2018,1718,1,women,individual,4,Ann FINDLAY,GBR
ec2018,1718,1,women,individual,5,KULIK Zanna,EST
ec2018,1718,1,women,individual,6,Donatella LEONELLI,SUI
ec2018,1718,1,women,individual,7,ANDREEVA Julia,RUS
ec2018,1718,1,women,individual,8,Attila SOOS,HUN
ec2018,1718,1,women,individual,9,ANILDI Ebru,TUR
ec2018,1718,0,women,individual,1,ANILDI Ebru,TUR
ec2018,1718,0,women,individual,2,DE Francoise RAPPARD,BEL
ec2018,1718,0,women,individual,3,FEDCHENKO Igor,UKR
ec2018,1718,0,women,individual,4,Kari-Anne OLSEN,NOR
ec2018,1718,0,women,individual,5,ABELE Agita,LAT
ec2018,1718,0,women,individual,6,Attila SOOS,HUN
ec2018,1718,0,women,individual,7,KULIK Zanna,EST
ec2018,1718,0,women,individual,8,Ann FINDLAY,GBR
ec2018,1718,0,women,individual,9,KOSONEN Merja,FIN
ec2018,1718,1,pairs,individual,1,EHRHARDT Karin,AUT
ec2018,1718,1,pairs,individual,2,Anna KANTOR,ISR
ec2018,1718,1,pairs,individual,3,Elke TREITZ,GER
ec2018,1718,1,pairs,individual,4,CEROVAC Josip,CRO
ec2018,1718,1,pairs,individual,5,Anthony LEROY,FRA
ec2018,1718,1,pairs,individual,6,Margaret Worsfold,GBR
ec2018,1718,1,pairs,individual,7,Asa NORDBACK,SWE
ec2018,1718,1,pairs,individual,8,Massimo ORLANDINI,ITA
ec2018,1718,1,pairs,individual,9,Elena FOMINA,RUS
ec2018,1718,0,pairs,individual,1,Elena FOMINA,RUS
ec2018,1718,0,pairs,individual,2,Ekaterina SEROVA,BLR
ec2018,1718,0,pairs,individual,3,SMIDOVA Stanislava,CZE
ec2018,1718,0,pairs,individual,4,BINZ-MOSER Prisca,SUI
ec2018,1718,0,pairs,individual,5,KRAUZIENE Laimute,LTU
ec2018,1718,0,pairs,individual,6,EHRHARDT Karin,AUT
ec2018,1718,0,pairs,individual,7,Asa NORDBACK,SWE
ec2018,1718,0,pairs,individual,8,CEROVAC Josip,CRO
ec2018,1718,0,pairs,individual,9,Anthony LEROY,FRA
wc2018,1718,1,men,individual,1,Anna SIEROCKA,POL
wc2018,1718,1,men,individual,2,SHI Wei,CHN
wc2018,1718,1,men,individual,3,AMAKO Kenji,JPN
wc2018,1718,1,men,individual,4,NUMANOVA Saodat,UZB
wc2018,1718,1,men,individual,5,RISTANEN Tarja,FIN
wc2018,1718,1,men,individual,6,Anna KANTOR,ISR
wc2018,1718,1,men,individual,7,BLATZ Susan,CAN
wc2018,1718,1,men,individual,8,Igor OBRAZTSOV,RUS
wc2018,1718,1,men,individual,9,Peter RANKIN,AUS
wc2018,1718,0,men,individual,1,ABELE Agita,LAT
wc2018,1718,0,men,individual,2,RISTANEN Tarja,FIN
wc2018,1718,0,men,individual,3,Eddy WU,TWN
wc2018,1718,0,men,individual,4,BLATZ Susan,CAN
wc2018,1718,0,men,individual,5,Peter RANKIN,AUS
wc2018,1718,0,men,individual,6,VERRUE Veronique,FRA
wc2018,1718,0,men,individual,7,Anna KANTOR,ISR
wc2018,1718,0,men,individual,8,Anna SIEROCKA,POL
wc2018,1718,0,men,individual,9,ENZMANN Wendy,USA
wc2018,1718,1,women,individual,1,KRUSEC Matjaz,SLO
wc2018,1718,1,women,individual,2,Catherine L. TAYLOR,AUS
wc2018,1718,1,women,individual,3,Birgit FOLL,GER
wc2018,1718,1,women,individual,4,Ko-Man TING,TWN
wc2018,1718,1,women,individual,5,Anne G. SHEAN,USA
wc2018,1718,1,women,individual,6,KUBOTA Masako,JPN
wc2018,1718,1,women,individual,7,HORKLOVA Marketa,CZE
wc2018,1718,1,women,individual,8,Jung-Sue LEE,KOR
wc2018,1718,1,women,individual,9,Allan BOEHM,SVK
wc2018,1718,0,women,individual,1,KUBOTA Masako,JPN
wc2018,1718,0,women,individual,2,KRUGLOVA Natalia,UKR
wc2018,1718,0,women,individual,3,KRUSEC Matjaz,SLO
wc2018,1718,0,women,individual,4,HORKLOVA Marketa,CZE
wc2018,1718,0,women,individual,5,DE Francoise RAPPARD,BEL
wc2018,1718,0,women,individual,6,ELO Pirjo,FIN
wc2018,1718,0,women,individual,7,DEY Lynne,CAN
wc2018,1718,0,women,individual,8,Allan BOEHM,SVK
wc2018,1718,0,women,individual,9,Catherine L. TAYLOR,AUS
wc2018,1718,1,pairs,individual,1,MORANDI Tiziana,ITA
wc2018,1718,1,pairs,individual,2,HOWARD Karen,CAN
wc2018,1718,1,pairs,individual,3,Anthony LEROY,FRA
wc2018,1718,1,pairs,individual,4,GLENN Roger,USA
wc2018,1718,1,pairs,individual,5,Andreas WALDECK,GER
wc2018,1718,1,pairs,individual,6,BINDER Elisabeth,AUT
wc2018,1718,1,pairs,individual,7,Jia YAO,CHN
wc2018,1718,1,pairs,individual,8,JELINEK Lisa,AUS
wc2018,1718,1,pairs,individual,9,BLANC Christine,SUI
wc2018,1718,0,pairs,individual,1,Andreas WALDECK,GER
wc2018,1718,0,pairs,individual,2,TAUCHMANOVA Vera,CZE
wc2018,1718,0,pairs,individual,3,MORANDI Tiziana,ITA
wc2018,1718,0,pairs,individual,4,Shizuko UGAKI,JPN
wc2018,1718,0,pairs,individual,5,Jia YAO,CHN
wc2018,1718,0,pairs,individual,6,KOZHEMYAKINA Olga,RUS
wc2018,1718,0,pairs,individual,7,Claire SHEPHERD,GBR
wc2018,1718,0,pairs,individual,8,BLANC Christine,SUI
wc2018,1718,0,pairs,individual,9,HOWARD Karen,CAN
fc2018,1718,1,men,individual,1,KEEN Leslie,CAN
fc2018,1718,1,men,individual,2,GRAHAM Peggy,USA
fc2018,1718,1,men,individual,3,Angelique CLYDE-SMITH,AUS
fc2018,1718,1,men,individual,4,KUBOTA Masako,JPN
fc2018,1718,1,men,individual,5,CHEN Weiguang,CHN
fc2018,1718,1,men,individual,6,AHN Na Young,KOR
fc2018,1718,1,men,individual,7,Magdalena RUSIECKA,POL
fc2018,1718,1,men,individual,8,GUSKOV Yuri,KAZ
fc2018,1718,1,men,individual,9,NUMANOVA Saodat,UZB
fc2018,1718,0,men,individual,1,GUSKOV Yuri,KAZ
fc2018,1718,0,men,individual,2,AHN Na Young,KOR
fc2018,1718,0,men,individual,3,Angelique CLYDE-SMITH,AUS
fc2018,1718,0,men,individual,4,Magdalena RUSIECKA,POL
fc2018,1718,0,men,individual,5,KUBOTA Masako,JPN
fc2018,1718,0,men,individual,6,KEEN Leslie,CAN
fc2018,1718,0,men,individual,7,NUMANOVA Saodat,UZB
fc2018,1718,0,men,individual,8,GRAHAM Peggy,USA
fc2018,1718,0,men,individual,9,CHEN Weiguang,CHN
fc2018,1718,1,women,individual,1,martinez sasha,MEX
fc2018,1718,1,women,individual,2,FAWCETT Reaghan,CAN
fc2018,1718,1,women,individual,3,GARRARD Neil,RSA
fc2018,1718,1,women,individual,4,Anne Kylie YACOPETTI,AUS
fc2018,1718,1,women,individual,5,an so young,KOR
fc2018,1718,1,women,individual,6,Hailan JIANG,CHN
fc2018,1718,1,women,individual,7,Shizuko UGAKI,JPN
fc2018,1718,1,women,individual,8,CURRIE Deborah,USA
fc2018,1718,1,women,individual,9,Nadezhda PARETSKAIA,KAZ
fc2018,1718,0,women,individual,1,FAWCETT Reaghan,CAN
fc2018,1718,0,women,individual,2,CURRIE Deborah,USA
fc2018,1718,0,women,individual,3,martinez sasha,MEX
fc2018,1718,0,women,individual,4,Hailan JIANG,CHN
fc2018,1718,0,women,individual,5,an so young,KOR
fc2018,1718,0,women,individual,6,GARRARD Neil,RSA
fc2018,1718,0,women,individual,7,Shizuko UGAKI,JPN
fc2018,1718,0,women,individual,8,Anne Kylie YACOPETTI,AUS
fc2018,1718,0,women,individual,9,Nadezhda PARETSKAIA,KAZ
fc2018,1718,1,pairs,individual,1,Feng HUANG,CHN
fc2018,1718,1,pairs,individual,2,Ariadna MORONES NEGRETE,MEX
fc2018,1718,1,pairs,individual,3,Doug WILLIAMS,USA
fc2018,1718,1,pairs,individual,4,Anja RIST,GER
fc2018,1718,1,pairs,individual,5,MAEDA Mami,JPN
fc2018,1718,1,pairs,individual,6,Andrea DERBY,CAN
fc2018,1718,1,pairs,individual,7,PETRICEVIC Susan,NZL
fc2018,1718,1,pairs,individual,8,Hee KOH Sung,KOR
fc2018,1718,1,pairs,individual,9,ANDREW Rebecca,AUS
fc2018,1718,0,pairs,individual,1,Hee KOH Sung,KOR
fc2018,1718,0,pairs,individual,2,MAEDA Mami,JPN
fc2018,1718,0,pairs,individual,3,Feng HUANG,CHN
fc2018,1718,0,pairs,individual,4,Doug WILLIAMS,USA
fc2018,1718,0,pairs,individual,5,Ariadna MORONES NEGRETE,MEX
fc2018,1718,0,pairs,individual,6,Anja RIST,GER
fc2018,1718,0,pairs,individual,7,ANDREW Rebecca,AUS
fc2018,1718,0,pairs,individual,8,Andrea DERBY,CAN
fc2018,1718,0,pairs,individual,9,PETRICEVIC Susan,NZL
gpcan2017,1718,1,men,individual,1,Deborah ISLAM,CAN
gpcan2017,1718,1,men,individual,2,MERIGUET Philippe,FRA
gpcan2017,1718,1,men,individual,3,LEE Ri Tae,KOR
gpcan2017,1718,1,men,individual,4,labunskaiya lolita,RUS
gpcan2017,1718,1,men,individual,5,GLENN Roger,USA
gpcan2017,1718,1,men,individual,6,DE Francoise RAPPARD,BEL
gpcan2017,1718,1,men,individual,7,Alison RYAN,AUS
gpcan2017,1718,1,men,individual,8,TAUCHMANOVA Vera,CZE
gpcan2017,1718,1,men,individual,9,Ayumi KOZUKA,JPN
gpcan2017,1718,0,men,individual,1,Deborah ISLAM,CAN
gpcan2017,1718,0,men,individual,2,MERIGUET Philippe,FRA
gpcan2017,1718,0,men,individual,3,LEE Ri Tae,KOR
gpcan2017,1718,0,men,individual,4,labunskaiya lolita,RUS
gpcan2017,1718,0,men,individual,5,GLENN Roger,USA
gpcan2017,1718,0,men,individual,6,DE Francoise RAPPARD,BEL
gpcan2017,1718,0,men,individual,7,Alison RYAN,AUS
gpcan2017,1718,0,men,individual,8,TAUCHMANOVA Vera,CZE
gpcan2017,1718,0,men,individual,9,Ayumi KOZUKA,JPN
gpcan2017,1718,1,women,individual,1,Ozkan SILAOGLU Tanay,TUR
gpcan2017,1718,1,women,individual,2,HOWARD Karen,CAN
gpcan2017,1718,1,women,individual,3,GLENN Roger,USA
gpcan2017,1718,1,women,individual,4,Massimo ORLANDINI,ITA
gpcan2017,1718,1,women,individual,5,DE Francoise RAPPARD,BEL
gpcan2017,1718,1,women,individual,6,Alison RYAN,AUS
gpcan2017,1718,1,women,individual,7,Ayumi KOZUKA,JPN
gpcan2017,1718,1,women,individual,8,Igor OBRAZTSOV,RUS
gpcan2017,1718,1,women,individual,9,LEE Ri Tae,KOR
gpcan2017,1718,0,women,individual,1,Ozkan SILAOGLU Tanay,TUR
gpcan2017,1718,0,women,individual,2,HOWARD Karen,CAN
gpcan2017,1718,0,women,individual,3,GLENN Roger,USA
gpcan2017,1718,0,women,individual,4,Massimo ORLANDINI,ITA
gpcan2017,1718,0,women,individual,5,DE Francoise RAPPARD,BEL
gpcan2017,1718,0,women,individual,6,Alison RYAN,AUS
gpcan2017,1718,0,women,individual,7,Ayumi KOZUKA,JPN
gpcan2017,1718,0,women,individual,8,Igor OBRAZTSOV,RUS
gpcan2017,1718,0,women,individual,9,LEE Ri Tae,KOR
gpcan2017,1718,1,pairs,individual,1,MERIGUET Philippe,FRA
gpcan2017,1718,1,pairs,individual,2,Angelique CLYDE-SMITH,AUS
gpcan2017,1718,1,pairs,individual,3,Beth CRANE,CAN
gpcan2017,1718,1,pairs,individual,4,KIMMINUS Kerstin,GER
gpcan2017,1718,1,pairs,individual,5,GLENN Roger,USA
gpcan2017,1718,1,pairs,individual,6,TAUCHMANOVA Vera,CZE
gpcan2017,1718,1,pairs,individual,7,Marta OLOZAGARRE,ESP
gpcan2017,1718,1,pairs,individual,8,SHI Wei,CHN
gpcan2017,1718,1,pairs,individual,9,Igor OBRAZTSOV,RUS
gpcan2017,1718,0,pairs,individual,1,MERIGUET Philippe,FRA
gpcan2017,1718,0,pairs,individual,2,Angelique CLYDE-SMITH,AUS
gpcan2017,1718,0,pairs,individual,3,Beth CRANE,CAN
gpcan2017,1718,0,pairs,individual,4,KIMMINUS Kerstin,GER
gpcan2017,1718,0,pairs,individual,5,GLENN Roger,USA
gpcan2017,1718,0,pairs,individual,6,TAUCHMANOVA Vera,CZE
gpcan2017,1718,0,pairs,individual,7,Marta OLOZAGARRE,ESP
gpcan2017,1718,0,pairs,individual,8,SHI Wei,CHN
gpcan2017,1718,0,pairs,individual,9,Igor OBRAZTSOV,RUS
gpusa2017,1718,1,men,individual,1,Alexei BELETSKI,ISR
gpusa2017,1718,1,men,individual,2,an so young,KOR
gpusa2017,1718,1,men,individual,3,CHEN Weiguang,CHN
gpusa2017,1718,1,men,individual,4,Elke TREITZ,GER
gpusa2017,1718,1,men,individual,5,KUNO Yoko,JPN
gpusa2017,1718,1,men,individual,6,martinez sasha,MEX
gpusa2017,1718,1,men,individual,7,BABENKO Sviatoslav,RUS
gpusa2017,1718,1,men,individual,8,ENZMANN Wendy,USA
gpusa2017,1718,1,men,individual,9,ABBOTT Jodi,CAN
gpusa2017,1718,0,men,individual,1,Alexei BELETSKI,ISR
gpusa2017,1718,0,men,individual,2,an so young,KOR
gpusa2017,1718,0,men,individual,3,CHEN Weiguang,CHN
gpusa2017,1718,0,men,individual,4,Elke TREITZ,GER
gpusa2017,1718,0,men,individual,5,KUNO Yoko,JPN
gpusa2017,1718,0,men,individual,6,martinez sasha,MEX
gpusa2017,1718,0,men,individual,7,BABENKO Sviatoslav,RUS
gpusa2017,1718,0,men,individual,8,ENZMANN Wendy,USA
gpusa2017,1718,0,men,individual,9,ABBOTT Jodi,CAN
gpusa2017,1718,1,women,individual,1,Jeff LUKASIK,CAN
gpusa2017,1718,1,women,individual,2,ROSENBLUTH Robert,USA
gpusa2017,1718,1,women,individual,3,Akiko KOBAYASHI,JPN
gpusa2017,1718,1,women,individual,4,ANDREEVA Julia,RUS
gpusa2017,1718,1,women,individual,5,Guangying QIN,CHN
gpusa2017,1718,1,women,individual,6,martinez sasha,MEX
gpusa2017,1718,1,women,individual,7,an so young,KOR
gpusa2017,1718,1,women,individual,8,Adriana DOMANSKA,SVK
gpusa2017,1718,1,women,individual,9,Marta OLOZAGARRE,ESP
gpusa2017,1718,0,women,individual,1,Jeff LUKASIK,CAN
gpusa2017,1718,0,women,individual,2,ROSENBLUTH Robert,USA
gpusa2017,1718,0,women,individual,3,Akiko KOBAYASHI,JPN
gpusa2017,1718,0,women,individual,4,ANDREEVA Julia,RUS
gpusa2017,1718,0,women,individual,5,Guangying QIN,CHN
gpusa2017,1718,0,women,individual,6,martinez sasha,MEX
gpusa2017,1718,0,women,individual,7,an so young,KOR
gpusa2017,1718,0,women,individual,8,Adriana DOMANSKA,SVK
gpusa2017,1718,0,women,individual,9,Marta OLOZAGARRE,ESP
gpusa2017,1718,1,pairs,individual,1,BABENKO Sviatoslav,RUS
gpusa2017,1718,1,pairs,individual,2,Marta OLOZAGARRE,ESP
gpusa2017,1718,1,pairs,individual,3,KRAUZIENE Laimute,LTU
gpusa2017,1718,1,pairs,individual,4,Jeff LUKASIK,CAN
gpusa2017,1718,1,pairs,individual,5,CAMPBELL K. Tamie,USA
gpusa2017,1718,1,pairs,individual,6,Elke TREITZ,GER
gpusa2017,1718,1,pairs,individual,7,Guangying QIN,CHN
gpusa2017,1718,1,pairs,individual,8,Adriana DOMANSKA,SVK
gpusa2017,1718,1,pairs,individual,9,KUNO Yoko,JPN
gpusa2017,1718,0,pairs,individual,1,BABENKO Sviatoslav,RUS
gpusa2017,1718,0,pairs,individual,2,Marta OLOZAGARRE,ESP
gpusa2017,1718,0,pairs,individual,3,KRAUZIENE Laimute,LTU
gpusa2017,1718,0,pairs,individual,4,Jeff LUKASIK,CAN
gpusa2017,1718,0,pairs,individual,5,CAMPBELL K. Tamie,USA
gpusa2017,1718,0,pairs,individual,6,Elke TREITZ,GER
gpusa2017,1718,0,pairs,individual,7,Guangying QIN,CHN
gpusa2017,1718,0,pairs,individual,8,Adriana DOMANSKA,SVK
gpusa2017,1718,0,pairs,individual,9,KUNO Yoko,JPN
gpfra2017,1718,1,men,individual,1,DELFA Daniel,ESP
gpfra2017,1718,1,men,individual,2,Elisabeth LOUESDON,FRA
gpfra2017,1718,1,men,individual,3,Albert ZAYDMAN,ISR
gpfra2017,1718,1,men,individual,4,OGAWA Yuko,JPN
gpfra2017,1718,1,men,individual,5,GRAHAM Peggy,USA
gpfra2017,1718,1,men,individual,6,CHIGOGIDZE Salome,GEO
gpfra2017,1718,1,men,individual,7,GUSKOV Yuri,KAZ
gpfra2017,1718,1,men,individual,8,DOLGUSHIN Igor,RUS
gpfra2017,1718,1,men,individual,9,NUMANOVA Saodat,UZB
gpfra2017,1718,0,men,individual,1,DELFA Daniel,ESP
gpfra2017,1718,0,men,individual,2,Elisabeth LOUESDON,FRA
gpfra2017,1718,0,men,individual,3,Albert ZAYDMAN,ISR
gpfra2017,1718,0,men,individual,4,OGAWA Yuko,JPN
gpfra2017,1718,0,men,individual,5,GRAHAM Peggy,USA
gpfra2017,1718,0,men,individual,6,CHIGOGIDZE Salome,GEO
gpfra2017,1718,0,men,individual,7,GUSKOV Yuri,KAZ
gpfra2017,1718,0,men,individual,8,DOLGUSHIN Igor,RUS
gpfra2017,1718,0,men,individual,9,NUMANOVA Saodat,UZB
gpfra2017,1718,1,women,individual,1,Daniela TACCANI,ITA
gpfra2017,1718,1,women,individual,2,Jean SENFT,CAN
gpfra2017,1718,1,women,individual,3,Elisabeth LOUESDON,FRA
gpfra2017,1718,1,women,individual,4,kozhemiakina olga,RUS
gpfra2017,1718,1,women,individual,5,Dan FANG,CHN
gpfra2017,1718,1,women,individual,6,Malgorzata SOBKOW,POL
gpfra2017,1718,1,women,individual,7,OGAWA Yuko,JPN
gpfra2017,1718,1,women,individual,8,GRAHAM Peggy,USA
gpfra2017,1718,1,women,individual,9,GUSKOV Yuri,KAZ
gpfra2017,1718,0,women,individual,1,Daniela TACCANI,ITA
gpfra2017,1718,0,women,individual,2,Jean SENFT,CAN
gpfra2017,1718,0,women,individual,3,Elisabeth LOUESDON,FRA
gpfra2017,1718,0,women,individual,4,kozhemiakina olga,RUS
gpfra2017,1718,0,women,individual,5,Dan FANG,CHN
gpfra2017,1718,0,women,individual,6,Malgorzata SOBKOW,POL
gpfra2017,1718,0,women,individual,7,OGAWA Yuko,JPN
gpfra2017,1718,0,women,individual,8,GRAHAM Peggy,USA
gpfra2017,1718,0,women,individual,9,GUSKOV Yuri,KAZ
gpfra2017,1718,1,pairs,individual,1,Daniela TACCANI,ITA
gpfra2017,1718,1,pairs,individual,2,DELFA Daniel,ESP
gpfra2017,1718,1,pairs,individual,3,TAUCHMANOVA Vera,CZE
gpfra2017,1718,1,pairs,individual,4,Anthony LEROY,FRA
gpfra2017,1718,1,pairs,individual,5,BENSON Cynthia,CAN
gpfra2017,1718,1,pairs,individual,6,kozhemiakina olga,RUS
gpfra2017,1718,1,pairs,individual,7,Dan FANG,CHN
gpfra2017,1718,1,pairs,individual,8,CHIGOGIDZE Salome,GEO
gpfra2017,1718,1,pairs,individual,9,NUMANOVA Saodat,UZB
gpfra2017,1718,0,pairs,individual,1,Daniela TACCANI,ITA
gpfra2017,1718,0,pairs,individual,2,DELFA Daniel,ESP
gpfra2017,1718,0,pairs,individual,3,TAUCHMANOVA Vera,CZE
gpfra2017,1718,0,pairs,individual,4,Anthony LEROY,FRA
gpfra2017,1718,0,pairs,individual,5,BENSON Cynthia,CAN
gpfra2017,1718,0,pairs,individual,6,kozhemiakina olga,RUS
gpfra2017,1718,0,pairs,individual,7,Dan FANG,CHN
gpfra2017,1718,0,pairs,individual,8,CHIGOGIDZE Salome,GEO
gpfra2017,1718,0,pairs,individual,9,NUMANOVA Saodat,UZB
ec2019,1819,1,men,individual,1,jensen lise rosto,NOR
ec2019,1819,1,men,individual,2,Agnieszka SWIDERSKA,POL
ec2019,1819,1,men,individual,3,FIODOROVA Nadezhda,GEO
ec2019,1819,1,men,individual,4,Osman SIRVAN,TUR
ec2019,1819,1,men,individual,5,SANCHO Saioa,ESP
ec2019,1819,1,men,individual,6,BOHLING Pernilla,FIN
ec2019,1819,1,men,individual,7,Elizabeth LITTLER M.B.E.,GBR
ec2019,1819,1,men,individual,8,Irina MEDVEDEVA,UKR
ec2019,1819,1,men,individual,9,KULIK Zanna,EST
ec2019,1819,0,men,individual,1,Osman SIRVAN,TUR
ec2019,1819,0,men,individual,2,Agnieszka SWIDERSKA,POL
ec2019,1819,0,men,individual,3,KULIK Zanna,EST
ec2019,1819,0,men,individual,4,SANCHO Saioa,ESP
ec2019,1819,0,men,individual,5,BOHLING Pernilla,FIN
ec2019,1819,0,men,individual,6,HORKLOVA Marketa,CZE
ec2019,1819,0,men,individual,7,Igor OBRAZTSOV,RUS
ec2019,1819,0,men,individual,8,Irina MEDVEDEVA,UKR
ec2019,1819,0,men,individual,9,Gloria MORANDI,ITA
ec2019,1819,1,women,individual,1,ADOLFSEN Mona,NOR
ec2019,1819,1,women,individual,2,Amstrup LINNEMANN Lone,DEN
ec2019,1819,1,women,individual,3,KLIUSHNIKOV Yury,AZE
ec2019,1819,1,women,individual,4,Hermi OTTEMANN,NED
ec2019,1819,1,women,individual,5,YORDANOVA Zoia,BUL
ec2019,1819,1,women,individual,6,BABENKO Sviatoslav,RUS
ec2019,1819,1,women,individual,7,KRAUZIENE Laimute,LTU
ec2019,1819,1,women,individual,8,VIKARNE-HOMOLYA Zsuzsanna,HUN
ec2019,1819,1,women,individual,9,BOHUNICKA Lenka,SVK
ec2019,1819,0,women,individual,1,ALHONEN Pia,FIN
ec2019,1819,0,women,individual,2,ABELE Agita,LAT
ec2019,1819,0,women,individual,3,KLIUSHNIKOV Yury,AZE
ec2019,1819,0,women,individual,4,Kadi ZVIRIK,EST
ec2019,1819,0,women,individual,5,Amstrup LINNEMANN Lone,DEN
ec2019,1819,0,women,individual,6,KRAUZIENE Laimute,LTU
ec2019,1819,0,women,individual,7,BOHUNICKA Lenka,SVK
ec2019,1819,0,women,individual,8,BABENKO Sviatoslav,RUS
ec2019,1819,0,women,individual,9,Marta OLOZAGARRE,ESP
ec2019,1819,1,pairs,individual,1,Akos PETHES,HUN
ec2019,1819,1,pairs,individual,2,KOZHEMYAKINA Olga,RUS
ec2019,1819,1,pairs,individual,3,Anna KANTOR,ISR
ec2019,1819,1,pairs,individual,4,KRUGLOVA Natalia,UKR
ec2019,1819,1,pairs,individual,5,BAUDYSOVA Jana,CZE
ec2019,1819,1,pairs,individual,6,Bernhard JUST,AUT
ec2019,1819,1,pairs,individual,7,Hanna THEN,POL
ec2019,1819,1,pairs,individual,8,Kodrin Lovorka,CRO
ec2019,1819,1,pairs,individual,9,Anthony LEROY,FRA
ec2019,1819,0,pairs,individual,1,Anthony LEROY,FRA
ec2019,1819,0,pairs,individual,2,Breda MARINSEK,SLO
ec2019,1819,0,pairs,individual,3,Andreas WALDECK,GER
ec2019,1819,0,pairs,individual,4,Beatrice PFISTER,SUI
ec2019,1819,0,pairs,individual,5,Anna KANTOR,ISR
ec2019,1819,0,pairs,individual,6,Hanna THEN,POL
ec2019,1819,0,pairs,individual,7,Akos PETHES,HUN
ec2019,1819,0,pairs,individual,8,BUTTARELLI Marco,ITA
ec2019,1819,0,pairs,individual,9,KOZHEMYAKINA Olga,RUS
fc2019,1819,1,men,individual,1,AUXIER Samuel,USA
fc2019,1819,1,men,individual,2,Eddy WU,TWN
fc2019,1819,1,men,individual,3,Nadezhda PARETSKAIA,KAZ
fc2019,1819,1,men,individual,4,KOH Sung-Hee,KOR
fc2019,1819,1,men,individual,5,Ariadna MORONES NEGRETE,MEX
fc2019,1819,1,men,individual,6,Dan FANG,CHN
fc2019,1819,1,men,individual,7,BLATZ Susan,CAN
fc2019,1819,1,men,individual,8,MAEDA Mami,JPN
fc2019,1819,1,men,individual,9,Peter RANKIN,AUS
fc2019,1819,0,men,individual,1,KOH Sung-Hee,KOR
fc2019,1819,0,men,individual,2,MAEDA Mami,JPN
fc2019,1819,0,men,individual,3,Eddy WU,TWN
fc2019,1819,0,men,individual,4,Nadezhda PARETSKAIA,KAZ
fc2019,1819,0,men,individual,5,AUXIER Samuel,USA
fc2019,1819,0,men,individual,6,BLATZ Susan,CAN
fc2019,1819,0,men,individual,7,Ariadna MORONES NEGRETE,MEX
fc2019,1819,0,men,individual,8,Peter RANKIN,AUS
fc2019,1819,0,men,individual,9,Dan FANG,CHN
fc2019,1819,1,women,individual,1,Anny HOU,BEL
fc2019,1819,1,women,individual,2,CHEN Dan,HKG
fc2019,1819,1,women,individual,3,ANDREW Rebecca,AUS
fc2019,1819,1,women,individual,4,Nobuhiko YOSHIOKA,JPN
fc2019,1819,1,women,individual,5,WANG Yumin,CHN
fc2019,1819,1,women,individual,6,guskov yuriy,KAZ
fc2019,1819,1,women,individual,7,Jung LEE Sue,KOR
fc2019,1819,1,women,individual,8,CARON Leanna,CAN
fc2019,1819,1,women,individual,9,Kevin ROSENSTEIN,USA
fc2019,1819,0,women,individual,1,Kevin ROSENSTEIN,USA
fc2019,1819,0,women,individual,2,guskov yuriy,KAZ
fc2019,1819,0,women,individual,3,Jung LEE Sue,KOR
fc2019,1819,0,women,individual,4,Anny HOU,BEL
fc2019,1819,0,women,individual,5,CARON Leanna,CAN
fc2019,1819,0,women,individual,6,CHEN Dan,HKG
fc2019,1819,0,women,individual,7,Nobuhiko YOSHIOKA,JPN
fc2019,1819,0,women,individual,8,WANG Yumin,CHN
fc2019,1819,0,women,individual,9,ANDREW Rebecca,AUS
fc2019,1819,1,pairs,individual,1,KUBOTA Masako,JPN
fc2019,1819,1,pairs,individual,2,Hal MARRON,USA
fc2019,1819,1,pairs,individual,3,SHI Wei,CHN
fc2019,1819,1,pairs,individual,4,AHN Na Young,KOR
fc2019,1819,1,pairs,individual,5,NUMANOVA Saodat,UZB
fc2019,1819,1,pairs,individual,6,Ko-Man TING,TWN
fc2019,1819,1,pairs,individual,7,PETRICEVIC Susan,NZL
fc2019,1819,1,pairs,individual,8,DEY Lynne,CAN
fc2019,1819,0,pairs,individual,1,AHN Na Young,KOR
fc2019,1819,0,pairs,individual,2,NUMANOVA Saodat,UZB
fc2019,1819,0,pairs,individual,3,Hal MARRON,USA
fc2019,1819,0,pairs,individual,4,SHI Wei,CHN
fc2019,1819,0,pairs,individual,5,PETRICEVIC Susan,NZL
fc2019,1819,0,pairs,individual,6,Ko-Man TING,TWN
fc2019,1819,0,pairs,individual,7,DEY Lynne,CAN
fc2019,1819,0,pairs,individual,8,KUBOTA Masako,JPN
gpcan2018,1819,1,men,individual,1,Anna KANTOR,ISR
gpcan2018,1819,1,men,individual,2,ANDREW Rebecca,AUS
gpcan2018,1819,1,men,individual,3,Igor OBRAZTSOV,RUS
gpcan2018,1819,1,men,individual,4,FORTIN Glenn,CAN
gpcan2018,1819,1,men,individual,5,Asa NORDBACK,SWE
gpcan2018,1819,1,men,individual,6,an so young,KOR
gpcan2018,1819,1,men,individual,7,Shizuko UGAKI,JPN
gpcan2018,1819,1,men,individual,8,HOLLIDAY Taffy,USA
gpcan2018,1819,1,men,individual,9,Anthony LEROY,FRA
gpcan2018,1819,0,men,individual,1,Anna KANTOR,ISR
gpcan2018,1819,0,men,individual,2,ANDREW Rebecca,AUS
gpcan2018,1819,0,men,individual,3,Igor OBRAZTSOV,RUS
gpcan2018,1819,0,men,individual,4,FORTIN Glenn,CAN
gpcan2018,1819,0,men,individual,5,Asa NORDBACK,SWE
gpcan2018,1819,0,men,individual,6,an so young,KOR
gpcan2018,1819,0,men,individual,7,Shizuko UGAKI,JPN
gpcan2018,1819,0,men,individual,8,HOLLIDAY Taffy,USA
gpcan2018,1819,0,men,individual,9,Anthony LEROY,FRA
gpcan2018,1819,1,women,individual,1,Shizuko UGAKI,JPN
gpcan2018,1819,1,women,individual,2,Nadezhda PARETSKAIA,KAZ
gpcan2018,1819,1,women,individual,3,labunskaiya lolita,RUS
gpcan2018,1819,1,women,individual,4,Jeroen PRINS,NED
gpcan2018,1819,1,women,individual,5,an so young,KOR
gpcan2018,1819,1,women,individual,6,BUTTARELLI Marco,ITA
gpcan2018,1819,1,women,individual,7,HOLLIDAY Taffy,USA
gpcan2018,1819,1,women,individual,8,Deborah ISLAM,CAN
gpcan2018,1819,1,women,individual,9,David MUNOZ,ESP
gpcan2018,1819,0,women,individual,1,Shizuko UGAKI,JPN
gpcan2018,1819,0,women,individual,2,Nadezhda PARETSKAIA,KAZ
gpcan2018,1819,0,women,individual,3,labunskaiya lolita,RUS
gpcan2018,1819,0,women,individual,4,Jeroen PRINS,NED
gpcan2018,1819,0,women,individual,5,an so young,KOR
gpcan2018,1819,0,women,individual,6,BUTTARELLI Marco,ITA
gpcan2018,1819,0,women,individual,7,HOLLIDAY Taffy,USA
gpcan2018,1819,0,women,individual,8,Deborah ISLAM,CAN
gpcan2018,1819,0,women,individual,9,David MUNOZ,ESP
gpcan2018,1819,1,pairs,individual,1,Jeroen PRINS,NED
gpcan2018,1819,1,pairs,individual,2,Igor OBRAZTSOV,RUS
gpcan2018,1819,1,pairs,individual,3,SHI Wei,CHN
gpcan2018,1819,1,pairs,individual,4,ANDREW Rebecca,AUS
gpcan2018,1819,1,pairs,individual,5,Asa NORDBACK,SWE
gpcan2018,1819,1,pairs,individual,6,BUTTARELLI Marco,ITA
gpcan2018,1819,1,pairs,individual,7,GOSSELIN Veronique,CAN
gpcan2018,1819,1,pairs,individual,8,HOLLIDAY Taffy,USA
gpcan2018,1819,1,pairs,individual,9,Anthony LEROY,FRA
gpcan2018,1819,0,pairs,individual,1,Jeroen PRINS,NED
gpcan2018,1819,0,pairs,individual,2,Igor OBRAZTSOV,RUS
gpcan2018,1819,0,pairs,individual,3,SHI Wei,CHN
gpcan2018,1819,0,pairs,individual,4,ANDREW Rebecca,AUS
gpcan2018,1819,0,pairs,individual,5,Asa NORDBACK,SWE
gpcan2018,1819,0,pairs,individual,6,BUTTARELLI Marco,ITA
gpcan2018,1819,0,pairs,individual,7,GOSSELIN Veronique,CAN
gpcan2018,1819,0,pairs,individual,8,HOLLIDAY Taffy,USA
gpcan2018,1819,0,pairs,individual,9,Anthony LEROY,FRA
gpusa2018,1819,1,men,individual,1,KLEIN Patty,CAN
gpusa2018,1819,1,men,individual,2,SMIDOVA Stanislava,CZE
gpusa2018,1819,1,men,individual,3,Alexei BELETSKI,ISR
gpusa2018,1819,1,men,individual,4,BETSCH Francis,FRA
gpusa2018,1819,1,men,individual,5,ENZMANN Wendy,USA
gpusa2018,1819,1,men,individual,6,WANG Yu,CHN
gpusa2018,1819,1,men,individual,7,BENINI Franco,ITA
gpusa2018,1819,1,men,individual,8,ABASOVA Maira,RUS
gpusa2018,1819,1,men,individual,9,CHIGOGIDZE Salome,GEO
gpusa2018,1819,0,men,individual,1,KLEIN Patty,CAN
gpusa2018,1819,0,men,individual,2,SMIDOVA Stanislava,CZE
gpusa2018,1819,0,men,individual,3,Alexei BELETSKI,ISR
gpusa2018,1819,0,men,individual,4,BETSCH Francis,FRA
gpusa2018,1819,0,men,individual,5,ENZMANN Wendy,USA
gpusa2018,1819,0,men,individual,6,WANG Yu,CHN
gpusa2018,1819,0,men,individual,7,BENINI Franco,ITA
gpusa2018,1819,0,men,individual,8,ABASOVA Maira,RUS
gpusa2018,1819,0,men,individual,9,CHIGOGIDZE Salome,GEO
gpusa2018,1819,1,women,individual,1,KLEIN Patty,CAN
gpusa2018,1819,1,women,individual,2,Ayumi KOZUKA,JPN
gpusa2018,1819,1,women,individual,3,Chihee RHEE,KOR
gpusa2018,1819,1,women,individual,4,BABENKO Sviatoslav,RUS
gpusa2018,1819,1,women,individual,5,Anne G. SHEAN,USA
gpusa2018,1819,1,women,individual,6,BETSCH Francis,FRA
gpusa2018,1819,1,women,individual,7,BENINI Franco,ITA
gpusa2018,1819,1,women,individual,8,BALKOV Yury,UKR
gpusa2018,1819,1,women,individual,9,KIMMINUS Kerstin,GER
gpusa2018,1819,0,women,individual,1,KLEIN Patty,CAN
gpusa2018,1819,0,women,individual,2,Ayumi KOZUKA,JPN
gpusa2018,1819,0,women,individual,3,Chihee RHEE,KOR
gpusa2018,1819,0,women,individual,4,BABENKO Sviatoslav,RUS
gpusa2018,1819,0,women,individual,5,Anne G. SHEAN,USA
gpusa2018,1819,0,women,individual,6,BETSCH Francis,FRA
gpusa2018,1819,0,women,individual,7,BENINI Franco,ITA
gpusa2018,1819,0,women,individual,8,BALKOV Yury,UKR
gpusa2018,1819,0,women,individual,9,KIMMINUS Kerstin,GER
gpusa2018,1819,1,pairs,individual,1,CHIGOGIDZE Salome,GEO
gpusa2018,1819,1,pairs,individual,2,BABENKO Sviatoslav,RUS
gpusa2018,1819,1,pairs,individual,3,KIMMINUS Kerstin,GER
gpusa2018,1819,1,pairs,individual,4,WANG Yu,CHN
gpusa2018,1819,1,pairs,individual,5,Ayumi KOZUKA,JPN
gpusa2018,1819,1,pairs,individual,6,SMIDOVA Stanislava,CZE
gpusa2018,1819,1,pairs,individual,7,Malgorzata SOBKOW,POL
gpusa2018,1819,1,pairs,individual,8,Hal MARRON,USA
gpusa2018,1819,1,pairs,individual,9,BENINI Franco,ITA
gpusa2018,1819,0,pairs,individual,1,CHIGOGIDZE Salome,GEO
gpusa2018,1819,0,pairs,individual,2,BABENKO Sviatoslav,RUS
gpusa2018,1819,0,pairs,individual,3,KIMMINUS Kerstin,GER
gpusa2018,1819,0,pairs,individual,4,WANG Yu,CHN
gpusa2018,1819,0,pairs,individual,5,Ayumi KOZUKA,JPN
gpusa2018,1819,0,pairs,individual,6,SMIDOVA Stanislava,CZE
gpusa2018,1819,0,pairs,individual,7,Malgorzata SOBKOW,POL
gpusa2018,1819,0,pairs,individual,8,Hal MARRON,USA
gpusa2018,1819,0,pairs,individual,9,BENINI Franco,ITA
gpfra2018,1819,1,men,individual,1,ABELE Agita,LAT
gpfra2018,1819,1,men,individual,2,FAWCETT Reaghan,CAN
gpfra2018,1819,1,men,individual,3,ABASOVA Maira,RUS
gpfra2018,1819,1,men,individual,4,Bing HAN,CHN
gpfra2018,1819,1,men,individual,5,AZUMA Etsuko,JPN
gpfra2018,1819,1,men,individual,6,Kevin ROSENSTEIN,USA
gpfra2018,1819,1,men,individual,7,Marta OLOZAGARRE,ESP
gpfra2018,1819,1,men,individual,8,MERIGUET Philippe,FRA
gpfra2018,1819,1,men,individual,9,Anna KANTOR,ISR
gpfra2018,1819,0,men,individual,1,ABELE Agita,LAT
gpfra2018,1819,0,men,individual,2,FAWCETT Reaghan,CAN
gpfra2018,1819,0,men,individual,3,ABASOVA Maira,RUS
gpfra2018,1819,0,men,individual,4,Bing HAN,CHN
gpfra2018,1819,0,men,individual,5,AZUMA Etsuko,JPN
gpfra2018,1819,0,men,individual,6,Kevin ROSENSTEIN,USA
gpfra2018,1819,0,men,individual,7,Marta OLOZAGARRE,ESP
gpfra2018,1819,0,men,individual,8,MERIGUET Philippe,FRA
gpfra2018,1819,0,men,individual,9,Anna KANTOR,ISR
gpfra2018,1819,1,women,individual,1,MORANDI Tiziana,ITA
gpfra2018,1819,1,women,individual,2,FAIG Ulla,GER
gpfra2018,1819,1,women,individual,3,AZUMA Etsuko,JPN
gpfra2018,1819,1,women,individual,4,Kevin ROSENSTEIN,USA
gpfra2018,1819,1,women,individual,5,HUNTER Janice,CAN
gpfra2018,1819,1,women,individual,6,HOUWING Kristina,SWE
gpfra2018,1819,1,women,individual,7,ATKOCIUNIENE Zivile,LTU
gpfra2018,1819,1,women,individual,8,Elisabeth LOUESDON,FRA
gpfra2018,1819,1,women,individual,9,KOZHEMYAKINA Olga,RUS
gpfra2018,1819,0,women,individual,1,MORANDI Tiziana,ITA
gpfra2018,1819,0,women,individual,2,FAIG Ulla,GER
gpfra2018,1819,0,women,individual,3,AZUMA Etsuko,JPN
gpfra2018,1819,0,women,individual,4,Kevin ROSENSTEIN,USA
gpfra2018,1819,0,women,individual,5,HUNTER Janice,CAN
gpfra2018,1819,0,women,individual,6,HOUWING Kristina,SWE
gpfra2018,1819,0,women,individual,7,ATKOCIUNIENE Zivile,LTU
gpfra2018,1819,0,women,individual,8,Elisabeth LOUESDON,FRA
gpfra2018,1819,0,women,individual,9,KOZHEMYAKINA Olga,RUS
gpfra2018,1819,1,pairs,individual,1,ABELE Agita,LAT
gpfra2018,1819,1,pairs,individual,2,FAWCETT Reaghan,CAN
gpfra2018,1819,1,pairs,individual,3,KOZHEMYAKINA Olga,RUS
gpfra2018,1819,1,pairs,individual,4,Bing HAN,CHN
gpfra2018,1819,1,pairs,individual,5,Kevin ROSENSTEIN,USA
gpfra2018,1819,1,pairs,individual,6,Florence VUYLSTEKER,FRA
gpfra2018,1819,1,pairs,individual,7,HOUWING Kristina,SWE
gpfra2018,1819,1,pairs,individual,8,MORANDI Tiziana,ITA
gpfra2018,1819,1,pairs,individual,9,ATKOCIUNIENE Zivile,LTU
gpfra2018,1819,0,pairs,individual,1,ABELE Agita,LAT
gpfra2018,1819,0,pairs,individual,2,FAWCETT Reaghan,CAN
gpfra2018,1819,0,pairs,individual,3,KOZHEMYAKINA Olga,RUS
gpfra2018,1819,0,pairs,individual,4,Bing HAN,CHN
gpfra2018,1819,0,pairs,individual,5,Kevin ROSENSTEIN,USA
gpfra2018,1819,0,pairs,individual,6,Florence VUYLSTEKER,FRA
gpfra2018,1819,0,pairs,individual,7,HOUWING Kristina,SWE
gpfra2018,1819,0,pairs,individual,8,MORANDI Tiziana,ITA
gpfra2018,1819,0,pairs,individual,9,ATKOCIUNIENE Zivile,LTU
gpf1819,1819,1,men,individual,1,Jung LEE Sue,KOR
gpf1819,1819,1,men,individual,2,BAUDYSOVA Jana,CZE
gpf1819,1819,1,men,individual,3,Florence VUYLSTEKER,FRA
gpf1819,1819,1,men,individual,4,Doug WILLIAMS,USA
gpf1819,1819,1,men,individual,5,HOWARD Karen,CAN
gpf1819,1819,1,men,individual,6,KUBOTA Masako,JPN
gpf1819,1819,1,men,individual,7,KOSONEN Merja,FIN
gpf1819,1819,1,men,individual,8,LOCATELLI Raffaella,ITA
gpf1819,1819,1,men,individual,9,KOZHEMYAKINA Olga,RUS
gpf1819,1819,0,men,individual,1,Jung LEE Sue,KOR
gpf1819,1819,0,men,individual,2,BAUDYSOVA Jana,CZE
gpf1819,1819,0,men,individual,3,Florence VUYLSTEKER,FRA
gpf1819,1819,0,men,individual,4,Doug WILLIAMS,USA
gpf1819,1819,0,men,individual,5,HOWARD Karen,CAN
gpf1819,1819,0,men,individual,6,KUBOTA Masako,JPN
gpf1819,1819,0,men,individual,7,KOSONEN Merja,FIN
gpf1819,1819,0,men,individual,8,LOCATELLI Raffaella,ITA
gpf1819,1819,0,men,individual,9,KOZHEMYAKINA Olga,RUS
gpf1819,1819,1,women,individual,1,Kristina LUNDGREN,USA
gpf1819,1819,1,women,individual,2,SHI Wei,CHN
gpf1819,1819,1,women,individual,3,CHIGOGIDZE Salome,GEO
gpf1819,1819,1,women,individual,4,FUKUDOME Tomie,JPN
gpf1819,1819,1,women,individual,5,Jean SENFT,CAN
gpf1819,1819,1,women,individual,6,Jung LEE Sue,KOR
gpf1819,1819,1,women,individual,7,Marta OLOZAGARRE,ESP
gpf1819,1819,1,women,individual,8,ANDREEVA Julia,RUS
gpf1819,1819,1,women,individual,9,LESKINEN Pekka,FIN
gpf1819,1819,0,women,individual,1,Kristina LUNDGREN,USA
gpf1819,1819,0,women,individual,2,SHI Wei,CHN
gpf1819,1819,0,women,individual,3,CHIGOGIDZE Salome,GEO
gpf1819,1819,0,women,individual,4,FUKUDOME Tomie,JPN
gpf1819,1819,0,women,individual,5,Jean SENFT,CAN
gpf1819,1819,0,women,individual,6,Jung LEE Sue,KOR
gpf1819,1819,0,women,individual,7,Marta OLOZAGARRE,ESP
gpf1819,1819,0,women,individual,8,ANDREEVA Julia,RUS
gpf1819,1819,0,women,individual,9,LESKINEN Pekka,FIN
gpf1819,1819,1,pairs,individual,1,BAUDYSOVA Jana,CZE
gpf1819,1819,1,pairs,individual,2,KOZHEMYAKINA Olga,RUS
gpf1819,1819,1,pairs,individual,3,LESKINEN Pekka,FIN
gpf1819,1819,1,pairs,individual,4,SHI Wei,CHN
gpf1819,1819,1,pairs,individual,5,KUBOTA Masako,JPN
gpf1819,1819,1,pairs,individual,6,LOCATELLI Raffaella,ITA
gpf1819,1819,1,pairs,individual,7,Andrea DERBY,CAN
gpf1819,1819,1,pairs,individual,8,Kristina LUNDGREN,USA
gpf1819,1819,1,pairs,individual,9,Florence VUYLSTEKER,FRA
gpf1819,1819,0,pairs,individual,1,BAUDYSOVA Jana,CZE
gpf1819,1819,0,pairs,individual,2,KOZHEMYAKINA Olga,RUS
gpf1819,1819,0,pairs,individual,3,LESKINEN Pekka,FIN
gpf1819,1819,0,pairs,individual,4,SHI Wei,CHN
gpf1819,1819,0,pairs,individual,5,KUBOTA Masako,JPN
gpf1819,1819,0,pairs,individual,6,LOCATELLI Raffaella,ITA
gpf1819,1819,0,pairs,individual,7,Andrea DERBY,CAN
gpf1819,1819,0,pairs,individual,8,Kristina LUNDGREN,USA
gpf1819,1819,0,pairs,individual,9,Florence VUYLSTEKER,FRA
gpf1819,1819,1,men,junior,1,HOWARD Karen,CAN
gpf1819,1819,1,men,junior,2,KOZHEMYAKINA Olga,RUS
gpf1819,1819,1,men,junior,3,LESKINEN Pekka,FIN
gpf1819,1819,1,men,junior,4,Doug WILLIAMS,USA
gpf1819,1819,1,men,junior,5,KUBOTA Masako,JPN
gpf1819,1819,1,men,junior,6,Florence VUYLSTEKER,FRA
gpf1819,1819,1,men,junior,7,LOCATELLI Raffaella,ITA
gpf1819,1819,1,men,junior,8,BAUDYSOVA Jana,CZE
gpf1819,1819,1,men,junior,9,Jung LEE Sue,KOR
gpf1819,1819,0,men,junior,1,HOWARD Karen,CAN
gpf1819,1819,0,men,junior,2,KOZHEMYAKINA Olga,RUS
gpf1819,1819,0,men,junior,3,LESKINEN Pekka,FIN
gpf1819,1819,0,men,junior,4,Doug WILLIAMS,USA
gpf1819,1819,0,men,junior,5,KUBOTA Masako,JPN
gpf1819,1819,0,men,junior,6,Florence VUYLSTEKER,FRA
gpf1819,1819,0,men,junior,7,LOCATELLI Raffaella,ITA
gpf1819,1819,0,men,junior,8,BAUDYSOVA Jana,CZE
gpf1819,1819,0,men,junior,9,Jung LEE Sue,KOR
gpf1819,1819,1,women,junior,1,CHIGOGIDZE Salome,GEO
gpf1819,1819,1,women,junior,2,Doug WILLIAMS,USA
gpf1819,1819,1,women,junior,3,Marta OLOZAGARRE,ESP
gpf1819,1819,1,women,junior,4,KOSONEN Merja,FIN
gpf1819,1819,1,women,junior,5,FUKUDOME Tomie,JPN
gpf1819,1819,1,women,junior,6,ANDREEVA Julia,RUS
gpf1819,1819,1,women,junior,7,Jung LEE Sue,KOR
gpf1819,1819,1,women,junior,8,SHI Wei,CHN
gpf1819,1819,1,women,junior,9,Jean SENFT,CAN
gpf1819,1819,0,women,junior,1,CHIGOGIDZE Salome,GEO
gpf1819,1819,0,women,junior,2,Doug WILLIAMS,USA
gpf1819,1819,0,women,junior,3,Marta OLOZAGARRE,ESP
gpf1819,1819,0,women,junior,4,KOSONEN Merja,FIN
gpf1819,1819,0,women,junior,5,FUKUDOME Tomie,JPN
gpf1819,1819,0,women,junior,6,ANDREEVA Julia,RUS
gpf1819,1819,0,women,junior,7,Jung LEE Sue,KOR
gpf1819,1819,0,women,junior,8,SHI Wei,CHN
gpf1819,1819,0,women,junior,9,Jean SENFT,CAN
gpf1819,1819,1,pairs,junior,1,KUBOTA Masako,JPN
gpf1819,1819,1,pairs,junior,2,KOZHEMYAKINA Olga,RUS
gpf1819,1819,1,pairs,junior,3,Andrea DERBY,CAN
gpf1819,1819,1,pairs,junior,4,Kristina LUNDGREN,USA
gpf1819,1819,1,pairs,junior,5,LOCATELLI Raffaella,ITA
gpf1819,1819,1,pairs,junior,6,Florence VUYLSTEKER,FRA
gpf1819,1819,1,pairs,junior,7,BAUDYSOVA Jana,CZE
gpf1819,1819,1,pairs,junior,8,SHI Wei,CHN
gpf1819,1819,1,pairs,junior,9,KOSONEN Merja,FIN
gpf1819,1819,0,pairs,junior,1,KUBOTA Masako,JPN
gpf1819,1819,0,pairs,junior,2,KOZHEMYAKINA Olga,RUS
gpf1819,1819,0,pairs,junior,3,Andrea DERBY,CAN
gpf1819,1819,0,pairs,junior,4,Kristina LUNDGREN,USA
gpf1819,1819,0,pairs,junior,5,LOCATELLI Raffaella,ITA
gpf1819,1819,0,pairs,junior,6,Florence VUYLSTEKER,FRA
gpf1819,1819,0,pairs,junior,7,BAUDYSOVA Jana,CZE
gpf1819,1819,0,pairs,junior,8,SHI Wei,CHN
gpf1819,1819,0,pairs,junior,9,KOSONEN Merja,FIN
ec2020,1920,1,men,individual,1,CHIGOGIDZE Salome,GEO
ec2020,1920,1,men,individual,2,ANILDI Ebru,TUR
ec2020,1920,1,men,individual,3,jensen lise rosto,NOR
ec2020,1920,1,men,individual,4,ABELE Agita,LAT
ec2020,1920,1,men,individual,5,KRUGLOVA Natalia,UKR
ec2020,1920,1,men,individual,6,Kvetoslava MATEJOVA,SVK
ec2020,1920,1,men,individual,7,Marta OLOZAGARRE,ESP
ec2020,1920,1,men,individual,8,Anthony LEROY,FRA
ec2020,1920,1,men,individual,9,Carmen LAUN,GER
ec2020,1920,0,men,individual,1,KRUGLOVA Natalia,UKR
ec2020,1920,0,men,individual,2,Eva SZILAGYI,HUN
ec2020,1920,0,men,individual,3,jensen lise rosto,NOR
ec2020,1920,0,men,individual,4,Marta OLOZAGARRE,ESP
ec2020,1920,0,men,individual,5,Carmen LAUN,GER
ec2020,1920,0,men,individual,6,Agnieszka SWIDERSKA,POL
ec2020,1920,0,men,individual,7,Kvetoslava MATEJOVA,SVK
ec2020,1920,0,men,individual,8,Kadi ZVIRIK,EST
ec2020,1920,0,men,individual,9,CHIGOGIDZE Salome,GEO
ec2020,1920,1,women,individual,1,VIKARNE-HOMOLYA Zsuzsanna,HUN
ec2020,1920,1,women,individual,2,Margo PAUW,NED
ec2020,1920,1,women,individual,3,Allan BOEHM,SVK
ec2020,1920,1,women,individual,4,BESCHEA Marina,ROU
ec2020,1920,1,women,individual,5,Natasa SKOK,SLO
ec2020,1920,1,women,individual,6,FEDCHENKO Igor,UKR
ec2020,1920,1,women,individual,7,VERRUE Veronique,FRA
ec2020,1920,1,women,individual,8,Magdalena RUSIECKA,POL
ec2020,1920,1,women,individual,9,GROF Katarina MITROVIC,SRB
ec2020,1920,0,women,individual,1,DAVIDSSON Laila,SWE
ec2020,1920,0,women,individual,2,BESCHEA Marina,ROU
ec2020,1920,0,women,individual,3,VIKARNE-HOMOLYA Zsuzsanna,HUN
ec2020,1920,0,women,individual,4,HEUSINGER Katharina,GER
ec2020,1920,0,women,individual,5,BLANC Christine,SUI
ec2020,1920,0,women,individual,6,KLIUSHNIKOV Yury,AZE
ec2020,1920,0,women,individual,7,Allan BOEHM,SVK
ec2020,1920,0,women,individual,8,Natasa SKOK,SLO
ec2020,1920,0,women,individual,9,Margo PAUW,NED
ec2020,1920,1,pairs,individual,1,CEROVAC Josip,CRO
ec2020,1920,1,pairs,individual,2,Lone VILLEFRANCE,DEN
ec2020,1920,1,pairs,individual,3,Florence VUYLSTEKER,FRA
ec2020,1920,1,pairs,individual,4,Kari-Anne OLSEN,NOR
ec2020,1920,1,pairs,individual,5,SANCHO Saioa,ESP
ec2020,1920,1,pairs,individual,6,BRAMBATI Claudia,ITA
ec2020,1920,1,pairs,individual,7,KIMMINUS Kerstin,GER
ec2020,1920,1,pairs,individual,8,POPOVA Vessela,BUL
ec2020,1920,1,pairs,individual,9,GERWEN-MAAS Nicole VAN,NED
ec2020,1920,0,pairs,individual,1,BRAMBATI Claudia,ITA
ec2020,1920,0,pairs,individual,2,Florence VUYLSTEKER,FRA
ec2020,1920,0,pairs,individual,3,BINZ-MOSER Prisca,SUI
ec2020,1920,0,pairs,individual,4,KOZHEMYAKINA Olga,RUS
ec2020,1920,0,pairs,individual,5,ARCHER Karen,GBR
ec2020,1920,0,pairs,individual,6,SANCHO Saioa,ESP
ec2020,1920,0,pairs,individual,7,POPOVA Vessela,BUL
ec2020,1920,0,pairs,individual,8,Kari-Anne OLSEN,NOR
ec2020,1920,0,pairs,individual,9,Adrienn SCHADENBAUER,AUT
fc2020,1920,1,men,individual,1,GOSSELIN Veronique,CAN
fc2020,1920,1,men,individual,2,martinez sasha,MEX
fc2020,1920,1,men,individual,3,GLENN Roger,USA
fc2020,1920,1,men,individual,4,AHN Na Young,KOR
fc2020,1920,1,men,individual,5,DU Evelyn Katherine PREEZ,AUS
fc2020,1920,1,men,individual,6,Nadezhda PARETSKAIA,KAZ
fc2020,1920,1,men,individual,7,Claire SHEPHERD,GBR
fc2020,1920,1,men,individual,8,Hailan JIANG,CHN
fc2020,1920,1,men,individual,9,Sakae YAMAMOTO,JPN
fc2020,1920,0,men,individual,1,AHN Na Young,KOR
fc2020,1920,0,men,individual,2,Nadezhda PARETSKAIA,KAZ
fc2020,1920,0,men,individual,3,DU Evelyn Katherine PREEZ,AUS
fc2020,1920,0,men,individual,4,martinez sasha,MEX
fc2020,1920,0,men,individual,5,Claire SHEPHERD,GBR
fc2020,1920,0,men,individual,6,GLENN Roger,USA
fc2020,1920,0,men,individual,7,Sakae YAMAMOTO,JPN
fc2020,1920,0,men,individual,8,Hailan JIANG,CHN
fc2020,1920,0,men,individual,9,GOSSELIN Veronique,CAN
fc2020,1920,1,women,individual,1,KOH Sung-Hee,KOR
fc2020,1920,1,women,individual,2,Angelique CLYDE-SMITH,AUS
fc2020,1920,1,women,individual,3,BROMLEY Todd,USA
fc2020,1920,1,women,individual,4,Ayumi KOZUKA,JPN
fc2020,1920,1,women,individual,5,Ko-Man TING,TWN
fc2020,1920,1,women,individual,6,Ariadna MORONES NEGRETE,MEX
fc2020,1920,1,women,individual,7,WANG Yu,CHN
fc2020,1920,1,women,individual,8,guskov yuriy,KAZ
fc2020,1920,0,women,individual,1,BROMLEY Todd,USA
fc2020,1920,0,women,individual,2,WANG Yu,CHN
fc2020,1920,0,women,individual,3,Ko-Man TING,TWN
fc2020,1920,0,women,individual,4,KOH Sung-Hee,KOR
fc2020,1920,0,women,individual,5,Angelique CLYDE-SMITH,AUS
fc2020,1920,0,women,individual,6,Ariadna MORONES NEGRETE,MEX
fc2020,1920,0,women,individual,7,Ayumi KOZUKA,JPN
fc2020,1920,0,women,individual,8,guskov yuriy,KAZ
fc2020,1920,1,pairs,individual,1,Dan FANG,CHN
fc2020,1920,1,pairs,individual,2,CURRIE Deborah,USA
fc2020,1920,1,pairs,individual,3,DEY Lynne,CAN
fc2020,1920,1,pairs,individual,4,Shizuko UGAKI,JPN
fc2020,1920,1,pairs,individual,5,ABELE Agita,LAT
fc2020,1920,1,pairs,individual,6,Joanna MILLER,AUS
fc2020,1920,1,pairs,individual,7,GARRARD Neil,RSA
fc2020,1920,1,pairs,individual,8,an so young,KOR
fc2020,1920,1,pairs,individual,9,NUMANOVA Saodat,UZB
fc2020,1920,0,pairs,individual,1,Dan FANG,CHN
fc2020,1920,0,pairs,individual,2,DEY Lynne,CAN
fc2020,1920,0,pairs,individual,3,CURRIE Deborah,USA
fc2020,1920,0,pairs,individual,4,Shizuko UGAKI,JPN
fc2020,1920,0,pairs,individual,5,Joanna MILLER,AUS
fc2020,1920,0,pairs,individual,6,GARRARD Neil,RSA
fc2020,1920,0,pairs,individual,7,NUMANOVA Saodat,UZB
fc2020,1920,0,pairs,individual,8,ABELE Agita,LAT
fc2020,1920,0,pairs,individual,9,an so young,KOR
gpcan2019,1920,1,men,individual,1,DEY Lynne,CAN
gpcan2019,1920,1,men,individual,2,LOCATELLI Raffaella,ITA
gpcan2019,1920,1,men,individual,3,David MUNOZ,ESP
gpcan2019,1920,1,men,individual,4,JELINEK Lisa,AUS
gpcan2019,1920,1,men,individual,5,mathewson schmid stefanie,USA
gpcan2019,1920,1,men,individual,6,gribonosova-grebneva maria,RUS
gpcan2019,1920,1,men,individual,7,Anja RIST,GER
gpcan2019,1920,1,men,individual,8,Sakae YAMAMOTO,JPN
gpcan2019,1920,1,men,individual,9,ABELE Agita,LAT
gpcan2019,1920,0,men,individual,1,DEY Lynne,CAN
gpcan2019,1920,0,men,individual,2,LOCATELLI Raffaella,ITA
gpcan2019,1920,0,men,individual,3,David MUNOZ,ESP
gpcan2019,1920,0,men,individual,4,JELINEK Lisa,AUS
gpcan2019,1920,0,men,individual,5,mathewson schmid stefanie,USA
gpcan2019,1920,0,men,individual,6,gribonosova-grebneva maria,RUS
gpcan2019,1920,0,men,individual,7,Anja RIST,GER
gpcan2019,1920,0,men,individual,8,Sakae YAMAMOTO,JPN
gpcan2019,1920,0,men,individual,9,ABELE Agita,LAT
gpcan2019,1920,1,women,individual,1,ABELE Agita,LAT
gpcan2019,1920,1,women,individual,2,Elena FOMINA,RUS
gpcan2019,1920,1,women,individual,3,WANG Yu,CHN
gpcan2019,1920,1,women,individual,4,Christiane MILES,SUI
gpcan2019,1920,1,women,individual,5,CHISLETT Pamela,CAN
gpcan2019,1920,1,women,individual,6,DAVIDSSON Laila,SWE
gpcan2019,1920,1,women,individual,7,mathewson schmid stefanie,USA
gpcan2019,1920,1,women,individual,8,Sakae YAMAMOTO,JPN
gpcan2019,1920,1,women,individual,9,LEE Ri Tae,KOR
gpcan2019,1920,0,women,individual,1,ABELE Agita,LAT
gpcan2019,1920,0,women,individual,2,Elena FOMINA,RUS
gpcan2019,1920,0,women,individual,3,WANG Yu,CHN
gpcan2019,1920,0,women,individual,4,Christiane MILES,SUI
gpcan2019,1920,0,women,individual,5,CHISLETT Pamela,CAN
gpcan2019,1920,0,women,individual,6,DAVIDSSON Laila,SWE
gpcan2019,1920,0,women,individual,7,mathewson schmid stefanie,USA
gpcan2019,1920,0,women,individual,8,Sakae YAMAMOTO,JPN
gpcan2019,1920,0,women,individual,9,LEE Ri Tae,KOR
gpcan2019,1920,1,pairs,individual,1,WANG Yu,CHN
gpcan2019,1920,1,pairs,individual,2,DAVIDSSON Laila,SWE
gpcan2019,1920,1,pairs,individual,3,Anja RIST,GER
gpcan2019,1920,1,pairs,individual,4,LEE Ri Tae,KOR
gpcan2019,1920,1,pairs,individual,5,JELINEK Lisa,AUS
gpcan2019,1920,1,pairs,individual,6,HOWARD Karen,CAN
gpcan2019,1920,1,pairs,individual,7,Elena FOMINA,RUS
gpcan2019,1920,1,pairs,individual,8,mathewson schmid stefanie,USA
gpcan2019,1920,1,pairs,individual,9,LOCATELLI Raffaella,ITA
gpcan2019,1920,0,pairs,individual,1,WANG Yu,CHN
gpcan2019,1920,0,pairs,individual,2,DAVIDSSON Laila,SWE
gpcan2019,1920,0,pairs,individual,3,Anja RIST,GER
gpcan2019,1920,0,pairs,individual,4,LEE Ri Tae,KOR
gpcan2019,1920,0,pairs,individual,5,JELINEK Lisa,AUS
gpcan2019,1920,0,pairs,individual,6,HOWARD Karen,CAN
gpcan2019,1920,0,pairs,individual,7,Elena FOMINA,RUS
gpcan2019,1920,0,pairs,individual,8,mathewson schmid stefanie,USA
gpcan2019,1920,0,pairs,individual,9,LOCATELLI Raffaella,ITA
gpusa2019,1920,1,men,individual,1,HORKLOVA Marketa,CZE
gpusa2019,1920,1,men,individual,2,Jia YAO,CHN
gpusa2019,1920,1,men,individual,3,DOLGUSHIN Igor,RUS
gpusa2019,1920,1,men,individual,4,Kristina LUNDGREN,USA
gpusa2019,1920,1,men,individual,5,Akiko KOBAYASHI,JPN
gpusa2019,1920,1,men,individual,6,Albert ZAYDMAN,ISR
gpusa2019,1920,1,men,individual,7,CHOI Jung Yoon,KOR
gpusa2019,1920,1,men,individual,8,Jerome POULIN,CAN
gpusa2019,1920,1,men,individual,9,BETSCH Francis,FRA
gpusa2019,1920,0,men,individual,1,HORKLOVA Marketa,CZE
gpusa2019,1920,0,men,individual,2,Jia YAO,CHN
gpusa2019,1920,0,men,individual,3,DOLGUSHIN Igor,RUS
gpusa2019,1920,0,men,individual,4,Kristina LUNDGREN,USA
gpusa2019,1920,0,men,individual,5,Akiko KOBAYASHI,JPN
gpusa2019,1920,0,men,individual,6,Albert ZAYDMAN,ISR
gpusa2019,1920,0,men,individual,7,CHOI Jung Yoon,KOR
gpusa2019,1920,0,men,individual,8,Jerome POULIN,CAN
gpusa2019,1920,0,men,individual,9,BETSCH Francis,FRA
gpusa2019,1920,1,women,individual,1,SHI Wei,CHN
gpusa2019,1920,1,women,individual,2,ANDREEVA Julia,RUS
gpusa2019,1920,1,women,individual,3,CONACHER Ron,CAN
gpusa2019,1920,1,women,individual,4,Catherine L. TAYLOR,AUS
gpusa2019,1920,1,women,individual,5,guskov yuriy,KAZ
gpusa2019,1920,1,women,individual,6,Marta OLOZAGARRE,ESP
gpusa2019,1920,1,women,individual,7,CHOI Jung Yoon,KOR
gpusa2019,1920,1,women,individual,8,Kevin ROSENSTEIN,USA
gpusa2019,1920,1,women,individual,9,Akiko KOBAYASHI,JPN
gpusa2019,1920,0,women,individual,1,SHI Wei,CHN
gpusa2019,1920,0,women,individual,2,ANDREEVA Julia,RUS
gpusa2019,1920,0,women,individual,3,CONACHER Ron,CAN
gpusa2019,1920,0,women,individual,4,Catherine L. TAYLOR,AUS
gpusa2019,1920,0,women,individual,5,guskov yuriy,KAZ
gpusa2019,1920,0,women,individual,6,Marta OLOZAGARRE,ESP
gpusa2019,1920,0,women,individual,7,CHOI Jung Yoon,KOR
gpusa2019,1920,0,women,individual,8,Kevin ROSENSTEIN,USA
gpusa2019,1920,0,women,individual,9,Akiko KOBAYASHI,JPN
gpusa2019,1920,1,pairs,individual,1,LEVSHUNOVA Yulia,GEO
gpusa2019,1920,1,pairs,individual,2,Catherine L. TAYLOR,AUS
gpusa2019,1920,1,pairs,individual,3,SHI Wei,CHN
gpusa2019,1920,1,pairs,individual,4,guskov yuriy,KAZ
gpusa2019,1920,1,pairs,individual,5,BETSCH Francis,FRA
gpusa2019,1920,1,pairs,individual,6,Jerome POULIN,CAN
gpusa2019,1920,1,pairs,individual,7,CUTONE Kathaleen,USA
gpusa2019,1920,1,pairs,individual,8,DOLGUSHIN Igor,RUS
gpusa2019,1920,1,pairs,individual,9,HORKLOVA Marketa,CZE
gpusa2019,1920,0,pairs,individual,1,LEVSHUNOVA Yulia,GEO
gpusa2019,1920,0,pairs,individual,2,Catherine L. TAYLOR,AUS
gpusa2019,1920,0,pairs,individual,3,SHI Wei,CHN
gpusa2019,1920,0,pairs,individual,4,guskov yuriy,KAZ
gpusa2019,1920,0,pairs,individual,5,BETSCH Francis,FRA
gpusa2019,1920,0,pairs,individual,6,Jerome POULIN,CAN
gpusa2019,1920,0,pairs,individual,7,CUTONE Kathaleen,USA
gpusa2019,1920,0,pairs,individual,8,DOLGUSHIN Igor,RUS
gpusa2019,1920,0,pairs,individual,9,HORKLOVA Marketa,CZE
gpfra2019,1920,1,men,individual,1,CHIGOGIDZE Salome,GEO
gpfra2019,1920,1,men,individual,2,DECK Deveny,USA
gpfra2019,1920,1,men,individual,3,Natasa SKOK,SLO
gpfra2019,1920,1,men,individual,4,HUNTER Janice,CAN
gpfra2019,1920,1,men,individual,5,KIMMINUS Kerstin,GER
gpfra2019,1920,1,men,individual,6,MERIGUET Philippe,FRA
gpfra2019,1920,1,men,individual,7,Alexei BELETSKI,ISR
gpfra2019,1920,1,men,individual,8,KOZHEMYAKINA Olga,RUS
gpfra2019,1920,1,men,individual,9,Nobuhiko YOSHIOKA,JPN
gpfra2019,1920,0,men,individual,1,CHIGOGIDZE Salome,GEO
gpfra2019,1920,0,men,individual,2,DECK Deveny,USA
gpfra2019,1920,0,men,individual,3,Natasa SKOK,SLO
gpfra2019,1920,0,men,individual,4,HUNTER Janice,CAN
gpfra2019,1920,0,men,individual,5,KIMMINUS Kerstin,GER
gpfra2019,1920,0,men,individual,6,MERIGUET Philippe,FRA
gpfra2019,1920,0,men,individual,7,Alexei BELETSKI,ISR
gpfra2019,1920,0,men,individual,8,KOZHEMYAKINA Olga,RUS
gpfra2019,1920,0,men,individual,9,Nobuhiko YOSHIOKA,JPN
gpfra2019,1920,1,women,individual,1,EHRHARDT Karin,AUT
gpfra2019,1920,1,women,individual,2,Nobuhiko YOSHIOKA,JPN
gpfra2019,1920,1,women,individual,3,Claudia FASSORA,SUI
gpfra2019,1920,1,women,individual,4,DECK Deveny,USA
gpfra2019,1920,1,women,individual,5,KOZHEMYAKINA Olga,RUS
gpfra2019,1920,1,women,individual,6,CUCUPHAT Helene,FRA
gpfra2019,1920,1,women,individual,7,Alexei BELETSKI,ISR
gpfra2019,1920,1,women,individual,8,Malgorzata SOBKOW,POL
gpfra2019,1920,1,women,individual,9,DE Francoise RAPPARD,BEL
gpfra2019,1920,0,women,individual,1,EHRHARDT Karin,AUT
gpfra2019,1920,0,women,individual,2,Nobuhiko YOSHIOKA,JPN
gpfra2019,1920,0,women,individual,3,Claudia FASSORA,SUI
gpfra2019,1920,0,women,individual,4,DECK Deveny,USA
gpfra2019,1920,0,women,individual,5,KOZHEMYAKINA Olga,RUS
gpfra2019,1920,0,women,individual,6,CUCUPHAT Helene,FRA
gpfra2019,1920,0,women,individual,7,Alexei BELETSKI,ISR
gpfra2019,1920,0,women,individual,8,Malgorzata SOBKOW,POL
gpfra2019,1920,0,women,individual,9,DE Francoise RAPPARD,BEL
gpfra2019,1920,1,pairs,individual,1,DECK Deveny,USA
gpfra2019,1920,1,pairs,individual,2,DE Francoise RAPPARD,BEL
gpfra2019,1920,1,pairs,individual,3,Natasa SKOK,SLO
gpfra2019,1920,1,pairs,individual,4,EHRHARDT Karin,AUT
gpfra2019,1920,1,pairs,individual,5,KOZHEMYAKINA Olga,RUS
gpfra2019,1920,1,pairs,individual,6,Claudia FASSORA,SUI
gpfra2019,1920,1,pairs,individual,7,KIMMINUS Kerstin,GER
gpfra2019,1920,1,pairs,individual,8,Miluse SAFRANKOVA,CZE
gpfra2019,1920,1,pairs,individual,9,Anthony LEROY,FRA
gpfra2019,1920,0,pairs,individual,1,DECK Deveny,USA
gpfra2019,1920,0,pairs,individual,2,DE Francoise RAPPARD,BEL
gpfra2019,1920,0,pairs,individual,3,Natasa SKOK,SLO
gpfra2019,1920,0,pairs,individual,4,EHRHARDT Karin,AUT
gpfra2019,1920,0,pairs,individual,5,KOZHEMYAKINA Olga,RUS
gpfra2019,1920,0,pairs,individual,6,Claudia FASSORA,SUI
gpfra2019,1920,0,pairs,individual,7,KIMMINUS Kerstin,GER
gpfra2019,1920,0,pairs,individual,8,Miluse SAFRANKOVA,CZE
gpfra2019,1920,0,pairs,individual,9,Anthony LEROY,FRA
gpf1920,1920,1,men,individual,1,Anthony LEROY,FRA
gpf1920,1920,1,men,individual,2,SHI Wei,CHN
gpf1920,1920,1,men,individual,3,BINDER Elisabeth,AUT
gpf1920,1920,1,men,individual,4,KOZHEMYAKINA Olga,RUS
gpf1920,1920,1,men,individual,5,MAEDA Mami,JPN
gpf1920,1920,1,men,individual,6,TOIGO Walter,ITA
gpf1920,1920,1,men,individual,7,ENZMANN Wendy,USA
gpf1920,1920,1,men,individual,8,CHIGOGIDZE Salome,GEO
gpf1920,1920,1,men,individual,9,Deborah ISLAM,CAN
gpf1920,1920,0,men,individual,1,Anthony LEROY,FRA
gpf1920,1920,0,men,individual,2,SHI Wei,CHN
gpf1920,1920,0,men,individual,3,BINDER Elisabeth,AUT
gpf1920,1920,0,men,individual,4,KOZHEMYAKINA Olga,RUS
gpf1920,1920,0,men,individual,5,MAEDA Mami,JPN
gpf1920,1920,0,men,individual,6,TOIGO Walter,ITA
gpf1920,1920,0,men,individual,7,ENZMANN Wendy,USA
gpf1920,1920,0,men,individual,8,CHIGOGIDZE Salome,GEO
gpf1920,1920,0,men,individual,9,Deborah ISLAM,CAN
gpf1920,1920,1,women,individual,1,FUKUDOME Tomie,JPN
gpf1920,1920,1,women,individual,2,Chihee RHEE,KOR
gpf1920,1920,1,women,individual,3,Marta OLOZAGARRE,ESP
gpf1920,1920,1,women,individual,4,Peter VOTH,GER
gpf1920,1920,1,women,individual,5,Deborah ISLAM,CAN
gpf1920,1920,1,women,individual,6,Anthony LEROY,FRA
gpf1920,1920,1,women,individual,7,GRAHAM Peggy,USA
gpf1920,1920,1,women,individual,8,BUTTARELLI Marco,ITA
gpf1920,1920,1,women,individual,9,Elena FOMINA,RUS
gpf1920,1920,0,women,individual,1,FUKUDOME Tomie,JPN
gpf1920,1920,0,women,individual,2,Chihee RHEE,KOR
gpf1920,1920,0,women,individual,3,Marta OLOZAGARRE,ESP
gpf1920,1920,0,women,individual,4,Peter VOTH,GER
gpf1920,1920,0,women,individual,5,Deborah ISLAM,CAN
gpf1920,1920,0,women,individual,6,Anthony LEROY,FRA
gpf1920,1920,0,women,individual,7,GRAHAM Peggy,USA
gpf1920,1920,0,women,individual,8,BUTTARELLI Marco,ITA
gpf1920,1920,0,women,individual,9,Elena FOMINA,RUS
gpf1920,1920,1,pairs,individual,1,ENZMANN Wendy,USA
gpf1920,1920,1,pairs,individual,2,TOIGO Walter,ITA
gpf1920,1920,1,pairs,individual,3,KOZHEMYAKINA Olga,RUS
gpf1920,1920,1,pairs,individual,4,BINDER Elisabeth,AUT
gpf1920,1920,1,pairs,individual,5,HUNTER Janice,CAN
gpf1920,1920,1,pairs,individual,6,Peter VOTH,GER
gpf1920,1920,1,pairs,individual,7,SHI Wei,CHN
gpf1920,1920,1,pairs,individual,8,MAEDA Mami,JPN
gpf1920,1920,1,pairs,individual,9,Chihee RHEE,KOR
gpf1920,1920,0,pairs,individual,1,ENZMANN Wendy,USA
gpf1920,1920,0,pairs,individual,2,TOIGO Walter,ITA
gpf1920,1920,0,pairs,individual,3,KOZHEMYAKINA Olga,RUS
gpf1920,1920,0,pairs,individual,4,BINDER Elisabeth,AUT
gpf1920,1920,0,pairs,individual,5,HUNTER Janice,CAN
gpf1920,1920,0,pairs,individual,6,Peter VOTH,GER
gpf1920,1920,0,pairs,individual,7,SHI Wei,CHN
gpf1920,1920,0,pairs,individual,8,MAEDA Mami,JPN
gpf1920,1920,0,pairs,individual,9,Chihee RHEE,KOR
gpf1920,1920,1,men,junior,1,MAEDA Mami,JPN
gpf1920,1920,1,men,junior,2,BUTTARELLI Marco,ITA
gpf1920,1920,1,men,junior,3,BINDER Elisabeth,AUT
gpf1920,1920,1,men,junior,4,CHIGOGIDZE Salome,GEO
gpf1920,1920,1,men,junior,5,SHI Wei,CHN
gpf1920,1920,1,men,junior,6,KOZHEMYAKINA Olga,RUS
gpf1920,1920,1,men,junior,7,ENZMANN Wendy,USA
gpf1920,1920,1,men,junior,8,Anthony LEROY,FRA
gpf1920,1920,1,men,junior,9,Deborah ISLAM,CAN
gpf1920,1920,0,men,junior,1,MAEDA Mami,JPN
gpf1920,1920,0,men,junior,2,BUTTARELLI Marco,ITA
gpf1920,1920,0,men,junior,3,BINDER Elisabeth,AUT
gpf1920,1920,0,men,junior,4,CHIGOGIDZE Salome,GEO
gpf1920,1920,0,men,junior,5,SHI Wei,CHN
gpf1920,1920,0,men,junior,6,KOZHEMYAKINA Olga,RUS
gpf1920,1920,0,men,junior,7,ENZMANN Wendy,USA
gpf1920,1920,0,men,junior,8,Anthony LEROY,FRA
gpf1920,1920,0,men,junior,9,Deborah ISLAM,CAN
gpf1920,1920,1,women,junior,1,GRAHAM Peggy,USA
gpf1920,1920,1,women,junior,2,Elena FOMINA,RUS
gpf1920,1920,1,women,junior,3,Anthony LEROY,FRA
gpf1920,1920,1,women,junior,4,BUTTARELLI Marco,ITA
gpf1920,1920,1,women,junior,5,Peter VOTH,GER
gpf1920,1920,1,women,junior,6,Marta OLOZAGARRE,ESP
gpf1920,1920,1,women,junior,7,FUKUDOME Tomie,JPN
gpf1920,1920,1,women,junior,8,Chihee RHEE,KOR
gpf1920,1920,1,women,junior,9,Deborah ISLAM,CAN
gpf1920,1920,0,women,junior,1,GRAHAM Peggy,USA
gpf1920,1920,0,women,junior,2,Elena FOMINA,RUS
gpf1920,1920,0,women,junior,3,Anthony LEROY,FRA
gpf1920,1920,0,women,junior,4,BUTTARELLI Marco,ITA
gpf1920,1920,0,women,junior,5,Peter VOTH,GER
gpf1920,1920,0,women,junior,6,Marta OLOZAGARRE,ESP
gpf1920,1920,0,women,junior,7,FUKUDOME Tomie,JPN
gpf1920,1920,0,women,junior,8,Chihee RHEE,KOR
gpf1920,1920,0,women,junior,9,Deborah ISLAM,CAN
gpf1920,1920,1,pairs,junior,1,HUNTER Janice,CAN
gpf1920,1920,1,pairs,junior,2,GRAHAM Peggy,USA
gpf1920,1920,1,pairs,junior,3,SHI Wei,CHN
gpf1920,1920,1,pairs,junior,4,MAEDA Mami,JPN
gpf1920,1920,1,pairs,junior,5,Chihee RHEE,KOR
gpf1920,1920,1,pairs,junior,6,Peter VOTH,GER
gpf1920,1920,1,pairs,junior,7,BINDER Elisabeth,AUT
gpf1920,1920,1,pairs,junior,8,KOZHEMYAKINA Olga,RUS
gpf1920,1920,1,pairs,junior,9,TOIGO Walter,ITA
gpf1920,1920,0,pairs,junior,1,HUNTER Janice,CAN
gpf1920,1920,0,pairs,junior,2,GRAHAM Peggy,USA
gpf1920,1920,0,pairs,junior,3,SHI Wei,CHN
gpf1920,1920,0,pairs,junior,4,MAEDA Mami,JPN
gpf1920,1920,0,pairs,junior,5,Chihee RHEE,KOR
gpf1920,1920,0,pairs,junior,6,Peter VOTH,GER
gpf1920,1920,0,pairs,junior,7,BINDER Elisabeth,AUT
gpf1920,1920,0,pairs,junior,8,KOZHEMYAKINA Olga,RUS
gpf1920,1920,0,pairs,junior,9,TOIGO Walter,ITA
wc2021,2021,1,men,individual,1,DAVIDSON Lisa,GBR
wc2021,2021,1,men,individual,2,STAHL Ursula,AUT
wc2021,2021,1,men,individual,3,iryna medvedieva,UKR
wc2021,2021,1,men,individual,4,ALHONEN Pia,FIN
wc2021,2021,1,men,individual,5,CHIGOGIDZE Salome,GEO
wc2021,2021,1,men,individual,6,ANDERSSON Inger,SWE
wc2021,2021,1,men,individual,7,Christiane MILES,SUI
wc2021,2021,1,men,individual,8,BABENKO Sviatoslav,RUS
wc2021,2021,1,men,individual,9,MISUREC Miroslav,CZE
wc2021,2021,0,men,individual,1,Chihee RHEE,KOR
wc2021,2021,0,men,individual,2,ANDERSSON Inger,SWE
wc2021,2021,0,men,individual,3,Kristina LUNDGREN,USA
wc2021,2021,0,men,individual,4,MISUREC Miroslav,CZE
wc2021,2021,0,men,individual,5,Christiane MILES,SUI
wc2021,2021,0,men,individual,6,CZOCZEK Ludwig,GER
wc2021,2021,0,men,individual,7,CHIGOGIDZE Salome,GEO
wc2021,2021,0,men,individual,8,BABENKO Sviatoslav,RUS
wc2021,2021,0,men,individual,9,DAVIDSON Lisa,GBR
wc2021,2021,1,women,individual,1,BOHUNICKA Lenka,SVK
wc2021,2021,1,women,individual,2,DE Francoise RAPPARD,BEL
wc2021,2021,1,women,individual,3,GRAHAM Peggy,USA
wc2021,2021,1,women,individual,4,Elisabeth LOUESDON,FRA
wc2021,2021,1,women,individual,5,Massimo ORLANDINI,ITA
wc2021,2021,1,women,individual,6,HORKLOVA Marketa,CZE
wc2021,2021,1,women,individual,7,HENRIKSSON Katarina,SWE
wc2021,2021,1,women,individual,8,Elena FOMINA,RUS
wc2021,2021,1,women,individual,9,POSNO Tineke,NED
wc2021,2021,0,women,individual,1,CHEN Dan,HKG
wc2021,2021,0,women,individual,2,HORKLOVA Marketa,CZE
wc2021,2021,0,women,individual,3,HENRIKSSON Katarina,SWE
wc2021,2021,0,women,individual,4,Elena FOMINA,RUS
wc2021,2021,0,women,individual,5,KRUSEC Matjaz,SLO
wc2021,2021,0,women,individual,6,BOHUNICKA Lenka,SVK
wc2021,2021,0,women,individual,7,Helle LYNGBERG,DEN
wc2021,2021,0,women,individual,8,GRAHAM Peggy,USA
wc2021,2021,0,women,individual,9,POSNO Tineke,NED
wc2021,2021,1,pairs,individual,1,SMIDOVA Stanislava,CZE
wc2021,2021,1,pairs,individual,2,KOZHEMYAKINA Olga,RUS
wc2021,2021,1,pairs,individual,3,Anthony LEROY,FRA
wc2021,2021,1,pairs,individual,4,Marta OLOZAGARRE,ESP
wc2021,2021,1,pairs,individual,5,ARIKAN Almila SARBANOGLU,GBR
wc2021,2021,1,pairs,individual,6,ENZMANN Wendy,USA
wc2021,2021,1,pairs,individual,7,KIMMINUS Kerstin,GER
wc2021,2021,1,pairs,individual,8,Andrea DERBY,CAN
wc2021,2021,1,pairs,individual,9,WANG Yu,CHN
wc2021,2021,0,pairs,individual,1,KOZHEMYAKINA Olga,RUS
wc2021,2021,0,pairs,individual,2,WANG Yu,CHN
wc2021,2021,0,pairs,individual,3,BRAMBATI Claudia,ITA
wc2021,2021,0,pairs,individual,4,Katharina RAUCH,AUT
wc2021,2021,0,pairs,individual,5,ABELE Agita,LAT
wc2021,2021,0,pairs,individual,6,ARIKAN Almila SARBANOGLU,GBR
wc2021,2021,0,pairs,individual,7,KIMMINUS Kerstin,GER
wc2021,2021,0,pairs,individual,8,CEROVAC Josip,CRO
wc2021,2021,0,pairs,individual,9,ENZMANN Wendy,USA
ec2022,2122,1,men,individual,1,POPOVA Vessela,BUL
ec2022,2122,1,men,individual,2,ANILDI Ebru,TUR
ec2022,2122,1,men,individual,3,Jitka MOKRA,CZE
ec2022,2122,1,men,individual,4,CHAPMAN Mary,GBR
ec2022,2122,1,men,individual,5,KLIUSHNIKOV Yury,AZE
ec2022,2122,1,men,individual,6,SHARKINA Tatiana,RUS
ec2022,2122,1,men,individual,7,Ekaterina SEROVA,BLR
ec2022,2122,1,men,individual,8,Elisabeth LOUESDON,FRA
ec2022,2122,1,men,individual,9,Edith SCHILLER,AUT
ec2022,2122,0,men,individual,1,GERWEN-MAAS Nicole VAN,NED
ec2022,2122,0,men,individual,2,Jitka MOKRA,CZE
ec2022,2122,0,men,individual,3,Edith SCHILLER,AUT
ec2022,2122,0,men,individual,4,Ekaterina SEROVA,BLR
ec2022,2122,0,men,individual,5,KLIUSHNIKOV Yury,AZE
ec2022,2122,0,men,individual,6,Elisabeth LOUESDON,FRA
ec2022,2122,0,men,individual,7,SHARKINA Tatiana,RUS
ec2022,2122,0,men,individual,8,POPOVA Vessela,BUL
ec2022,2122,0,men,individual,9,ANILDI Ebru,TUR
ec2022,2122,1,women,individual,1,Antica GRUBISIC,CRO
ec2022,2122,1,women,individual,2,GROF Katarina MITROVIC,SRB
ec2022,2122,1,women,individual,3,Andreas WALDECK,GER
ec2022,2122,1,women,individual,4,VERRUE Veronique,FRA
ec2022,2122,1,women,individual,5,AVBREHT Mateja,SLO
ec2022,2122,1,women,individual,6,Kadi ZVIRIK,EST
ec2022,2122,1,women,individual,7,TOIGO Walter,ITA
ec2022,2122,1,women,individual,8,RISTANEN Tarja,FIN
ec2022,2122,1,women,individual,9,FIODOROVA Nadezhda,GEO
ec2022,2122,0,women,individual,1,VERRUE Veronique,FRA
ec2022,2122,0,women,individual,2,SANCHO Saioa,ESP
ec2022,2122,0,women,individual,3,Antica GRUBISIC,CRO
ec2022,2122,0,women,individual,4,RISTANEN Tarja,FIN
ec2022,2122,0,women,individual,5,FIODOROVA Nadezhda,GEO
ec2022,2122,0,women,individual,6,AHISKAL Senem,TUR
ec2022,2122,0,women,individual,7,Kadi ZVIRIK,EST
ec2022,2122,0,women,individual,8,Adrienn SCHADENBAUER,AUT
ec2022,2122,0,women,individual,9,Andreas WALDECK,GER
ec2022,2122,1,pairs,individual,1,Massimo ORLANDINI,ITA
ec2022,2122,1,pairs,individual,2,Agnieszka SWIDERSKA,POL
ec2022,2122,1,pairs,individual,3,CUCUPHAT Helene,FRA
ec2022,2122,1,pairs,individual,4,Kodrin Lovorka,CRO
ec2022,2122,1,pairs,individual,5,Katharina RAUCH,AUT
ec2022,2122,1,pairs,individual,6,Akos PETHES,HUN
ec2022,2122,1,pairs,individual,7,KOZHEMYAKINA Olga,RUS
ec2022,2122,1,pairs,individual,8,GRAINGE Richard,GBR
ec2022,2122,1,pairs,individual,9,Peter VOTH,GER
ec2022,2122,0,pairs,individual,1,Margo PAUW,NED
ec2022,2122,0,pairs,individual,2,Peter VOTH,GER
ec2022,2122,0,pairs,individual,3,Massimo ORLANDINI,ITA
ec2022,2122,0,pairs,individual,4,KOZHEMYAKINA Olga,RUS
ec2022,2122,0,pairs,individual,5,DELFA Daniel,ESP
ec2022,2122,0,pairs,individual,6,GRAINGE Richard,GBR
ec2022,2122,0,pairs,individual,7,Akos PETHES,HUN
ec2022,2122,0,pairs,individual,8,Donatella LEONELLI,SUI
ec2022,2122,0,pairs,individual,9,CUCUPHAT Helene,FRA
wc2022,2122,1,men,individual,1,guskov yuriy,KAZ
wc2022,2122,1,men,individual,2,ANILDI Ebru,TUR
wc2022,2122,1,men,individual,3,BILLOW Emilie,SWE
wc2022,2122,1,men,individual,4,Katharina RAUCH,AUT
wc2022,2122,1,men,individual,5,Kadi ZVIRIK,EST
wc2022,2122,1,men,individual,6,KLIUSHNIKOV Yury,AZE
wc2022,2122,1,men,individual,7,MERIGUET Philippe,FRA
wc2022,2122,1,men,individual,8,CAVELLI Daniela,ITA
wc2022,2122,1,men,individual,9,Deborah ISLAM,CAN
wc2022,2122,0,men,individual,1,Deborah ISLAM,CAN
wc2022,2122,0,men,individual,2,Kadi ZVIRIK,EST
wc2022,2122,0,men,individual,3,BILLOW Emilie,SWE
wc2022,2122,0,men,individual,4,CAVELLI Daniela,ITA
wc2022,2122,0,men,individual,5,ANILDI Ebru,TUR
wc2022,2122,0,men,individual,6,Katharina RAUCH,AUT
wc2022,2122,0,men,individual,7,MERIGUET Philippe,FRA
wc2022,2122,0,men,individual,8,KLIUSHNIKOV Yury,AZE
wc2022,2122,0,men,individual,9,guskov yuriy,KAZ
wc2022,2122,1,women,individual,1,Ko-Man TING,TWN
wc2022,2122,1,women,individual,2,HOWARD Karen,CAN
wc2022,2122,1,women,individual,3,MORANDI Tiziana,ITA
wc2022,2122,1,women,individual,4,DAVIDSSON Laila,SWE
wc2022,2122,1,women,individual,5,Attila SOOS,HUN
wc2022,2122,1,women,individual,6,Hermi OTTEMANN,NED
wc2022,2122,1,women,individual,7,Ayumi KOZUKA,JPN
wc2022,2122,1,women,individual,8,LESKINEN Pekka,FIN
wc2022,2122,1,women,individual,9,HAN Kyung Young,KOR
wc2022,2122,0,women,individual,1,DAVIDSSON Laila,SWE
wc2022,2122,0,women,individual,2,HAN Kyung Young,KOR
wc2022,2122,0,women,individual,3,MORANDI Tiziana,ITA
wc2022,2122,0,women,individual,4,Attila SOOS,HUN
wc2022,2122,0,women,individual,5,Ko-Man TING,TWN
wc2022,2122,0,women,individual,6,EHRHARDT Karin,AUT
wc2022,2122,0,women,individual,7,Ayumi KOZUKA,JPN
wc2022,2122,0,women,individual,8,HOWARD Karen,CAN
wc2022,2122,0,women,individual,9,POPOVA Vessela,BUL
wc2022,2122,1,pairs,individual,1,VIKARNE-HOMOLYA Zsuzsanna,HUN
wc2022,2122,1,pairs,individual,2,GOSSELIN Veronique,CAN
wc2022,2122,1,pairs,individual,3,Nobuhiko YOSHIOKA,JPN
wc2022,2122,1,pairs,individual,4,Jeroen PRINS,NED
wc2022,2122,1,pairs,individual,5,ARCHER Karen,GBR
wc2022,2122,1,pairs,individual,6,Anna KANTOR,ISR
wc2022,2122,1,pairs,individual,7,ROSENBLUTH Robert,USA
wc2022,2122,1,pairs,individual,8,DUBRAVCIC SIMUNJAK Sanda,CRO
wc2022,2122,1,pairs,individual,9,SMIDOVA Stanislava,CZE
wc2022,2122,0,pairs,individual,1,Anna KANTOR,ISR
wc2022,2122,0,pairs,individual,2,ARCHER Karen,GBR
wc2022,2122,0,pairs,individual,3,CUCUPHAT Helene,FRA
wc2022,2122,0,pairs,individual,4,SMIDOVA Stanislava,CZE
wc2022,2122,0,pairs,individual,5,ROSENBLUTH Robert,USA
wc2022,2122,0,pairs,individual,6,Jeroen PRINS,NED
wc2022,2122,0,pairs,individual,7,Nobuhiko YOSHIOKA,JPN
wc2022,2122,0,pairs,individual,8,Adrienn SCHADENBAUER,AUT
wc2022,2122,0,pairs,individual,9,Gloria MORANDI,ITA
fc2022,2122,1,men,individual,1,Doug WILLIAMS,USA
fc2022,2122,1,men,individual,2,HAN Kyung Young,KOR
fc2022,2122,1,men,individual,3,SHARKINA Tatiana,RUS
fc2022,2122,1,men,individual,4,YORDANOVA Zoia,BUL
fc2022,2122,1,men,individual,5,HORIUCHI Ritsuko,JPN
fc2022,2122,1,men,individual,6,martinez sasha,MEX
fc2022,2122,1,men,individual,7,DU Evelyn Katherine PREEZ,AUS
fc2022,2122,1,men,individual,8,Jeff LUKASIK,CAN
fc2022,2122,0,men,individual,1,HORIUCHI Ritsuko,JPN
fc2022,2122,0,men,individual,2,Doug WILLIAMS,USA
fc2022,2122,0,men,individual,3,SHARKINA Tatiana,RUS
fc2022,2122,0,men,individual,4,YORDANOVA Zoia,BUL
fc2022,2122,0,men,individual,5,HAN Kyung Young,KOR
fc2022,2122,0,men,individual,6,martinez sasha,MEX
fc2022,2122,0,men,individual,7,DU Evelyn Katherine PREEZ,AUS
fc2022,2122,0,men,individual,8,Jeff LUKASIK,CAN
fc2022,2122,1,women,individual,1,Ariadna MORONES NEGRETE,MEX
fc2022,2122,1,women,individual,2,Beth CRANE,CAN
fc2022,2122,1,women,individual,3,guskov yuriy,KAZ
fc2022,2122,1,women,individual,4,BAKKER Ernestien,NED
fc2022,2122,1,women,individual,5,LEAVER Linda,USA
fc2022,2122,1,women,individual,6,Ayumi KOZUKA,JPN
fc2022,2122,1,women,individual,7,Anastassiya MAKAROVA,UKR
fc2022,2122,1,women,individual,8,Angelique CLYDE-SMITH,AUS
fc2022,2122,1,women,individual,9,Hee KOH Sung,KOR
fc2022,2122,0,women,individual,1,Anastassiya MAKAROVA,UKR
fc2022,2122,0,women,individual,2,Beth CRANE,CAN
fc2022,2122,0,women,individual,3,Angelique CLYDE-SMITH,AUS
fc2022,2122,0,women,individual,4,BAKKER Ernestien,NED
fc2022,2122,0,women,individual,5,Ayumi KOZUKA,JPN
fc2022,2122,0,women,individual,6,Ariadna MORONES NEGRETE,MEX
fc2022,2122,0,women,individual,7,Hee KOH Sung,KOR
fc2022,2122,0,women,individual,8,guskov yuriy,KAZ
fc2022,2122,0,women,individual,9,LEAVER Linda,USA
fc2022,2122,1,pairs,individual,1,Deborah NOYES,AUS
fc2022,2122,1,pairs,individual,2,an so young,KOR
fc2022,2122,1,pairs,individual,3,FORTIN Reaghan,CAN
fc2022,2122,1,pairs,individual,4,POSNO Tineke,NED
fc2022,2122,1,pairs,individual,5,CEROVAC Josip,CRO
fc2022,2122,1,pairs,individual,6,Hal MARRON,USA
fc2022,2122,1,pairs,individual,7,Edith SCHILLER,AUT
fc2022,2122,1,pairs,individual,8,BOHLING Pernilla,FIN
fc2022,2122,0,pairs,individual,1,FORTIN Reaghan,CAN
fc2022,2122,0,pairs,individual,2,an so young,KOR
fc2022,2122,0,pairs,individual,3,Edith SCHILLER,AUT
fc2022,2122,0,pairs,individual,4,Hal MARRON,USA
fc2022,2122,0,pairs,individual,5,CEROVAC Josip,CRO
fc2022,2122,0,pairs,individual,6,POSNO Tineke,NED
fc2022,2122,0,pairs,individual,7,Deborah NOYES,AUS
fc2022,2122,0,pairs,individual,8,BOHLING Pernilla,FIN
gpcan2021,2122,1,men,individual,1,BILLOW Emilie,SWE
gpcan2021,2122,1,men,individual,2,LEE Ri Tae,KOR
gpcan2021,2122,1,men,individual,3,EHALT Saara,FIN
gpcan2021,2122,1,men,individual,4,SHARKINA Tatiana,RUS
gpcan2021,2122,1,men,individual,5,LEVSHUNOVA Yulia,GEO
gpcan2021,2122,1,men,individual,6,DELFA Daniel,ESP
gpcan2021,2122,1,men,individual,7,HOWARD Karen,CAN
gpcan2021,2122,1,men,individual,8,HORIUCHI Ritsuko,JPN
gpcan2021,2122,1,men,individual,9,Kristina LUNDGREN,USA
gpcan2021,2122,0,men,individual,1,BILLOW Emilie,SWE
gpcan2021,2122,0,men,individual,2,LEE Ri Tae,KOR
gpcan2021,2122,0,men,individual,3,EHALT Saara,FIN
gpcan2021,2122,0,men,individual,4,SHARKINA Tatiana,RUS
gpcan2021,2122,0,men,individual,5,LEVSHUNOVA Yulia,GEO
gpcan2021,2122,0,men,individual,6,DELFA Daniel,ESP
gpcan2021,2122,0,men,individual,7,HOWARD Karen,CAN
gpcan2021,2122,0,men,individual,8,HORIUCHI Ritsuko,JPN
gpcan2021,2122,0,men,individual,9,Kristina LUNDGREN,USA
gpcan2021,2122,1,women,individual,1,BILLOW Emilie,SWE
gpcan2021,2122,1,women,individual,2,Kristina LUNDGREN,USA
gpcan2021,2122,1,women,individual,3,DELFA Daniel,ESP
gpcan2021,2122,1,women,individual,4,FORTIN Glenn,CAN
gpcan2021,2122,1,women,individual,5,LEE Ri Tae,KOR
gpcan2021,2122,1,women,individual,6,EHALT Saara,FIN
gpcan2021,2122,1,women,individual,7,SHI Wei,CHN
gpcan2021,2122,1,women,individual,8,Elena FOMINA,RUS
gpcan2021,2122,1,women,individual,9,HORIUCHI Ritsuko,JPN
gpcan2021,2122,0,women,individual,1,BILLOW Emilie,SWE
gpcan2021,2122,0,women,individual,2,Kristina LUNDGREN,USA
gpcan2021,2122,0,women,individual,3,DELFA Daniel,ESP
gpcan2021,2122,0,women,individual,4,FORTIN Glenn,CAN
gpcan2021,2122,0,women,individual,5,LEE Ri Tae,KOR
gpcan2021,2122,0,women,individual,6,EHALT Saara,FIN
gpcan2021,2122,0,women,individual,7,SHI Wei,CHN
gpcan2021,2122,0,women,individual,8,Elena FOMINA,RUS
gpcan2021,2122,0,women,individual,9,HORIUCHI Ritsuko,JPN
gpcan2021,2122,1,pairs,individual,1,an so young,KOR
gpcan2021,2122,1,pairs,individual,2,Kristina LUNDGREN,USA
gpcan2021,2122,1,pairs,individual,3,Andrea DERBY,CAN
gpcan2021,2122,1,pairs,individual,4,FAIG Ulla,GER
gpcan2021,2122,1,pairs,individual,5,Marta OLOZAGARRE,ESP
gpcan2021,2122,1,pairs,individual,6,SHARKINA Tatiana,RUS
gpcan2021,2122,1,pairs,individual,7,BILLOW Emilie,SWE
gpcan2021,2122,1,pairs,individual,8,SHI Wei,CHN
gpcan2021,2122,1,pairs,individual,9,EHALT Saara,FIN
gpcan2021,2122,0,pairs,individual,1,an so young,KOR
gpcan2021,2122,0,pairs,individual,2,Kristina LUNDGREN,USA
gpcan2021,2122,0,pairs,individual,3,Andrea DERBY,CAN
gpcan2021,2122,0,pairs,individual,4,FAIG Ulla,GER
gpcan2021,2122,0,pairs,individual,5,Marta OLOZAGARRE,ESP
gpcan2021,2122,0,pairs,individual,6,SHARKINA Tatiana,RUS
gpcan2021,2122,0,pairs,individual,7,BILLOW Emilie,SWE
gpcan2021,2122,0,pairs,individual,8,SHI Wei,CHN
gpcan2021,2122,0,pairs,individual,9,EHALT Saara,FIN
gpusa2021,2122,1,men,individual,1,FAIG Ulla,GER
gpusa2021,2122,1,men,individual,2,MISUREC Miroslav,CZE
gpusa2021,2122,1,men,individual,3,FERRARIO Pinuccia,ITA
gpusa2021,2122,1,men,individual,4,DEY Lynne,CAN
gpusa2021,2122,1,men,individual,5,labunskaiya lolita,RUS
gpusa2021,2122,1,men,individual,6,HORIUCHI Ritsuko,JPN
gpusa2021,2122,1,men,individual,7,ENZMANN Wendy,USA
gpusa2021,2122,1,men,individual,8,CUCUPHAT Helene,FRA
gpusa2021,2122,1,men,individual,9,Malgorzata SOBKOW,POL
gpusa2021,2122,0,men,individual,1,FAIG Ulla,GER
gpusa2021,2122,0,men,individual,2,MISUREC Miroslav,CZE
gpusa2021,2122,0,men,individual,3,FERRARIO Pinuccia,ITA
gpusa2021,2122,0,men,individual,4,DEY Lynne,CAN
gpusa2021,2122,0,men,individual,5,labunskaiya lolita,RUS
gpusa2021,2122,0,men,individual,6,HORIUCHI Ritsuko,JPN
gpusa2021,2122,0,men,individual,7,ENZMANN Wendy,USA
gpusa2021,2122,0,men,individual,8,CUCUPHAT Helene,FRA
gpusa2021,2122,0,men,individual,9,Malgorzata SOBKOW,POL
gpusa2021,2122,1,women,individual,1,Erica TOPOLSKI,CAN
gpusa2021,2122,1,women,individual,2,KOZHEMYAKINA Olga,RUS
gpusa2021,2122,1,women,individual,3,David MUNOZ,ESP
gpusa2021,2122,1,women,individual,4,Jung LEE Sue,KOR
gpusa2021,2122,1,women,individual,5,Aniela HEBEL-SZMAK,POL
gpusa2021,2122,1,women,individual,6,VIKARNE-HOMOLYA Zsuzsanna,HUN
gpusa2021,2122,1,women,individual,7,HORIUCHI Ritsuko,JPN
gpusa2021,2122,1,women,individual,8,Haya LEENARDS,NED
gpusa2021,2122,1,women,individual,9,AUXIER Samuel,USA
gpusa2021,2122,0,women,individual,1,Erica TOPOLSKI,CAN
gpusa2021,2122,0,women,individual,2,KOZHEMYAKINA Olga,RUS
gpusa2021,2122,0,women,individual,3,David MUNOZ,ESP
gpusa2021,2122,0,women,individual,4,Jung LEE Sue,KOR
gpusa2021,2122,0,women,individual,5,Aniela HEBEL-SZMAK,POL
gpusa2021,2122,0,women,individual,6,VIKARNE-HOMOLYA Zsuzsanna,HUN
gpusa2021,2122,0,women,individual,7,HORIUCHI Ritsuko,JPN
gpusa2021,2122,0,women,individual,8,Haya LEENARDS,NED
gpusa2021,2122,0,women,individual,9,AUXIER Samuel,USA
gpusa2021,2122,1,pairs,individual,1,FERRARIO Pinuccia,ITA
gpusa2021,2122,1,pairs,individual,2,CUCUPHAT Helene,FRA
gpusa2021,2122,1,pairs,individual,3,Jung LEE Sue,KOR
gpusa2021,2122,1,pairs,individual,4,DEY Lynne,CAN
gpusa2021,2122,1,pairs,individual,5,Aniela HEBEL-SZMAK,POL
gpusa2021,2122,1,pairs,individual,6,KOZHEMYAKINA Olga,RUS
gpusa2021,2122,1,pairs,individual,7,Haya LEENARDS,NED
gpusa2021,2122,1,pairs,individual,8,GRAHAM Peggy,USA
gpusa2021,2122,1,pairs,individual,9,HORIUCHI Ritsuko,JPN
gpusa2021,2122,0,pairs,individual,1,FERRARIO Pinuccia,ITA
gpusa2021,2122,0,pairs,individual,2,CUCUPHAT Helene,FRA
gpusa2021,2122,0,pairs,individual,3,Jung LEE Sue,KOR
gpusa2021,2122,0,pairs,individual,4,DEY Lynne,CAN
gpusa2021,2122,0,pairs,individual,5,Aniela HEBEL-SZMAK,POL
gpusa2021,2122,0,pairs,individual,6,KOZHEMYAKINA Olga,RUS
gpusa2021,2122,0,pairs,individual,7,Haya LEENARDS,NED
gpusa2021,2122,0,pairs,individual,8,GRAHAM Peggy,USA
gpusa2021,2122,0,pairs,individual,9,HORIUCHI Ritsuko,JPN
gpfra2021,2122,1,men,individual,1,ABELE Agita,LAT
gpfra2021,2122,1,men,individual,2,OGAWA Yuko,JPN
gpfra2021,2122,1,men,individual,3,BENSON Cynthia,CAN
gpfra2021,2122,1,men,individual,4,Miriam PALANGE,ITA
gpfra2021,2122,1,men,individual,5,Ozkan SILAOGLU Tanay,TUR
gpfra2021,2122,1,men,individual,6,Elena FOMINA,RUS
gpfra2021,2122,1,men,individual,7,Anthony LEROY,FRA
gpfra2021,2122,1,men,individual,8,GLENN Roger,USA
gpfra2021,2122,1,men,individual,9,DELFA Daniel,ESP
gpfra2021,2122,0,men,individual,1,ABELE Agita,LAT
gpfra2021,2122,0,men,individual,2,OGAWA Yuko,JPN
gpfra2021,2122,0,men,individual,3,BENSON Cynthia,CAN
gpfra2021,2122,0,men,individual,4,Miriam PALANGE,ITA
gpfra2021,2122,0,men,individual,5,Ozkan SILAOGLU Tanay,TUR
gpfra2021,2122,0,men,individual,6,Elena FOMINA,RUS
gpfra2021,2122,0,men,individual,7,Anthony LEROY,FRA
gpfra2021,2122,0,men,individual,8,GLENN Roger,USA
gpfra2021,2122,0,men,individual,9,DELFA Daniel,ESP
gpfra2021,2122,1,women,individual,1,LEAVER Linda,USA
gpfra2021,2122,1,women,individual,2,an so young,KOR
gpfra2021,2122,1,women,individual,3,DELFA Daniel,ESP
gpfra2021,2122,1,women,individual,4,OGAWA Yuko,JPN
gpfra2021,2122,1,women,individual,5,KRAUZIENE Laimute,LTU
gpfra2021,2122,1,women,individual,6,LEBLANC-RICHARD Nicole,CAN
gpfra2021,2122,1,women,individual,7,KLIUSHNIKOV Yury,AZE
gpfra2021,2122,1,women,individual,8,Elena FOMINA,RUS
gpfra2021,2122,1,women,individual,9,Elisabeth LOUESDON,FRA
gpfra2021,2122,0,women,individual,1,LEAVER Linda,USA
gpfra2021,2122,0,women,individual,2,an so young,KOR
gpfra2021,2122,0,women,individual,3,DELFA Daniel,ESP
gpfra2021,2122,0,women,individual,4,OGAWA Yuko,JPN
gpfra2021,2122,0,women,individual,5,KRAUZIENE Laimute,LTU
gpfra2021,2122,0,women,individual,6,LEBLANC-RICHARD Nicole,CAN
gpfra2021,2122,0,women,individual,7,KLIUSHNIKOV Yury,AZE
gpfra2021,2122,0,women,individual,8,Elena FOMINA,RUS
gpfra2021,2122,0,women,individual,9,Elisabeth LOUESDON,FRA
gpfra2021,2122,1,pairs,individual,1,Miriam PALANGE,ITA
gpfra2021,2122,1,pairs,individual,2,GLENN Roger,USA
gpfra2021,2122,1,pairs,individual,3,Florence VUYLSTEKER,FRA
gpfra2021,2122,1,pairs,individual,4,DELFA Daniel,ESP
gpfra2021,2122,1,pairs,individual,5,KLIUSHNIKOV Yury,AZE
gpfra2021,2122,1,pairs,individual,6,an so young,KOR
gpfra2021,2122,1,pairs,individual,7,BENSON Cynthia,CAN
gpfra2021,2122,1,pairs,individual,8,DOLGUSHIN Igor,RUS
gpfra2021,2122,1,pairs,individual,9,ABELE Agita,LAT
gpfra2021,2122,0,pairs,individual,1,Miriam PALANGE,ITA
gpfra2021,2122,0,pairs,individual,2,GLENN Roger,USA
gpfra2021,2122,0,pairs,individual,3,Florence VUYLSTEKER,FRA
gpfra2021,2122,0,pairs,individual,4,DELFA Daniel,ESP
gpfra2021,2122,0,pairs,individual,5,KLIUSHNIKOV Yury,AZE
gpfra2021,2122,0,pairs,individual,6,an so young,KOR
gpfra2021,2122,0,pairs,individual,7,BENSON Cynthia,CAN
gpfra2021,2122,0,pairs,individual,8,DOLGUSHIN Igor,RUS
gpfra2021,2122,0,pairs,individual,9,ABELE Agita,LAT
owg2022,2122,1,men,individual,1,BRAMBATI Claudia,ITA
owg2022,2122,1,men,individual,2,Dan FANG,CHN
owg2022,2122,1,men,individual,3,Anna KANTOR,ISR
owg2022,2122,1,men,individual,4,KUBOTA Masako,JPN
owg2022,2122,1,men,individual,5,Anthony LEROY,FRA
owg2022,2122,1,men,individual,6,Jung LEE Sue,KOR
owg2022,2122,1,men,individual,7,Ekaterina SEROVA,BLR
owg2022,2122,1,men,individual,8,Asa NORDBACK,SWE
owg2022,2122,1,men,individual,9,BENSON Cynthia,CAN
owg2022,2122,0,men,individual,1,Dan FANG,CHN
owg2022,2122,0,men,individual,2,Ekaterina SEROVA,BLR
owg2022,2122,0,men,individual,3,KUBOTA Masako,JPN
owg2022,2122,0,men,individual,4,martinez sasha,MEX
owg2022,2122,0,men,individual,5,MISUREC Miroslav,CZE
owg2022,2122,0,men,individual,6,Anna KANTOR,ISR
owg2022,2122,0,men,individual,7,Asa NORDBACK,SWE
owg2022,2122,0,men,individual,8,KULIK Zanna,EST
owg2022,2122,0,men,individual,9,BRAMBATI Claudia,ITA
owg2022,2122,1,women,individual,1,HOUGHTON Patricia,GBR
owg2022,2122,1,women,individual,2,BAKKER Ernestien,NED
owg2022,2122,1,women,individual,3,WANG Yu,CHN
owg2022,2122,1,women,individual,4,Bernhard JUST,AUT
owg2022,2122,1,women,individual,5,HUNTER Janice,CAN
owg2022,2122,1,women,individual,6,Kristina LUNDGREN,USA
owg2022,2122,1,women,individual,7,SMIDOVA Stanislava,CZE
owg2022,2122,1,women,individual,8,Kadi ZVIRIK,EST
owg2022,2122,1,women,individual,9,AHN Na Young,KOR
owg2022,2122,0,women,individual,1,Elena FOMINA,RUS
owg2022,2122,0,women,individual,2,BAKKER Ernestien,NED
owg2022,2122,0,women,individual,3,KLIUSHNIKOV Yury,AZE
owg2022,2122,0,women,individual,4,WANG Yu,CHN
owg2022,2122,0,women,individual,5,Kristina LUNDGREN,USA
owg2022,2122,0,women,individual,6,HOUGHTON Patricia,GBR
owg2022,2122,0,women,individual,7,Bernhard JUST,AUT
owg2022,2122,0,women,individual,8,Kadi ZVIRIK,EST
owg2022,2122,0,women,individual,9,HUNTER Janice,CAN
owg2022,2122,1,pairs,individual,1,Anja RIST,GER
owg2022,2122,1,pairs,individual,2,Anna KANTOR,ISR
owg2022,2122,1,pairs,individual,3,KOZHEMYAKINA Olga,RUS
owg2022,2122,1,pairs,individual,4,Andrea DERBY,CAN
owg2022,2122,1,pairs,individual,5,BINDER Elisabeth,AUT
owg2022,2122,1,pairs,individual,6,VIKARNE-HOMOLYA Zsuzsanna,HUN
owg2022,2122,1,pairs,individual,7,MAEDA Mami,JPN
owg2022,2122,1,pairs,individual,8,Ekaterina SEROVA,BLR
owg2022,2122,1,pairs,individual,9,BUTTARELLI Marco,ITA
owg2022,2122,0,pairs,individual,1,Anna KANTOR,ISR
owg2022,2122,0,pairs,individual,2,Andrea DERBY,CAN
owg2022,2122,0,pairs,individual,3,Ekaterina SEROVA,BLR
owg2022,2122,0,pairs,individual,4,MAEDA Mami,JPN
owg2022,2122,0,pairs,individual,5,BINDER Elisabeth,AUT
owg2022,2122,0,pairs,individual,6,WANG Yumin,CHN
owg2022,2122,0,pairs,individual,7,GRAHAM Peggy,USA
owg2022,2122,0,pairs,individual,8,Jeroen PRINS,NED
owg2022,2122,0,pairs,individual,9,Marta OLOZAGARRE,ESP
owg2022,2122,1,men,team,1,BINDER Elisabeth,AUT
owg2022,2122,1,men,team,2,KLIUSHNIKOV Yury,AZE
owg2022,2122,1,men,team,3,WANG Yumin,CHN
owg2022,2122,1,men,team,4,Jung LEE Sue,KOR
owg2022,2122,1,men,team,5,Anna KANTOR,ISR
owg2022,2122,1,men,team,6,KULIK Zanna,EST
owg2022,2122,1,men,team,7,LEBLANC-RICHARD Nicole,CAN
owg2022,2122,1,men,team,8,KUBOTA Masako,JPN
owg2022,2122,1,men,team,9,VIKARNE-HOMOLYA Zsuzsanna,HUN
owg2022,2122,0,men,team,1,KUBOTA Masako,JPN
owg2022,2122,0,men,team,2,LEBLANC-RICHARD Nicole,CAN
owg2022,2122,0,men,team,3,WANG Yumin,CHN
owg2022,2122,0,men,team,4,Jung LEE Sue,KOR
owg2022,2122,0,men,team,5,VIKARNE-HOMOLYA Zsuzsanna,HUN
owg2022,2122,0,men,team,6,KULIK Zanna,EST
owg2022,2122,0,men,team,7,KLIUSHNIKOV Yury,AZE
owg2022,2122,0,men,team,8,BINDER Elisabeth,AUT
owg2022,2122,0,men,team,9,Anna KANTOR,ISR
owg2022,2122,1,women,team,1,Bernhard JUST,AUT
owg2022,2122,1,women,team,2,BUTTARELLI Marco,ITA
owg2022,2122,1,women,team,3,Marta OLOZAGARRE,ESP
owg2022,2122,1,women,team,4,Andrea DERBY,CAN
owg2022,2122,1,women,team,5,KLIUSHNIKOV Yury,AZE
owg2022,2122,1,women,team,6,RISTANEN Tarja,FIN
owg2022,2122,1,women,team,7,Jeroen PRINS,NED
owg2022,2122,1,women,team,8,KRAUZIENE Laimute,LTU
owg2022,2122,1,women,team,9,Kristina LUNDGREN,USA
owg2022,2122,0,women,team,1,Jeroen PRINS,NED
owg2022,2122,0,women,team,2,BUTTARELLI Marco,ITA
owg2022,2122,0,women,team,3,Kristina LUNDGREN,USA
owg2022,2122,0,women,team,4,Bernhard JUST,AUT
owg2022,2122,0,women,team,5,Marta OLOZAGARRE,ESP
owg2022,2122,0,women,team,6,Andrea DERBY,CAN
owg2022,2122,0,women,team,7,KLIUSHNIKOV Yury,AZE
owg2022,2122,0,women,team,8,KRAUZIENE Laimute,LTU
owg2022,2122,0,women,team,9,RISTANEN Tarja,FIN
owg2022,2122,1,pairs,team,1,WANG Yumin,CHN
owg2022,2122,1,pairs,team,2,Marta OLOZAGARRE,ESP
owg2022,2122,1,pairs,team,3,GRAHAM Peggy,USA
owg2022,2122,1,pairs,team,4,Andrea DERBY,CAN
owg2022,2122,1,pairs,team,5,BUTTARELLI Marco,ITA
owg2022,2122,1,pairs,team,6,Jeroen PRINS,NED
owg2022,2122,1,pairs,team,7,BINDER Elisabeth,AUT
owg2022,2122,1,pairs,team,8,VIKARNE-HOMOLYA Zsuzsanna,HUN
owg2022,2122,1,pairs,team,9,Anna KANTOR,ISR
owg2022,2122,0,pairs,team,1,Marta OLOZAGARRE,ESP
owg2022,2122,0,pairs,team,2,BUTTARELLI Marco,ITA
owg2022,2122,0,pairs,team,3,Jeroen PRINS,NED
owg2022,2122,0,pairs,team,4,Anna KANTOR,ISR
owg2022,2122,0,pairs,team,5,WANG Yumin,CHN
owg2022,2122,0,pairs,team,6,GRAHAM Peggy,USA
owg2022,2122,0,pairs,team,7,BINDER Elisabeth,AUT
owg2022,2122,0,pairs,team,8,VIKARNE-HOMOLYA Zsuzsanna,HUN
owg2022,2122,0,pairs,team,9,Andrea DERBY,CAN
ec2023,2223,1,men,individual,1,Tatiana YORDANOVA,BUL
ec2023,2223,1,men,individual,2,Carmen LAUN,GER
ec2023,2223,1,men,individual,3,Aniela HEBEL-SZMAK,POL
ec2023,2223,1,men,individual,4,Allan BOEHM,SVK
ec2023,2223,1,men,individual,5,ABELE Agita,LAT
ec2023,2223,1,men,individual,6,STAHL Ursula,AUT
ec2023,2223,1,men,individual,7,KULIK Zanna,EST
ec2023,2223,1,men,individual,8,CEROVAC Josip,CRO
ec2023,2223,1,men,individual,9,ANILDI Ebru,TUR
ec2023,2223,0,men,individual,1,STAHL Ursula,AUT
ec2023,2223,0,men,individual,2,LOCATELLI Raffaella,ITA
ec2023,2223,0,men,individual,3,Attila SOOS,HUN
ec2023,2223,0,men,individual,4,Aniela HEBEL-SZMAK,POL
ec2023,2223,0,men,individual,5,DAVIDSON Lisa,GBR
ec2023,2223,0,men,individual,6,KANKAANRANTA Marjo,FIN
ec2023,2223,0,men,individual,7,ABELE Agita,LAT
ec2023,2223,0,men,individual,8,KULIK Zanna,EST
ec2023,2223,0,men,individual,9,Tatiana YORDANOVA,BUL
ec2023,2223,1,women,individual,1,BELLMANN Kersten,GER
ec2023,2223,1,women,individual,2,POPOVA Vessela,BUL
ec2023,2223,1,women,individual,3,Claire SHEPHERD,GBR
ec2023,2223,1,women,individual,4,DE Francoise RAPPARD,BEL
ec2023,2223,1,women,individual,5,Anna KANTOR,ISR
ec2023,2223,1,women,individual,6,STEINDL Tobias,AUT
ec2023,2223,1,women,individual,7,AHISKAL Senem,TUR
ec2023,2223,1,women,individual,8,VIKARNE-HOMOLYA Zsuzsanna,HUN
ec2023,2223,1,women,individual,9,Hermi OTTEMANN,NED
ec2023,2223,0,women,individual,1,Kari-Anne OLSEN,NOR
ec2023,2223,0,women,individual,2,Kadi ZVIRIK,EST
ec2023,2223,0,women,individual,3,CHIGOGIDZE Salome,GEO
ec2023,2223,0,women,individual,4,POPOVA Vessela,BUL
ec2023,2223,0,women,individual,5,STEINDL Tobias,AUT
ec2023,2223,0,women,individual,6,VIKARNE-HOMOLYA Zsuzsanna,HUN
ec2023,2223,0,women,individual,7,Claire SHEPHERD,GBR
ec2023,2223,0,women,individual,8,Anna KANTOR,ISR
ec2023,2223,0,women,individual,9,Alice WALDER,SUI
ec2023,2223,1,pairs,individual,1,DUBRAVCIC SIMUNJAK Sanda,CRO
ec2023,2223,1,pairs,individual,2,KRUGLOVA Natalia,UKR
ec2023,2223,1,pairs,individual,3,DAVIDSSON Laila,SWE
ec2023,2223,1,pairs,individual,4,balczo katalin,HUN
ec2023,2223,1,pairs,individual,5,BRAMBATI Claudia,ITA
ec2023,2223,1,pairs,individual,6,TAUCHMANOVA Vera,CZE
ec2023,2223,1,pairs,individual,7,KIMMINUS Kerstin,GER
ec2023,2223,1,pairs,individual,8,ALHONEN Pia,FIN
ec2023,2223,1,pairs,individual,9,POSNO Tineke,NED
ec2023,2223,0,pairs,individual,1,Margaret Worsfold,GBR
ec2023,2223,0,pairs,individual,2,BRAMBATI Claudia,ITA
ec2023,2223,0,pairs,individual,3,DUBRAVCIC SIMUNJAK Sanda,CRO
ec2023,2223,0,pairs,individual,4,ALHONEN Pia,FIN
ec2023,2223,0,pairs,individual,5,POSNO Tineke,NED
ec2023,2223,0,pairs,individual,6,TAUCHMANOVA Vera,CZE
ec2023,2223,0,pairs,individual,7,DELFA Daniel,ESP
ec2023,2223,0,pairs,individual,8,KIMMINUS Kerstin,GER
ec2023,2223,0,pairs,individual,9,Lone VILLEFRANCE,DEN
fc2023,2223,1,men,individual,1,AHN Na Young,KOR
fc2023,2223,1,men,individual,2,Jia YAO,CHN
fc2023,2223,1,men,individual,3,NUMANOVA Saodat,UZB
fc2023,2223,1,men,individual,4,CURRIE Deborah,USA
fc2023,2223,1,men,individual,5,KUBOTA Masako,JPN
fc2023,2223,1,men,individual,6,DEY Lynne,CAN
fc2023,2223,1,men,individual,7,martinez sasha,MEX
fc2023,2223,1,men,individual,8,Elizabeth RYAN,AUS
fc2023,2223,1,men,individual,9,GARRARD Neil,RSA
fc2023,2223,0,men,individual,1,Elizabeth RYAN,AUS
fc2023,2223,0,men,individual,2,martinez sasha,MEX
fc2023,2223,0,men,individual,3,Jia YAO,CHN
fc2023,2223,0,men,individual,4,AHN Na Young,KOR
fc2023,2223,0,men,individual,5,CURRIE Deborah,USA
fc2023,2223,0,men,individual,6,DEY Lynne,CAN
fc2023,2223,0,men,individual,7,GARRARD Neil,RSA
fc2023,2223,0,men,individual,8,KUBOTA Masako,JPN
fc2023,2223,0,men,individual,9,Tatiana YORDANOVA,BUL
fc2023,2223,1,women,individual,1,Ko-Man TING,TWN
fc2023,2223,1,women,individual,2,LEBLANC-RICHARD Nicole,CAN
fc2023,2223,1,women,individual,3,an so young,KOR
fc2023,2223,1,women,individual,4,PETRICEVIC Susan,NZL
fc2023,2223,1,women,individual,5,JOHNSON Laurie,USA
fc2023,2223,1,women,individual,6,ARIKAN Almila SARBANOGLU,GBR
fc2023,2223,1,women,individual,7,ALEXANDRE Elizabeth,AUS
fc2023,2223,1,women,individual,8,HORIUCHI Ritsuko,JPN
fc2023,2223,1,women,individual,9,Ariadna MORONES NEGRETE,MEX
fc2023,2223,0,women,individual,1,HORIUCHI Ritsuko,JPN
fc2023,2223,0,women,individual,2,Ko-Man TING,TWN
fc2023,2223,0,women,individual,3,JOHNSON Laurie,USA
fc2023,2223,0,women,individual,4,ARIKAN Almila SARBANOGLU,GBR
fc2023,2223,0,women,individual,5,ALEXANDRE Elizabeth,AUS
fc2023,2223,0,women,individual,6,an so young,KOR
fc2023,2223,0,women,individual,7,PETRICEVIC Susan,NZL
fc2023,2223,0,women,individual,8,Ariadna MORONES NEGRETE,MEX
fc2023,2223,0,women,individual,9,LEBLANC-RICHARD Nicole,CAN
fc2023,2223,1,pairs,individual,1,EHRHARDT Karin,AUT
fc2023,2223,1,pairs,individual,2,Ayumi ONO,JPN
fc2023,2223,1,pairs,individual,3,Andrea DERBY,CAN
fc2023,2223,1,pairs,individual,4,MATHEWSON Stefanie,USA
fc2023,2223,1,pairs,individual,5,Allan BOEHM,SVK
fc2023,2223,1,pairs,individual,6,Natasa SKOK,SLO
fc2023,2223,1,pairs,individual,7,Agnieszka SWIDERSKA,POL
fc2023,2223,1,pairs,individual,8,SHI Wei,CHN
fc2023,2223,1,pairs,individual,9,Catherine L. TAYLOR,AUS
fc2023,2223,0,pairs,individual,1,SHI Wei,CHN
fc2023,2223,0,pairs,individual,2,BAKKER Ernestien,NED
fc2023,2223,0,pairs,individual,3,Natasa SKOK,SLO
fc2023,2223,0,pairs,individual,4,Andrea DERBY,CAN
fc2023,2223,0,pairs,individual,5,Ayumi ONO,JPN
fc2023,2223,0,pairs,individual,6,Allan BOEHM,SVK
fc2023,2223,0,pairs,individual,7,MATHEWSON Stefanie,USA
fc2023,2223,0,pairs,individual,8,Catherine L. TAYLOR,AUS
fc2023,2223,0,pairs,individual,9,EHRHARDT Karin,AUT
gpcan2022,2223,1,men,individual,1,AZUMA Etsuko,JPN
gpcan2022,2223,1,men,individual,2,EHALT Saara,FIN
gpcan2022,2223,1,men,individual,3,SHI Wei,CHN
gpcan2022,2223,1,men,individual,4,Bettina MEIER,SUI
gpcan2022,2223,1,men,individual,5,Massimo ORLANDINI,ITA
gpcan2022,2223,1,men,individual,6,Kevin ROSENSTEIN,USA
gpcan2022,2223,1,men,individual,7,MISUREC Miroslav,CZE
gpcan2022,2223,1,men,individual,8,KULIK Zanna,EST
gpcan2022,2223,1,men,individual,9,Lorna SCHRODER,CAN
gpcan2022,2223,0,men,individual,1,AZUMA Etsuko,JPN
gpcan2022,2223,0,men,individual,2,EHALT Saara,FIN
gpcan2022,2223,0,men,individual,3,SHI Wei,CHN
gpcan2022,2223,0,men,individual,4,Bettina MEIER,SUI
gpcan2022,2223,0,men,individual,5,Massimo ORLANDINI,ITA
gpcan2022,2223,0,men,individual,6,Kevin ROSENSTEIN,USA
gpcan2022,2223,0,men,individual,7,MISUREC Miroslav,CZE
gpcan2022,2223,0,men,individual,8,KULIK Zanna,EST
gpcan2022,2223,0,men,individual,9,Lorna SCHRODER,CAN
gpcan2022,2223,1,women,individual,1,kyung sakong won,KOR
gpcan2022,2223,1,women,individual,2,Kevin ROSENSTEIN,USA
gpcan2022,2223,1,women,individual,3,SHI Wei,CHN
gpcan2022,2223,1,women,individual,4,KULIK Zanna,EST
gpcan2022,2223,1,women,individual,5,CZOCZEK Ludwig,GER
gpcan2022,2223,1,women,individual,6,Akiko KOBAYASHI,JPN
gpcan2022,2223,1,women,individual,7,GOSSELIN Veronique,CAN
gpcan2022,2223,1,women,individual,8,EHALT Saara,FIN
gpcan2022,2223,1,women,individual,9,BAUDYS Frantisek,CZE
gpcan2022,2223,0,women,individual,1,kyung sakong won,KOR
gpcan2022,2223,0,women,individual,2,Kevin ROSENSTEIN,USA
gpcan2022,2223,0,women,individual,3,SHI Wei,CHN
gpcan2022,2223,0,women,individual,4,KULIK Zanna,EST
gpcan2022,2223,0,women,individual,5,CZOCZEK Ludwig,GER
gpcan2022,2223,0,women,individual,6,Akiko KOBAYASHI,JPN
gpcan2022,2223,0,women,individual,7,GOSSELIN Veronique,CAN
gpcan2022,2223,0,women,individual,8,EHALT Saara,FIN
gpcan2022,2223,0,women,individual,9,BAUDYS Frantisek,CZE
gpcan2022,2223,1,pairs,individual,1,Andrea DERBY,CAN
gpcan2022,2223,1,pairs,individual,2,Massimo ORLANDINI,ITA
gpcan2022,2223,1,pairs,individual,3,kyung sakong won,KOR
gpcan2022,2223,1,pairs,individual,4,CZOCZEK Ludwig,GER
gpcan2022,2223,1,pairs,individual,5,Mark STORTON,AUS
gpcan2022,2223,1,pairs,individual,6,BAUDYS Frantisek,CZE
gpcan2022,2223,1,pairs,individual,7,Kevin ROSENSTEIN,USA
gpcan2022,2223,1,pairs,individual,8,Bettina MEIER,SUI
gpcan2022,2223,1,pairs,individual,9,AZUMA Etsuko,JPN
gpcan2022,2223,0,pairs,individual,1,Andrea DERBY,CAN
gpcan2022,2223,0,pairs,individual,2,Massimo ORLANDINI,ITA
gpcan2022,2223,0,pairs,individual,3,kyung sakong won,KOR
gpcan2022,2223,0,pairs,individual,4,CZOCZEK Ludwig,GER
gpcan2022,2223,0,pairs,individual,5,Mark STORTON,AUS
gpcan2022,2223,0,pairs,individual,6,BAUDYS Frantisek,CZE
gpcan2022,2223,0,pairs,individual,7,Kevin ROSENSTEIN,USA
gpcan2022,2223,0,pairs,individual,8,Bettina MEIER,SUI
gpcan2022,2223,0,pairs,individual,9,AZUMA Etsuko,JPN
gpusa2022,2223,1,men,individual,1,Lorrie PARKER,USA
gpusa2022,2223,1,men,individual,2,KULIK Zanna,EST
gpusa2022,2223,1,men,individual,3,Ariadna MORONES NEGRETE,MEX
gpusa2022,2223,1,men,individual,4,Chihee RHEE,KOR
gpusa2022,2223,1,men,individual,5,Massimo ORLANDINI,ITA
gpusa2022,2223,1,men,individual,6,Andrew BOSCO,CAN
gpusa2022,2223,1,men,individual,7,POSNO Tineke,NED
gpusa2022,2223,1,men,individual,8,KUBOTA Masako,JPN
gpusa2022,2223,1,men,individual,9,MORITZ Patricia,AUS
gpusa2022,2223,0,men,individual,1,Lorrie PARKER,USA
gpusa2022,2223,0,men,individual,2,KULIK Zanna,EST
gpusa2022,2223,0,men,individual,3,Ariadna MORONES NEGRETE,MEX
gpusa2022,2223,0,men,individual,4,Chihee RHEE,KOR
gpusa2022,2223,0,men,individual,5,Massimo ORLANDINI,ITA
gpusa2022,2223,0,men,individual,6,Andrew BOSCO,CAN
gpusa2022,2223,0,men,individual,7,POSNO Tineke,NED
gpusa2022,2223,0,men,individual,8,KUBOTA Masako,JPN
gpusa2022,2223,0,men,individual,9,MORITZ Patricia,AUS
gpusa2022,2223,1,women,individual,1,sj&#214;quist susanne,SWE
gpusa2022,2223,1,women,individual,2,Ariadna MORONES NEGRETE,MEX
gpusa2022,2223,1,women,individual,3,KRAUZIENE Laimute,LTU
gpusa2022,2223,1,women,individual,4,Malgorzata SOBKOW,POL
gpusa2022,2223,1,women,individual,5,Kristina LUNDGREN,USA
gpusa2022,2223,1,women,individual,6,Chihee RHEE,KOR
gpusa2022,2223,1,women,individual,7,Jacqueline WICKETT-WARREN,CAN
gpusa2022,2223,1,women,individual,8,KUBOTA Masako,JPN
gpusa2022,2223,1,women,individual,9,BAYER Tobias,GER
gpusa2022,2223,0,women,individual,1,sj&#214;quist susanne,SWE
gpusa2022,2223,0,women,individual,2,Ariadna MORONES NEGRETE,MEX
gpusa2022,2223,0,women,individual,3,KRAUZIENE Laimute,LTU
gpusa2022,2223,0,women,individual,4,Malgorzata SOBKOW,POL
gpusa2022,2223,0,women,individual,5,Kristina LUNDGREN,USA
gpusa2022,2223,0,women,individual,6,Chihee RHEE,KOR
gpusa2022,2223,0,women,individual,7,Jacqueline WICKETT-WARREN,CAN
gpusa2022,2223,0,women,individual,8,KUBOTA Masako,JPN
gpusa2022,2223,0,women,individual,9,BAYER Tobias,GER
gpusa2022,2223,1,pairs,individual,1,HSU Steven,USA
gpusa2022,2223,1,pairs,individual,2,BAYER Tobias,GER
gpusa2022,2223,1,pairs,individual,3,Ariadna MORONES NEGRETE,MEX
gpusa2022,2223,1,pairs,individual,4,Massimo ORLANDINI,ITA
gpusa2022,2223,1,pairs,individual,5,Andrew BOSCO,CAN
gpusa2022,2223,1,pairs,individual,6,POSNO Tineke,NED
gpusa2022,2223,1,pairs,individual,7,sj&#214;quist susanne,SWE
gpusa2022,2223,1,pairs,individual,8,KRAUZIENE Laimute,LTU
gpusa2022,2223,1,pairs,individual,9,KULIK Zanna,EST
gpusa2022,2223,0,pairs,individual,1,HSU Steven,USA
gpusa2022,2223,0,pairs,individual,2,BAYER Tobias,GER
gpusa2022,2223,0,pairs,individual,3,Ariadna MORONES NEGRETE,MEX
gpusa2022,2223,0,pairs,individual,4,Massimo ORLANDINI,ITA
gpusa2022,2223,0,pairs,individual,5,Andrew BOSCO,CAN
gpusa2022,2223,0,pairs,individual,6,POSNO Tineke,NED
gpusa2022,2223,0,pairs,individual,7,sj&#214;quist susanne,SWE
gpusa2022,2223,0,pairs,individual,8,KRAUZIENE Laimute,LTU
gpusa2022,2223,0,pairs,individual,9,KULIK Zanna,EST
gpfra2022,2223,1,men,individual,1,KRUGLOVA Natalia,UKR
gpfra2022,2223,1,men,individual,2,Jung LEE Sue,KOR
gpfra2022,2223,1,men,individual,3,DE Francoise RAPPARD,BEL
gpfra2022,2223,1,men,individual,4,guskov yuriy,KAZ
gpfra2022,2223,1,men,individual,5,Kadi ZVIRIK,EST
gpfra2022,2223,1,men,individual,6,Nobuhiko YOSHIOKA,JPN
gpfra2022,2223,1,men,individual,7,Beth CRANE,CAN
gpfra2022,2223,1,men,individual,8,CUCUPHAT Helene,FRA
gpfra2022,2223,1,men,individual,9,HORKLOVA Marketa,CZE
gpfra2022,2223,0,men,individual,1,KRUGLOVA Natalia,UKR
gpfra2022,2223,0,men,individual,2,Jung LEE Sue,KOR
gpfra2022,2223,0,men,individual,3,DE Francoise RAPPARD,BEL
gpfra2022,2223,0,men,individual,4,guskov yuriy,KAZ
gpfra2022,2223,0,men,individual,5,Kadi ZVIRIK,EST
gpfra2022,2223,0,men,individual,6,Nobuhiko YOSHIOKA,JPN
gpfra2022,2223,0,men,individual,7,Beth CRANE,CAN
gpfra2022,2223,0,men,individual,8,CUCUPHAT Helene,FRA
gpfra2022,2223,0,men,individual,9,HORKLOVA Marketa,CZE
gpfra2022,2223,1,women,individual,1,VERRUE Veronique,FRA
gpfra2022,2223,1,women,individual,2,BELLMANN Kersten,GER
gpfra2022,2223,1,women,individual,3,BOL Greonne,NED
gpfra2022,2223,1,women,individual,4,Jung LEE Sue,KOR
gpfra2022,2223,1,women,individual,5,Nobuhiko YOSHIOKA,JPN
gpfra2022,2223,1,women,individual,6,DE Francoise RAPPARD,BEL
gpfra2022,2223,1,women,individual,7,CONACHER Ron,CAN
gpfra2022,2223,1,women,individual,8,Doug WILLIAMS,USA
gpfra2022,2223,1,women,individual,9,BIEGLER Thomas,AUT
gpfra2022,2223,0,women,individual,1,VERRUE Veronique,FRA
gpfra2022,2223,0,women,individual,2,BELLMANN Kersten,GER
gpfra2022,2223,0,women,individual,3,BOL Greonne,NED
gpfra2022,2223,0,women,individual,4,Jung LEE Sue,KOR
gpfra2022,2223,0,women,individual,5,Nobuhiko YOSHIOKA,JPN
gpfra2022,2223,0,women,individual,6,DE Francoise RAPPARD,BEL
gpfra2022,2223,0,women,individual,7,CONACHER Ron,CAN
gpfra2022,2223,0,women,individual,8,Doug WILLIAMS,USA
gpfra2022,2223,0,women,individual,9,BIEGLER Thomas,AUT
gpfra2022,2223,1,pairs,individual,1,Doug WILLIAMS,USA
gpfra2022,2223,1,pairs,individual,2,KRUGLOVA Natalia,UKR
gpfra2022,2223,1,pairs,individual,3,Beth CRANE,CAN
gpfra2022,2223,1,pairs,individual,4,BELLMANN Kersten,GER
gpfra2022,2223,1,pairs,individual,5,Kadi ZVIRIK,EST
gpfra2022,2223,1,pairs,individual,6,BOL Greonne,NED
gpfra2022,2223,1,pairs,individual,7,Florence VUYLSTEKER,FRA
gpfra2022,2223,1,pairs,individual,8,BIEGLER Thomas,AUT
gpfra2022,2223,1,pairs,individual,9,LEVSHUNOVA Yulia,GEO
gpfra2022,2223,0,pairs,individual,1,Doug WILLIAMS,USA
gpfra2022,2223,0,pairs,individual,2,KRUGLOVA Natalia,UKR
gpfra2022,2223,0,pairs,individual,3,Beth CRANE,CAN
gpfra2022,2223,0,pairs,individual,4,BELLMANN Kersten,GER
gpfra2022,2223,0,pairs,individual,5,Kadi ZVIRIK,EST
gpfra2022,2223,0,pairs,individual,6,BOL Greonne,NED
gpfra2022,2223,0,pairs,individual,7,Florence VUYLSTEKER,FRA
gpfra2022,2223,0,pairs,individual,8,BIEGLER Thomas,AUT
gpfra2022,2223,0,pairs,individual,9,LEVSHUNOVA Yulia,GEO
ec2024,2324,1,men,individual,1,Angelika ULLM,GER
ec2024,2324,1,men,individual,2,Anna KANTOR,ISR
ec2024,2324,1,men,individual,3,Agnieszka SWIDERSKA,POL
ec2024,2324,1,men,individual,4,Alice WALDER,SUI
ec2024,2324,1,men,individual,5,Anu NIINIRANTA,FIN
ec2024,2324,1,men,individual,6,ABELE Agita,LAT
ec2024,2324,1,men,individual,7,KULIK Zanna,EST
ec2024,2324,1,men,individual,8,HILKO Margery,IRL
ec2024,2324,1,men,individual,9,KRUGLOVA Natalia,UKR
ec2024,2324,0,men,individual,1,CUCUPHAT Helene,FRA
ec2024,2324,0,men,individual,2,Andrea SIMANCIKOVA,SVK
ec2024,2324,0,men,individual,3,ABELE Agita,LAT
ec2024,2324,0,men,individual,4,Anna KANTOR,ISR
ec2024,2324,0,men,individual,5,HENRIKSSON Katarina,SWE
ec2024,2324,0,men,individual,6,KULIK Zanna,EST
ec2024,2324,0,men,individual,7,HILKO Margery,IRL
ec2024,2324,0,men,individual,8,Alice WALDER,SUI
ec2024,2324,0,men,individual,9,AHISKAL Senem,TUR
ec2024,2324,1,women,individual,1,Anastasia PAPAGIANNOPOULOU,GRE
ec2024,2324,1,women,individual,2,FIALKOVA Hedviga,SVK
ec2024,2324,1,women,individual,3,CHAPMAN Mary,GBR
ec2024,2324,1,women,individual,4,Aniela HEBEL-SZMAK,POL
ec2024,2324,1,women,individual,5,CHIGOGIDZE Salome,GEO
ec2024,2324,1,women,individual,6,Edith SCHILLER,AUT
ec2024,2324,1,women,individual,7,DELIC Slobodan,SRB
ec2024,2324,1,women,individual,8,DE Francoise RAPPARD,BEL
ec2024,2324,1,women,individual,9,BOHLING Pernilla,FIN
ec2024,2324,0,women,individual,1,Aniela HEBEL-SZMAK,POL
ec2024,2324,0,women,individual,2,CHIGOGIDZE Salome,GEO
ec2024,2324,0,women,individual,3,DELIC Slobodan,SRB
ec2024,2324,0,women,individual,4,Edith SCHILLER,AUT
ec2024,2324,0,women,individual,5,DE Francoise RAPPARD,BEL
ec2024,2324,0,women,individual,6,CHAPMAN Mary,GBR
ec2024,2324,0,women,individual,7,Anastasia PAPAGIANNOPOULOU,GRE
ec2024,2324,0,women,individual,8,FIALKOVA Hedviga,SVK
ec2024,2324,0,women,individual,9,BOHLING Pernilla,FIN
ec2024,2324,1,pairs,individual,1,FEDCHENKO Igor,UKR
ec2024,2324,1,pairs,individual,2,Eva SZILAGYI,HUN
ec2024,2324,1,pairs,individual,3,Marta OLOZAGARRE,ESP
ec2024,2324,1,pairs,individual,4,TOIGO Walter,ITA
ec2024,2324,1,pairs,individual,5,BOL Greonne,NED
ec2024,2324,1,pairs,individual,6,CEROVAC Josip,CRO
ec2024,2324,1,pairs,individual,7,BINDER Elisabeth,AUT
ec2024,2324,1,pairs,individual,8,VERRUE Veronique,FRA
ec2024,2324,1,pairs,individual,9,BLANC Christine,SUI
ec2024,2324,0,pairs,individual,1,DAVIDSSON Laila,SWE
ec2024,2324,0,pairs,individual,2,Eva SZILAGYI,HUN
ec2024,2324,0,pairs,individual,3,Elizabeth LITTLER M.B.E.,GBR
ec2024,2324,0,pairs,individual,4,Marta OLOZAGARRE,ESP
ec2024,2324,0,pairs,individual,5,BLANC Christine,SUI
ec2024,2324,0,pairs,individual,6,BINDER Elisabeth,AUT
ec2024,2324,0,pairs,individual,7,SMIDOVA Stanislava,CZE
ec2024,2324,0,pairs,individual,8,BOL Greonne,NED
ec2024,2324,0,pairs,individual,9,Anja RIST,GER
wc2024,2324,1,men,individual,1,CUCUPHAT Helene,FRA
wc2024,2324,1,men,individual,2,Bernhard JUST,AUT
wc2024,2324,1,men,individual,3,Anna KANTOR,ISR
wc2024,2324,1,men,individual,4,BLANC Christine,SUI
wc2024,2324,1,men,individual,5,ANILDI Ebru,TUR
wc2024,2324,1,men,individual,6,KRUGLOVA Natalia,UKR
wc2024,2324,1,men,individual,7,DELFA Daniel,ESP
wc2024,2324,1,men,individual,8,Tatiana YORDANOVA,BUL
wc2024,2324,1,men,individual,9,Asa NORDBACK,SWE
wc2024,2324,0,men,individual,1,CUCUPHAT Helene,FRA
wc2024,2324,0,men,individual,2,Kodrin Lovorka,CRO
wc2024,2324,0,men,individual,3,KLIUSHNIKOV Yury,AZE
wc2024,2324,0,men,individual,4,KEEN Leslie,CAN
wc2024,2324,0,men,individual,5,Asa NORDBACK,SWE
wc2024,2324,0,men,individual,6,Bernhard JUST,AUT
wc2024,2324,0,men,individual,7,Anna KANTOR,ISR
wc2024,2324,0,men,individual,8,an so young,KOR
wc2024,2324,0,men,individual,9,DELFA Daniel,ESP
wc2024,2324,1,women,individual,1,Andrea SIMANCIKOVA,SVK
wc2024,2324,1,women,individual,2,POPOVA Vessela,BUL
wc2024,2324,1,women,individual,3,MORANDI Tiziana,ITA
wc2024,2324,1,women,individual,4,VIKARNE-HOMOLYA Zsuzsanna,HUN
wc2024,2324,1,women,individual,5,Anna SIEROCKA,POL
wc2024,2324,1,women,individual,6,jensen lise rosto,NOR
wc2024,2324,1,women,individual,7,ABELE Agita,LAT
wc2024,2324,1,women,individual,8,Ayumi ONO,JPN
wc2024,2324,1,women,individual,9,Beth CRANE,CAN
wc2024,2324,0,women,individual,1,BESCHEA Marina,ROU
wc2024,2324,0,women,individual,2,MORANDI Tiziana,ITA
wc2024,2324,0,women,individual,3,LESKINEN Pekka,FIN
wc2024,2324,0,women,individual,4,Anna SIEROCKA,POL
wc2024,2324,0,women,individual,5,CURRIE Deborah,USA
wc2024,2324,0,women,individual,6,Jung LEE Sue,KOR
wc2024,2324,0,women,individual,7,Beth CRANE,CAN
wc2024,2324,0,women,individual,8,ABELE Agita,LAT
wc2024,2324,0,women,individual,9,VIKARNE-HOMOLYA Zsuzsanna,HUN
wc2024,2324,1,pairs,individual,1,HORIUCHI Ritsuko,JPN
wc2024,2324,1,pairs,individual,2,CHIGOGIDZE Salome,GEO
wc2024,2324,1,pairs,individual,3,iryna medvedieva,UKR
wc2024,2324,1,pairs,individual,4,VERRUE Veronique,FRA
wc2024,2324,1,pairs,individual,5,WANG Yu,CHN
wc2024,2324,1,pairs,individual,6,TAUCHMANOVA Vera,CZE
wc2024,2324,1,pairs,individual,7,KIMMINUS Kerstin,GER
wc2024,2324,1,pairs,individual,8,Attila SOOS,HUN
wc2024,2324,1,pairs,individual,9,Gloria MORANDI,ITA
wc2024,2324,0,pairs,individual,1,Gloria MORANDI,ITA
wc2024,2324,0,pairs,individual,2,BAKKER Ernestien,NED
wc2024,2324,0,pairs,individual,3,CHIGOGIDZE Salome,GEO
wc2024,2324,0,pairs,individual,4,Anne CAMMETT,USA
wc2024,2324,0,pairs,individual,5,Deborah ISLAM,CAN
wc2024,2324,0,pairs,individual,6,Attila SOOS,HUN
wc2024,2324,0,pairs,individual,7,KIMMINUS Kerstin,GER
wc2024,2324,0,pairs,individual,8,Deborah NOYES,AUS
wc2024,2324,0,pairs,individual,9,HORIUCHI Ritsuko,JPN
fc2024,2324,1,men,individual,1,HOWARD Karen,CAN
fc2024,2324,1,men,individual,2,Ariadna MORONES NEGRETE,MEX
fc2024,2324,1,men,individual,3,GRAHAM Peggy,USA
fc2024,2324,1,men,individual,4,BRAMBATI Claudia,ITA
fc2024,2324,1,men,individual,5,Ayumi ONO,JPN
fc2024,2324,1,men,individual,6,CHOW Edward Ka-Yin,HKG
fc2024,2324,1,men,individual,7,Dan FANG,CHN
fc2024,2324,1,men,individual,8,DU Evelyn Katherine PREEZ,AUS
fc2024,2324,1,men,individual,9,HILKO Margery,IRL
fc2024,2324,0,men,individual,1,Ariadna MORONES NEGRETE,MEX
fc2024,2324,0,men,individual,2,BRAMBATI Claudia,ITA
fc2024,2324,0,men,individual,3,HOWARD Karen,CAN
fc2024,2324,0,men,individual,4,DU Evelyn Katherine PREEZ,AUS
fc2024,2324,0,men,individual,5,POSNO Tineke,NED
fc2024,2324,0,men,individual,6,CHOW Edward Ka-Yin,HKG
fc2024,2324,0,men,individual,7,Ayumi ONO,JPN
fc2024,2324,0,men,individual,8,Dan FANG,CHN
fc2024,2324,0,men,individual,9,GRAHAM Peggy,USA
fc2024,2324,1,women,individual,1,Nobuhiko YOSHIOKA,JPN
fc2024,2324,1,women,individual,2,martinez sasha,MEX
fc2024,2324,1,women,individual,3,Andrew BOSCO,CAN
fc2024,2324,1,women,individual,4,CHEN Dan,HKG
fc2024,2324,1,women,individual,5,NUMANOVA Saodat,UZB
fc2024,2324,1,women,individual,6,Jung LEE Sue,KOR
fc2024,2324,1,women,individual,7,Anne Kylie YACOPETTI,AUS
fc2024,2324,1,women,individual,8,MATHEWSON Stefanie,USA
fc2024,2324,1,women,individual,9,WANG Yumin,CHN
fc2024,2324,0,women,individual,1,Andrew BOSCO,CAN
fc2024,2324,0,women,individual,2,Anne Kylie YACOPETTI,AUS
fc2024,2324,0,women,individual,3,NUMANOVA Saodat,UZB
fc2024,2324,0,women,individual,4,CHEN Dan,HKG
fc2024,2324,0,women,individual,5,WANG Yumin,CHN
fc2024,2324,0,women,individual,6,martinez sasha,MEX
fc2024,2324,0,women,individual,7,MATHEWSON Stefanie,USA
fc2024,2324,0,women,individual,8,Jung LEE Sue,KOR
fc2024,2324,0,women,individual,9,Nobuhiko YOSHIOKA,JPN
fc2024,2324,1,pairs,individual,1,BATES Leah,AUS
fc2024,2324,1,pairs,individual,2,CHEN Weiguang,CHN
fc2024,2324,1,pairs,individual,3,BAYER Tobias,GER
fc2024,2324,1,pairs,individual,4,OGAWA Yuko,JPN
fc2024,2324,1,pairs,individual,5,DUBRAVCIC SIMUNJAK Sanda,CRO
fc2024,2324,1,pairs,individual,6,Allan BOEHM,SVK
fc2024,2324,1,pairs,individual,7,FORTIN Glenn,CAN
fc2024,2324,1,pairs,individual,8,ABELE Agita,LAT
fc2024,2324,1,pairs,individual,9,Lorrie PARKER,USA
fc2024,2324,0,pairs,individual,1,DUBRAVCIC SIMUNJAK Sanda,CRO
fc2024,2324,0,pairs,individual,2,Allan BOEHM,SVK
fc2024,2324,0,pairs,individual,3,CHEN Weiguang,CHN
fc2024,2324,0,pairs,individual,4,OGAWA Yuko,JPN
fc2024,2324,0,pairs,individual,5,FORTIN Glenn,CAN
fc2024,2324,0,pairs,individual,6,BATES Leah,AUS
fc2024,2324,0,pairs,individual,7,ABELE Agita,LAT
fc2024,2324,0,pairs,individual,8,Lorrie PARKER,USA
fc2024,2324,0,pairs,individual,9,KRUSEC Matjaz,SLO
gpcan2023,2324,1,men,individual,1,KUNO Yoko,JPN
gpcan2023,2324,1,men,individual,2,KULIK Zanna,EST
gpcan2023,2324,1,men,individual,3,Anna KANTOR,ISR
gpcan2023,2324,1,men,individual,4,KIMMINUS Kerstin,GER
gpcan2023,2324,1,men,individual,5,CURRIE Deborah,USA
gpcan2023,2324,1,men,individual,6,Nadezhda PARETSKAIA,KAZ
gpcan2023,2324,1,men,individual,7,FERRARIO Pinuccia,ITA
gpcan2023,2324,1,men,individual,8,FORTIN Reaghan,CAN
gpcan2023,2324,1,men,individual,9,Jung LEE Sue,KOR
gpcan2023,2324,0,men,individual,1,KUNO Yoko,JPN
gpcan2023,2324,0,men,individual,2,KULIK Zanna,EST
gpcan2023,2324,0,men,individual,3,Anna KANTOR,ISR
gpcan2023,2324,0,men,individual,4,KIMMINUS Kerstin,GER
gpcan2023,2324,0,men,individual,5,CURRIE Deborah,USA
gpcan2023,2324,0,men,individual,6,Nadezhda PARETSKAIA,KAZ
gpcan2023,2324,0,men,individual,7,FERRARIO Pinuccia,ITA
gpcan2023,2324,0,men,individual,8,FORTIN Reaghan,CAN
gpcan2023,2324,0,men,individual,9,Jung LEE Sue,KOR
gpcan2023,2324,1,women,individual,1,Eva SZILAGYI,HUN
gpcan2023,2324,1,women,individual,2,Jung LEE Sue,KOR
gpcan2023,2324,1,women,individual,3,BAKKER Ernestien,NED
gpcan2023,2324,1,women,individual,4,CURRIE Deborah,USA
gpcan2023,2324,1,women,individual,5,FERRARIO Pinuccia,ITA
gpcan2023,2324,1,women,individual,6,anne harris karen,AUS
gpcan2023,2324,1,women,individual,7,KUNO Yoko,JPN
gpcan2023,2324,1,women,individual,8,Andreas WALDECK,GER
gpcan2023,2324,1,women,individual,9,Beth CRANE,CAN
gpcan2023,2324,0,women,individual,1,Eva SZILAGYI,HUN
gpcan2023,2324,0,women,individual,2,Jung LEE Sue,KOR
gpcan2023,2324,0,women,individual,3,BAKKER Ernestien,NED
gpcan2023,2324,0,women,individual,4,CURRIE Deborah,USA
gpcan2023,2324,0,women,individual,5,FERRARIO Pinuccia,ITA
gpcan2023,2324,0,women,individual,6,anne harris karen,AUS
gpcan2023,2324,0,women,individual,7,KUNO Yoko,JPN
gpcan2023,2324,0,women,individual,8,Andreas WALDECK,GER
gpcan2023,2324,0,women,individual,9,Beth CRANE,CAN
gpcan2023,2324,1,pairs,individual,1,KRAUZIENE Laimute,LTU
gpcan2023,2324,1,pairs,individual,2,FERRARIO Pinuccia,ITA
gpcan2023,2324,1,pairs,individual,3,BAKKER Ernestien,NED
gpcan2023,2324,1,pairs,individual,4,Andreas WALDECK,GER
gpcan2023,2324,1,pairs,individual,5,KULIK Zanna,EST
gpcan2023,2324,1,pairs,individual,6,FORTIN Glenn,CAN
gpcan2023,2324,1,pairs,individual,7,Eva SZILAGYI,HUN
gpcan2023,2324,1,pairs,individual,8,anne harris karen,AUS
gpcan2023,2324,1,pairs,individual,9,Nadezhda PARETSKAIA,KAZ
gpcan2023,2324,0,pairs,individual,1,KRAUZIENE Laimute,LTU
gpcan2023,2324,0,pairs,individual,2,FERRARIO Pinuccia,ITA
gpcan2023,2324,0,pairs,individual,3,BAKKER Ernestien,NED
gpcan2023,2324,0,pairs,individual,4,Andreas WALDECK,GER
gpcan2023,2324,0,pairs,individual,5,KULIK Zanna,EST
gpcan2023,2324,0,pairs,individual,6,FORTIN Glenn,CAN
gpcan2023,2324,0,pairs,individual,7,Eva SZILAGYI,HUN
gpcan2023,2324,0,pairs,individual,8,anne harris karen,AUS
gpcan2023,2324,0,pairs,individual,9,Nadezhda PARETSKAIA,KAZ
gpusa2023,2324,1,men,individual,1,DECK Deveny,USA
gpusa2023,2324,1,men,individual,2,LEVSHUNOVA Yulia,GEO
gpusa2023,2324,1,men,individual,3,LEBLANC-RICHARD Nicole,CAN
gpusa2023,2324,1,men,individual,4,OGAWA Yuko,JPN
gpusa2023,2324,1,men,individual,5,ABELE Agita,LAT
gpusa2023,2324,1,men,individual,6,KLIUSHNIKOV Yury,AZE
gpusa2023,2324,1,men,individual,7,antony grevisse,BEL
gpusa2023,2324,1,men,individual,8,DAVIDSSON Laila,SWE
gpusa2023,2324,1,men,individual,9,Florence VUYLSTEKER,FRA
gpusa2023,2324,0,men,individual,1,DECK Deveny,USA
gpusa2023,2324,0,men,individual,2,LEVSHUNOVA Yulia,GEO
gpusa2023,2324,0,men,individual,3,LEBLANC-RICHARD Nicole,CAN
gpusa2023,2324,0,men,individual,4,OGAWA Yuko,JPN
gpusa2023,2324,0,men,individual,5,ABELE Agita,LAT
gpusa2023,2324,0,men,individual,6,KLIUSHNIKOV Yury,AZE
gpusa2023,2324,0,men,individual,7,antony grevisse,BEL
gpusa2023,2324,0,men,individual,8,DAVIDSSON Laila,SWE
gpusa2023,2324,0,men,individual,9,Florence VUYLSTEKER,FRA
gpusa2023,2324,1,women,individual,1,ENZMANN Wendy,USA
gpusa2023,2324,1,women,individual,2,OGAWA Yuko,JPN
gpusa2023,2324,1,women,individual,3,GERWEN-MAAS Nicole VAN,NED
gpusa2023,2324,1,women,individual,4,Agnieszka SWIDERSKA,POL
gpusa2023,2324,1,women,individual,5,an so young,KOR
gpusa2023,2324,1,women,individual,6,antony grevisse,BEL
gpusa2023,2324,1,women,individual,7,Kadi ZVIRIK,EST
gpusa2023,2324,1,women,individual,8,Hui LIU,CHN
gpusa2023,2324,1,women,individual,9,AGOSTINI DE Virginia,ITA
gpusa2023,2324,0,women,individual,1,ENZMANN Wendy,USA
gpusa2023,2324,0,women,individual,2,OGAWA Yuko,JPN
gpusa2023,2324,0,women,individual,3,GERWEN-MAAS Nicole VAN,NED
gpusa2023,2324,0,women,individual,4,Agnieszka SWIDERSKA,POL
gpusa2023,2324,0,women,individual,5,an so young,KOR
gpusa2023,2324,0,women,individual,6,antony grevisse,BEL
gpusa2023,2324,0,women,individual,7,Kadi ZVIRIK,EST
gpusa2023,2324,0,women,individual,8,Hui LIU,CHN
gpusa2023,2324,0,women,individual,9,AGOSTINI DE Virginia,ITA
gpusa2023,2324,1,pairs,individual,1,OGAWA Yuko,JPN
gpusa2023,2324,1,pairs,individual,2,JOHNSON Laurie,USA
gpusa2023,2324,1,pairs,individual,3,Florence VUYLSTEKER,FRA
gpusa2023,2324,1,pairs,individual,4,ABELE Agita,LAT
gpusa2023,2324,1,pairs,individual,5,LEBLANC-RICHARD Nicole,CAN
gpusa2023,2324,1,pairs,individual,6,GERWEN-MAAS Nicole VAN,NED
gpusa2023,2324,1,pairs,individual,7,Hui LIU,CHN
gpusa2023,2324,1,pairs,individual,8,AGOSTINI DE Virginia,ITA
gpusa2023,2324,1,pairs,individual,9,Claudia STAHNKE,GER
gpusa2023,2324,0,pairs,individual,1,OGAWA Yuko,JPN
gpusa2023,2324,0,pairs,individual,2,JOHNSON Laurie,USA
gpusa2023,2324,0,pairs,individual,3,Florence VUYLSTEKER,FRA
gpusa2023,2324,0,pairs,individual,4,ABELE Agita,LAT
gpusa2023,2324,0,pairs,individual,5,LEBLANC-RICHARD Nicole,CAN
gpusa2023,2324,0,pairs,individual,6,GERWEN-MAAS Nicole VAN,NED
gpusa2023,2324,0,pairs,individual,7,Hui LIU,CHN
gpusa2023,2324,0,pairs,individual,8,AGOSTINI DE Virginia,ITA
gpusa2023,2324,0,pairs,individual,9,Claudia STAHNKE,GER
gpfra2023,2324,1,men,individual,1,CUCUPHAT Helene,FRA
gpfra2023,2324,1,men,individual,2,PIPOH Rolf,GER
gpfra2023,2324,1,men,individual,3,ROSENBLUTH Robert,USA
gpfra2023,2324,1,men,individual,4,LESKINEN Pekka,FIN
gpfra2023,2324,1,men,individual,5,Nobuhiko YOSHIOKA,JPN
gpfra2023,2324,1,men,individual,6,WANG Yumin,CHN
gpfra2023,2324,1,men,individual,7,BRAMBATI Claudia,ITA
gpfra2023,2324,1,men,individual,8,hans-ulrich luethi,SUI
gpfra2023,2324,1,men,individual,9,Marta OLOZAGARRE,ESP
gpfra2023,2324,0,men,individual,1,CUCUPHAT Helene,FRA
gpfra2023,2324,0,men,individual,2,PIPOH Rolf,GER
gpfra2023,2324,0,men,individual,3,ROSENBLUTH Robert,USA
gpfra2023,2324,0,men,individual,4,LESKINEN Pekka,FIN
gpfra2023,2324,0,men,individual,5,Nobuhiko YOSHIOKA,JPN
gpfra2023,2324,0,men,individual,6,WANG Yumin,CHN
gpfra2023,2324,0,men,individual,7,BRAMBATI Claudia,ITA
gpfra2023,2324,0,men,individual,8,hans-ulrich luethi,SUI
gpfra2023,2324,0,men,individual,9,Marta OLOZAGARRE,ESP
gpfra2023,2324,1,women,individual,1,Albert SAADI,MON
gpfra2023,2324,1,women,individual,2,ROSENBLUTH Robert,USA
gpfra2023,2324,1,women,individual,3,Melanie PRAGUE,FRA
gpfra2023,2324,1,women,individual,4,DE Francoise RAPPARD,BEL
gpfra2023,2324,1,women,individual,5,Chihee RHEE,KOR
gpfra2023,2324,1,women,individual,6,Nobuhiko YOSHIOKA,JPN
gpfra2023,2324,1,women,individual,7,LESKINEN Pekka,FIN
gpfra2023,2324,1,women,individual,8,hans-ulrich luethi,SUI
gpfra2023,2324,1,women,individual,9,PIPOH Rolf,GER
gpfra2023,2324,0,women,individual,1,Albert SAADI,MON
gpfra2023,2324,0,women,individual,2,ROSENBLUTH Robert,USA
gpfra2023,2324,0,women,individual,3,Melanie PRAGUE,FRA
gpfra2023,2324,0,women,individual,4,DE Francoise RAPPARD,BEL
gpfra2023,2324,0,women,individual,5,Chihee RHEE,KOR
gpfra2023,2324,0,women,individual,6,Nobuhiko YOSHIOKA,JPN
gpfra2023,2324,0,women,individual,7,LESKINEN Pekka,FIN
gpfra2023,2324,0,women,individual,8,hans-ulrich luethi,SUI
gpfra2023,2324,0,women,individual,9,PIPOH Rolf,GER
gpfra2023,2324,1,pairs,individual,1,ROSENBLUTH Robert,USA
gpfra2023,2324,1,pairs,individual,2,DE Francoise RAPPARD,BEL
gpfra2023,2324,1,pairs,individual,3,VERRUE Veronique,FRA
gpfra2023,2324,1,pairs,individual,4,KLEIN Patty,CAN
gpfra2023,2324,1,pairs,individual,5,Marta OLOZAGARRE,ESP
gpfra2023,2324,1,pairs,individual,6,Albert SAADI,MON
gpfra2023,2324,1,pairs,individual,7,WANG Yumin,CHN
gpfra2023,2324,1,pairs,individual,8,BRAMBATI Claudia,ITA
gpfra2023,2324,1,pairs,individual,9,Chihee RHEE,KOR
gpfra2023,2324,0,pairs,individual,1,ROSENBLUTH Robert,USA
gpfra2023,2324,0,pairs,individual,2,DE Francoise RAPPARD,BEL
gpfra2023,2324,0,pairs,individual,3,VERRUE Veronique,FRA
gpfra2023,2324,0,pairs,individual,4,KLEIN Patty,CAN
gpfra2023,2324,0,pairs,individual,5,Marta OLOZAGARRE,ESP
gpfra2023,2324,0,pairs,individual,6,Albert SAADI,MON
gpfra2023,2324,0,pairs,individual,7,WANG Yumin,CHN
gpfra2023,2324,0,pairs,individual,8,BRAMBATI Claudia,ITA
gpfra2023,2324,0,pairs,individual,9,Chihee RHEE,KOR
ec2025,2425,1,men,individual,1,CZOCZEK Ludwig,GER
ec2025,2425,1,men,individual,2,KANKAANRANTA Marjo,FIN
ec2025,2425,1,men,individual,3,CHIGOGIDZE Salome,GEO
ec2025,2425,1,men,individual,4,Agnieszka SWIDERSKA,POL
ec2025,2425,1,men,individual,5,Andrea SIMANCIKOVA,SVK
ec2025,2425,1,men,individual,6,ANILDI Ebru,TUR
ec2025,2425,1,men,individual,7,ABELE Agita,LAT
ec2025,2425,1,men,individual,8,DELFA Daniel,ESP
ec2025,2425,1,men,individual,9,TAUCHMANOVA Vera,CZE
ec2025,2425,0,men,individual,1,EHRHARDT Karin,AUT
ec2025,2425,0,men,individual,2,TAUCHMANOVA Vera,CZE
ec2025,2425,0,men,individual,3,CZOCZEK Ludwig,GER
ec2025,2425,0,men,individual,4,BUTTARELLI Marco,ITA
ec2025,2425,0,men,individual,5,Andrea SIMANCIKOVA,SVK
ec2025,2425,0,men,individual,6,CHIGOGIDZE Salome,GEO
ec2025,2425,0,men,individual,7,Kadi ZVIRIK,EST
ec2025,2425,0,men,individual,8,Agnieszka SWIDERSKA,POL
ec2025,2425,0,men,individual,9,POPOVA Vessela,BUL
ec2025,2425,1,women,individual,1,Tatiana YORDANOVA,BUL
ec2025,2425,1,women,individual,2,Karolina MATESA,SWE
ec2025,2425,1,women,individual,3,RISTANEN Tarja,FIN
ec2025,2425,1,women,individual,4,LJUJIC Milica,SRB
ec2025,2425,1,women,individual,5,HEUSINGER Katharina,GER
ec2025,2425,1,women,individual,6,Florence VUYLSTEKER,FRA
ec2025,2425,1,women,individual,7,Alice WALDER,SUI
ec2025,2425,1,women,individual,8,Kari-Anne OLSEN,NOR
ec2025,2425,1,women,individual,9,Breda MARINSEK,SLO
ec2025,2425,0,women,individual,1,Tatiana YORDANOVA,BUL
ec2025,2425,0,women,individual,2,Alice WALDER,SUI
ec2025,2425,0,women,individual,3,Anna KANTOR,ISR
ec2025,2425,0,women,individual,4,Karolina MATESA,SWE
ec2025,2425,0,women,individual,5,Florence VUYLSTEKER,FRA
ec2025,2425,0,women,individual,6,MORANDI Tiziana,ITA
ec2025,2425,0,women,individual,7,Jitka MOKRA,CZE
ec2025,2425,0,women,individual,8,HEUSINGER Katharina,GER
ec2025,2425,0,women,individual,9,Breda MARINSEK,SLO
ec2025,2425,1,pairs,individual,1,iryna medvedieva,UKR
ec2025,2425,1,pairs,individual,2,Attila SOOS,HUN
ec2025,2425,1,pairs,individual,3,BOHLING Pernilla,FIN
ec2025,2425,1,pairs,individual,4,Ann FINDLAY,GBR
ec2025,2425,1,pairs,individual,5,BAKKER Ernestien,NED
ec2025,2425,1,pairs,individual,6,KIMMINUS Kerstin,GER
ec2025,2425,1,pairs,individual,7,sj&#214;quist susanne,SWE
ec2025,2425,1,pairs,individual,8,DE Francoise RAPPARD,BEL
ec2025,2425,1,pairs,individual,9,Gloria MORANDI,ITA
ec2025,2425,0,pairs,individual,1,BAKKER Ernestien,NED
ec2025,2425,0,pairs,individual,2,Ann FINDLAY,GBR
ec2025,2425,0,pairs,individual,3,BIEGLER Thomas,AUT
ec2025,2425,0,pairs,individual,4,Anthony LEROY,FRA
ec2025,2425,0,pairs,individual,5,KIMMINUS Kerstin,GER
ec2025,2425,0,pairs,individual,6,Magdalena RUSIECKA,POL
ec2025,2425,0,pairs,individual,7,HORKLOVA Marketa,CZE
ec2025,2425,0,pairs,individual,8,Attila SOOS,HUN
ec2025,2425,0,pairs,individual,9,DE Francoise RAPPARD,BEL
wc2025,2425,1,men,individual,1,Feng HUANG,CHN
wc2025,2425,1,men,individual,2,CEROVAC Josip,CRO
wc2025,2425,1,men,individual,3,Anu NIINIRANTA,FIN
wc2025,2425,1,men,individual,4,Anna KANTOR,ISR
wc2025,2425,1,men,individual,5,Anthony LEROY,FRA
wc2025,2425,1,men,individual,6,Tatiana YORDANOVA,BUL
wc2025,2425,1,men,individual,7,Claire SHEPHERD,GBR
wc2025,2425,1,men,individual,8,Kadi ZVIRIK,EST
wc2025,2425,1,men,individual,9,DAVIDSSON Laila,SWE
wc2025,2425,0,men,individual,1,CEROVAC Josip,CRO
wc2025,2425,0,men,individual,2,Akos PETHES,HUN
wc2025,2425,0,men,individual,3,Anna KANTOR,ISR
wc2025,2425,0,men,individual,4,Elke TREITZ,GER
wc2025,2425,0,men,individual,5,Anu NIINIRANTA,FIN
wc2025,2425,0,men,individual,6,SMIDOVA Stanislava,CZE
wc2025,2425,0,men,individual,7,Claire SHEPHERD,GBR
wc2025,2425,0,men,individual,8,Kadi ZVIRIK,EST
wc2025,2425,0,men,individual,9,ABELE Agita,LAT
wc2025,2425,1,women,individual,1,Albert ZAYDMAN,ISR
wc2025,2425,1,women,individual,2,FIALKOVA Hedviga,SVK
wc2025,2425,1,women,individual,3,MISUREC Miroslav,CZE
wc2025,2425,1,women,individual,4,Florence VUYLSTEKER,FRA
wc2025,2425,1,women,individual,5,hege jensen rosto,NOR
wc2025,2425,1,women,individual,6,BINZ-MOSER Prisca,SUI
wc2025,2425,1,women,individual,7,HORIUCHI Ritsuko,JPN
wc2025,2425,1,women,individual,8,Massimo ORLANDINI,ITA
wc2025,2425,1,women,individual,9,BESCHEA Marina,ROU
wc2025,2425,0,women,individual,1,HENRIKSSON Katarina,SWE
wc2025,2425,0,women,individual,2,MISUREC Miroslav,CZE
wc2025,2425,0,women,individual,3,Massimo ORLANDINI,ITA
wc2025,2425,0,women,individual,4,BINZ-MOSER Prisca,SUI
wc2025,2425,0,women,individual,5,HORIUCHI Ritsuko,JPN
wc2025,2425,0,women,individual,6,DE Francoise RAPPARD,BEL
wc2025,2425,0,women,individual,7,ROSENBLUTH Robert,USA
wc2025,2425,0,women,individual,8,Aniela HEBEL-SZMAK,POL
wc2025,2425,0,women,individual,9,Florence VUYLSTEKER,FRA
wc2025,2425,1,pairs,individual,1,FEDCHENKO Igor,UKR
wc2025,2425,1,pairs,individual,2,POSNO Tineke,NED
wc2025,2425,1,pairs,individual,3,Hailan JIANG,CHN
wc2025,2425,1,pairs,individual,4,Asa NORDBACK,SWE
wc2025,2425,1,pairs,individual,5,CHAPMAN Mary,GBR
wc2025,2425,1,pairs,individual,6,Gloria MORANDI,ITA
wc2025,2425,1,pairs,individual,7,CHIGOGIDZE Salome,GEO
wc2025,2425,1,pairs,individual,8,Kevin ROSENSTEIN,USA
wc2025,2425,1,pairs,individual,9,Nobuhiko YOSHIOKA,JPN
wc2025,2425,0,pairs,individual,1,POSNO Tineke,NED
wc2025,2425,0,pairs,individual,2,BOHLING Pernilla,FIN
wc2025,2425,0,pairs,individual,3,Magdalena RUSIECKA,POL
wc2025,2425,0,pairs,individual,4,Noemi STIPKOVITS,HUN
wc2025,2425,0,pairs,individual,5,Kevin ROSENSTEIN,USA
wc2025,2425,0,pairs,individual,6,BINDER Elisabeth,AUT
wc2025,2425,0,pairs,individual,7,Nobuhiko YOSHIOKA,JPN
wc2025,2425,0,pairs,individual,8,Gloria MORANDI,ITA
wc2025,2425,0,pairs,individual,9,FEDCHENKO Igor,UKR
fc2025,2425,1,men,individual,1,Jung LEE Sue,KOR
fc2025,2425,1,men,individual,2,Ariadna MORONES NEGRETE,MEX
fc2025,2425,1,men,individual,3,NUMANOVA Saodat,UZB
fc2025,2425,1,men,individual,4,Joanna MILLER,AUS
fc2025,2425,1,men,individual,5,MAEDA Mami,JPN
fc2025,2425,1,men,individual,6,Nadezhda PARETSKAIA,KAZ
fc2025,2425,1,men,individual,7,Rui ZHAO,CHN
fc2025,2425,1,men,individual,8,ALLAIN Andre-Marc,CAN
fc2025,2425,1,men,individual,9,HSU Steven,USA
fc2025,2425,0,men,individual,1,Rui ZHAO,CHN
fc2025,2425,0,men,individual,2,ALLAIN Andre-Marc,CAN
fc2025,2425,0,men,individual,3,NUMANOVA Saodat,UZB
fc2025,2425,0,men,individual,4,Nadezhda PARETSKAIA,KAZ
fc2025,2425,0,men,individual,5,Jung LEE Sue,KOR
fc2025,2425,0,men,individual,6,Joanna MILLER,AUS
fc2025,2425,0,men,individual,7,HSU Steven,USA
fc2025,2425,0,men,individual,8,MAEDA Mami,JPN
fc2025,2425,0,men,individual,9,Ariadna MORONES NEGRETE,MEX
fc2025,2425,1,women,individual,1,CHEN Weiguang,CHN
fc2025,2425,1,women,individual,2,Nobuhiko YOSHIOKA,JPN
fc2025,2425,1,women,individual,3,GARRARD Neil,RSA
fc2025,2425,1,women,individual,4,Hee KOH Sung,KOR
fc2025,2425,1,women,individual,5,Anne CAMMETT,USA
fc2025,2425,1,women,individual,6,ALEXANDRE Elizabeth,AUS
fc2025,2425,1,women,individual,7,BESCHEA Marina,ROU
fc2025,2425,1,women,individual,8,martinez sasha,MEX
fc2025,2425,1,women,individual,9,Jeff LUKASIK,CAN
fc2025,2425,0,women,individual,1,CHEN Weiguang,CHN
fc2025,2425,0,women,individual,2,GARRARD Neil,RSA
fc2025,2425,0,women,individual,3,Jeff LUKASIK,CAN
fc2025,2425,0,women,individual,4,Nobuhiko YOSHIOKA,JPN
fc2025,2425,0,women,individual,5,ALEXANDRE Elizabeth,AUS
fc2025,2425,0,women,individual,6,Anne CAMMETT,USA
fc2025,2425,0,women,individual,7,Hee KOH Sung,KOR
fc2025,2425,0,women,individual,8,martinez sasha,MEX
fc2025,2425,0,women,individual,9,BESCHEA Marina,ROU
fc2025,2425,1,pairs,individual,1,DELIC Slobodan,SRB
fc2025,2425,1,pairs,individual,2,PETRICEVIC Susan,NZL
fc2025,2425,1,pairs,individual,3,KEEN Leslie,CAN
fc2025,2425,1,pairs,individual,4,OGAWA Yuko,JPN
fc2025,2425,1,pairs,individual,5,ABELE Agita,LAT
fc2025,2425,1,pairs,individual,6,Kristina LUNDGREN,USA
fc2025,2425,1,pairs,individual,7,GERWEN-MAAS Nicole VAN,NED
fc2025,2425,1,pairs,individual,8,BATES Leah,AUS
fc2025,2425,1,pairs,individual,9,Feng HUANG,CHN
fc2025,2425,0,pairs,individual,1,Feng HUANG,CHN
fc2025,2425,0,pairs,individual,2,ABELE Agita,LAT
fc2025,2425,0,pairs,individual,3,PETRICEVIC Susan,NZL
fc2025,2425,0,pairs,individual,4,KEEN Leslie,CAN
fc2025,2425,0,pairs,individual,5,OGAWA Yuko,JPN
fc2025,2425,0,pairs,individual,6,BATES Leah,AUS
fc2025,2425,0,pairs,individual,7,Kristina LUNDGREN,USA
fc2025,2425,0,pairs,individual,8,GERWEN-MAAS Nicole VAN,NED
fc2025,2425,0,pairs,individual,9,DELIC Slobodan,SRB
gpcan2024,2425,1,men,individual,1,Florence VUYLSTEKER,FRA
gpcan2024,2425,1,men,individual,2,KLIUSHNIKOV Yury,AZE
gpcan2024,2425,1,men,individual,3,KUNO Yoko,JPN
gpcan2024,2425,1,men,individual,4,ROSENBLUTH Robert,USA
gpcan2024,2425,1,men,individual,5,Nadezhda PARETSKAIA,KAZ
gpcan2024,2425,1,men,individual,6,Peter VOTH,GER
gpcan2024,2425,1,men,individual,7,Deborah ISLAM,CAN
gpcan2024,2425,1,men,individual,8,AGOSTINI DE Virginia,ITA
gpcan2024,2425,1,men,individual,9,Angelique CLYDE-SMITH,AUS
gpcan2024,2425,0,men,individual,1,Florence VUYLSTEKER,FRA
gpcan2024,2425,0,men,individual,2,KLIUSHNIKOV Yury,AZE
gpcan2024,2425,0,men,individual,3,KUNO Yoko,JPN
gpcan2024,2425,0,men,individual,4,ROSENBLUTH Robert,USA
gpcan2024,2425,0,men,individual,5,Nadezhda PARETSKAIA,KAZ
gpcan2024,2425,0,men,individual,6,Peter VOTH,GER
gpcan2024,2425,0,men,individual,7,Deborah ISLAM,CAN
gpcan2024,2425,0,men,individual,8,AGOSTINI DE Virginia,ITA
gpcan2024,2425,0,men,individual,9,Angelique CLYDE-SMITH,AUS
gpcan2024,2425,1,women,individual,1,Aniela HEBEL-SZMAK,POL
gpcan2024,2425,1,women,individual,2,Florence VUYLSTEKER,FRA
gpcan2024,2425,1,women,individual,3,HOWARD Karen,CAN
gpcan2024,2425,1,women,individual,4,PLESNIKOVA Zuzana,CZE
gpcan2024,2425,1,women,individual,5,Daniella KARSIJNS,NED
gpcan2024,2425,1,women,individual,6,Nadezhda PARETSKAIA,KAZ
gpcan2024,2425,1,women,individual,7,KUNO Yoko,JPN
gpcan2024,2425,1,women,individual,8,Donatella LEONELLI,SUI
gpcan2024,2425,1,women,individual,9,ROSENBLUTH Robert,USA
gpcan2024,2425,0,women,individual,1,Aniela HEBEL-SZMAK,POL
gpcan2024,2425,0,women,individual,2,Florence VUYLSTEKER,FRA
gpcan2024,2425,0,women,individual,3,HOWARD Karen,CAN
gpcan2024,2425,0,women,individual,4,PLESNIKOVA Zuzana,CZE
gpcan2024,2425,0,women,individual,5,Daniella KARSIJNS,NED
gpcan2024,2425,0,women,individual,6,Nadezhda PARETSKAIA,KAZ
gpcan2024,2425,0,women,individual,7,KUNO Yoko,JPN
gpcan2024,2425,0,women,individual,8,Donatella LEONELLI,SUI
gpcan2024,2425,0,women,individual,9,ROSENBLUTH Robert,USA
gpcan2024,2425,1,pairs,individual,1,Florence VUYLSTEKER,FRA
gpcan2024,2425,1,pairs,individual,2,Donatella LEONELLI,SUI
gpcan2024,2425,1,pairs,individual,3,ROSENBLUTH Robert,USA
gpcan2024,2425,1,pairs,individual,4,Aniela HEBEL-SZMAK,POL
gpcan2024,2425,1,pairs,individual,5,DEY Lynne,CAN
gpcan2024,2425,1,pairs,individual,6,Angelique CLYDE-SMITH,AUS
gpcan2024,2425,1,pairs,individual,7,Daniella KARSIJNS,NED
gpcan2024,2425,1,pairs,individual,8,AGOSTINI DE Virginia,ITA
gpcan2024,2425,1,pairs,individual,9,Peter VOTH,GER
gpcan2024,2425,0,pairs,individual,1,Florence VUYLSTEKER,FRA
gpcan2024,2425,0,pairs,individual,2,Donatella LEONELLI,SUI
gpcan2024,2425,0,pairs,individual,3,ROSENBLUTH Robert,USA
gpcan2024,2425,0,pairs,individual,4,Aniela HEBEL-SZMAK,POL
gpcan2024,2425,0,pairs,individual,5,DEY Lynne,CAN
gpcan2024,2425,0,pairs,individual,6,Angelique CLYDE-SMITH,AUS
gpcan2024,2425,0,pairs,individual,7,Daniella KARSIJNS,NED
gpcan2024,2425,0,pairs,individual,8,AGOSTINI DE Virginia,ITA
gpcan2024,2425,0,pairs,individual,9,Peter VOTH,GER
gpusa2024,2425,1,men,individual,1,ABELE Agita,LAT
gpusa2024,2425,1,men,individual,2,martinez sasha,MEX
gpusa2024,2425,1,men,individual,3,KLEIN Patty,CAN
gpusa2024,2425,1,men,individual,4,balczo katalin,HUN
gpusa2024,2425,1,men,individual,5,Anita BERNASCONI,SUI
gpusa2024,2425,1,men,individual,6,Kevin ROSENSTEIN,USA
gpusa2024,2425,1,men,individual,7,LEVSHUNOVA Yulia,GEO
gpusa2024,2425,1,men,individual,8,KOSINA Richard,CZE
gpusa2024,2425,1,men,individual,9,VERRUE Veronique,FRA
gpusa2024,2425,0,men,individual,1,ABELE Agita,LAT
gpusa2024,2425,0,men,individual,2,martinez sasha,MEX
gpusa2024,2425,0,men,individual,3,KLEIN Patty,CAN
gpusa2024,2425,0,men,individual,4,balczo katalin,HUN
gpusa2024,2425,0,men,individual,5,Anita BERNASCONI,SUI
gpusa2024,2425,0,men,individual,6,Kevin ROSENSTEIN,USA
gpusa2024,2425,0,men,individual,7,LEVSHUNOVA Yulia,GEO
gpusa2024,2425,0,men,individual,8,KOSINA Richard,CZE
gpusa2024,2425,0,men,individual,9,VERRUE Veronique,FRA
gpusa2024,2425,1,women,individual,1,ABE Tetsuo,JPN
gpusa2024,2425,1,women,individual,2,Chihee RHEE,KOR
gpusa2024,2425,1,women,individual,3,CUTONE Kathaleen,USA
gpusa2024,2425,1,women,individual,4,antony grevisse,BEL
gpusa2024,2425,1,women,individual,5,Claudia STAHNKE,GER
gpusa2024,2425,1,women,individual,6,ABELE Agita,LAT
gpusa2024,2425,1,women,individual,7,Anita BERNASCONI,SUI
gpusa2024,2425,1,women,individual,8,EHALT Saara,FIN
gpusa2024,2425,1,women,individual,9,VERRUE Veronique,FRA
gpusa2024,2425,0,women,individual,1,ABE Tetsuo,JPN
gpusa2024,2425,0,women,individual,2,Chihee RHEE,KOR
gpusa2024,2425,0,women,individual,3,CUTONE Kathaleen,USA
gpusa2024,2425,0,women,individual,4,antony grevisse,BEL
gpusa2024,2425,0,women,individual,5,Claudia STAHNKE,GER
gpusa2024,2425,0,women,individual,6,ABELE Agita,LAT
gpusa2024,2425,0,women,individual,7,Anita BERNASCONI,SUI
gpusa2024,2425,0,women,individual,8,EHALT Saara,FIN
gpusa2024,2425,0,women,individual,9,VERRUE Veronique,FRA
gpusa2024,2425,1,pairs,individual,1,ABE Tetsuo,JPN
gpusa2024,2425,1,pairs,individual,2,KLEIN Patty,CAN
gpusa2024,2425,1,pairs,individual,3,Lorrie PARKER,USA
gpusa2024,2425,1,pairs,individual,4,balczo katalin,HUN
gpusa2024,2425,1,pairs,individual,5,Albert ZAYDMAN,ISR
gpusa2024,2425,1,pairs,individual,6,martinez sasha,MEX
gpusa2024,2425,1,pairs,individual,7,antony grevisse,BEL
gpusa2024,2425,1,pairs,individual,8,LEVSHUNOVA Yulia,GEO
gpusa2024,2425,1,pairs,individual,9,EHALT Saara,FIN
gpusa2024,2425,0,pairs,individual,1,ABE Tetsuo,JPN
gpusa2024,2425,0,pairs,individual,2,KLEIN Patty,CAN
gpusa2024,2425,0,pairs,individual,3,Lorrie PARKER,USA
gpusa2024,2425,0,pairs,individual,4,balczo katalin,HUN
gpusa2024,2425,0,pairs,individual,5,Albert ZAYDMAN,ISR
gpusa2024,2425,0,pairs,individual,6,martinez sasha,MEX
gpusa2024,2425,0,pairs,individual,7,antony grevisse,BEL
gpusa2024,2425,0,pairs,individual,8,LEVSHUNOVA Yulia,GEO
gpusa2024,2425,0,pairs,individual,9,EHALT Saara,FIN
gpfra2024,2425,1,men,individual,1,KANO Makoto,JPN
gpfra2024,2425,1,men,individual,2,Regina SHAMSHILOVA,KAZ
gpfra2024,2425,1,men,individual,3,GALIMOVA Jelena,EST
gpfra2024,2425,1,men,individual,4,Hailan JIANG,CHN
gpfra2024,2425,1,men,individual,5,Bettina MEIER,SUI
gpfra2024,2425,1,men,individual,6,Gloria MORANDI,ITA
gpfra2024,2425,1,men,individual,7,KEEN Leslie,CAN
gpfra2024,2425,1,men,individual,8,Anthony LEROY,FRA
gpfra2024,2425,1,men,individual,9,MATHEWSON Stefanie,USA
gpfra2024,2425,0,men,individual,1,KANO Makoto,JPN
gpfra2024,2425,0,men,individual,2,Regina SHAMSHILOVA,KAZ
gpfra2024,2425,0,men,individual,3,GALIMOVA Jelena,EST
gpfra2024,2425,0,men,individual,4,Hailan JIANG,CHN
gpfra2024,2425,0,men,individual,5,Bettina MEIER,SUI
gpfra2024,2425,0,men,individual,6,Gloria MORANDI,ITA
gpfra2024,2425,0,men,individual,7,KEEN Leslie,CAN
gpfra2024,2425,0,men,individual,8,Anthony LEROY,FRA
gpfra2024,2425,0,men,individual,9,MATHEWSON Stefanie,USA
gpfra2024,2425,1,women,individual,1,MATHEWSON Stefanie,USA
gpfra2024,2425,1,women,individual,2,KANO Makoto,JPN
gpfra2024,2425,1,women,individual,3,kyung sakong won,KOR
gpfra2024,2425,1,women,individual,4,Albert SAADI,MON
gpfra2024,2425,1,women,individual,5,Erica TOPOLSKI,CAN
gpfra2024,2425,1,women,individual,6,CZOCZEK Ludwig,GER
gpfra2024,2425,1,women,individual,7,DE Francoise RAPPARD,BEL
gpfra2024,2425,1,women,individual,8,Isabelle PEROLINI,FRA
gpfra2024,2425,1,women,individual,9,Bettina MEIER,SUI
gpfra2024,2425,0,women,individual,1,MATHEWSON Stefanie,USA
gpfra2024,2425,0,women,individual,2,KANO Makoto,JPN
gpfra2024,2425,0,women,individual,3,kyung sakong won,KOR
gpfra2024,2425,0,women,individual,4,Albert SAADI,MON
gpfra2024,2425,0,women,individual,5,Erica TOPOLSKI,CAN
gpfra2024,2425,0,women,individual,6,CZOCZEK Ludwig,GER
gpfra2024,2425,0,women,individual,7,DE Francoise RAPPARD,BEL
gpfra2024,2425,0,women,individual,8,Isabelle PEROLINI,FRA
gpfra2024,2425,0,women,individual,9,Bettina MEIER,SUI
gpfra2024,2425,1,pairs,individual,1,Gloria MORANDI,ITA
gpfra2024,2425,1,pairs,individual,2,kyung sakong won,KOR
gpfra2024,2425,1,pairs,individual,3,Isabelle PEROLINI,FRA
gpfra2024,2425,1,pairs,individual,4,Regina SHAMSHILOVA,KAZ
gpfra2024,2425,1,pairs,individual,5,Eric HAMPTON,USA
gpfra2024,2425,1,pairs,individual,6,GALIMOVA Jelena,EST
gpfra2024,2425,1,pairs,individual,7,Erica TOPOLSKI,CAN
gpfra2024,2425,1,pairs,individual,8,DE Francoise RAPPARD,BEL
gpfra2024,2425,1,pairs,individual,9,CZOCZEK Ludwig,GER
gpfra2024,2425,0,pairs,individual,1,Gloria MORANDI,ITA
gpfra2024,2425,0,pairs,individual,2,kyung sakong won,KOR
gpfra2024,2425,0,pairs,individual,3,Isabelle PEROLINI,FRA
gpfra2024,2425,0,pairs,individual,4,Regina SHAMSHILOVA,KAZ
gpfra2024,2425,0,pairs,individual,5,Eric HAMPTON,USA
gpfra2024,2425,0,pairs,individual,6,GALIMOVA Jelena,EST
gpfra2024,2425,0,pairs,individual,7,Erica TOPOLSKI,CAN
gpfra2024,2425,0,pairs,individual,8,DE Francoise RAPPARD,BEL
gpfra2024,2425,0,pairs,individual,9,CZOCZEK Ludwig,GER
gpcan2025,2526,1,men,individual,1,LEVSHUNOVA Yulia,GEO
gpcan2025,2526,1,men,individual,2,GOSSELIN Veronique,CAN
gpcan2025,2526,1,men,individual,3,Claire SHEPHERD,GBR
gpcan2025,2526,1,men,individual,4,Aniela HEBEL-SZMAK,POL
gpcan2025,2526,1,men,individual,5,NOVARINO Nicolo,ITA
gpcan2025,2526,1,men,individual,6,KULIK Zanna,EST
gpcan2025,2526,1,men,individual,7,Florence VUYLSTEKER,FRA
gpcan2025,2526,1,men,individual,8,ROSENBLUTH Robert,USA
gpcan2025,2526,1,men,individual,9,OGAWA Yuko,JPN
gpcan2025,2526,0,men,individual,1,LEVSHUNOVA Yulia,GEO
gpcan2025,2526,0,men,individual,2,GOSSELIN Veronique,CAN
gpcan2025,2526,0,men,individual,3,Claire SHEPHERD,GBR
gpcan2025,2526,0,men,individual,4,Aniela HEBEL-SZMAK,POL
gpcan2025,2526,0,men,individual,5,NOVARINO Nicolo,ITA
gpcan2025,2526,0,men,individual,6,KULIK Zanna,EST
gpcan2025,2526,0,men,individual,7,Florence VUYLSTEKER,FRA
gpcan2025,2526,0,men,individual,8,ROSENBLUTH Robert,USA
gpcan2025,2526,0,men,individual,9,OGAWA Yuko,JPN
gpcan2025,2526,1,women,individual,1,HOWARD Karen,CAN
gpcan2025,2526,1,women,individual,2,ROSENBLUTH Robert,USA
gpcan2025,2526,1,women,individual,3,DE Francoise RAPPARD,BEL
gpcan2025,2526,1,women,individual,4,Chihee RHEE,KOR
gpcan2025,2526,1,women,individual,5,OGAWA Yuko,JPN
gpcan2025,2526,1,women,individual,6,Anita BERNASCONI,SUI
gpcan2025,2526,1,women,individual,7,NOVARINO Nicolo,ITA
gpcan2025,2526,1,women,individual,8,Aniela HEBEL-SZMAK,POL
gpcan2025,2526,1,women,individual,9,KULIK Zanna,EST
gpcan2025,2526,0,women,individual,1,HOWARD Karen,CAN
gpcan2025,2526,0,women,individual,2,ROSENBLUTH Robert,USA
gpcan2025,2526,0,women,individual,3,DE Francoise RAPPARD,BEL
gpcan2025,2526,0,women,individual,4,Chihee RHEE,KOR
gpcan2025,2526,0,women,individual,5,OGAWA Yuko,JPN
gpcan2025,2526,0,women,individual,6,Anita BERNASCONI,SUI
gpcan2025,2526,0,women,individual,7,NOVARINO Nicolo,ITA
gpcan2025,2526,0,women,individual,8,Aniela HEBEL-SZMAK,POL
gpcan2025,2526,0,women,individual,9,KULIK Zanna,EST
gpcan2025,2526,1,pairs,individual,1,Claudia STAHNKE,GER
gpcan2025,2526,1,pairs,individual,2,Sabrina WONG,CAN
gpcan2025,2526,1,pairs,individual,3,Anita BERNASCONI,SUI
gpcan2025,2526,1,pairs,individual,4,KRAUZIENE Laimute,LTU
gpcan2025,2526,1,pairs,individual,5,Florence VUYLSTEKER,FRA
gpcan2025,2526,1,pairs,individual,6,ROSENBLUTH Robert,USA
gpcan2025,2526,1,pairs,individual,7,DE Francoise RAPPARD,BEL
gpcan2025,2526,1,pairs,individual,8,Elizabeth RYAN,AUS
gpcan2025,2526,1,pairs,individual,9,Claire SHEPHERD,GBR
gpcan2025,2526,0,pairs,individual,1,Claudia STAHNKE,GER
gpcan2025,2526,0,pairs,individual,2,Sabrina WONG,CAN
gpcan2025,2526,0,pairs,individual,3,Anita BERNASCONI,SUI
gpcan2025,2526,0,pairs,individual,4,KRAUZIENE Laimute,LTU
gpcan2025,2526,0,pairs,individual,5,Florence VUYLSTEKER,FRA
gpcan2025,2526,0,pairs,individual,6,ROSENBLUTH Robert,USA
gpcan2025,2526,0,pairs,individual,7,DE Francoise RAPPARD,BEL
gpcan2025,2526,0,pairs,individual,8,Elizabeth RYAN,AUS
gpcan2025,2526,0,pairs,individual,9,Claire SHEPHERD,GBR
gpusa2025,2526,1,men,individual,1,MERIGUET Philippe,FRA
gpusa2025,2526,1,men,individual,2,WANG Yu,CHN
gpusa2025,2526,1,men,individual,3,Jung LEE Sue,KOR
gpusa2025,2526,1,men,individual,4,Anne CAMMETT,USA
gpusa2025,2526,1,men,individual,5,KLIUSHNIKOV Yury,AZE
gpusa2025,2526,1,men,individual,6,Karol PESCOSTA,ITA
gpusa2025,2526,1,men,individual,7,TAUCHMANOVA Vera,CZE
gpusa2025,2526,1,men,individual,8,HORIUCHI Ritsuko,JPN
gpusa2025,2526,1,men,individual,9,Nadezhda PARETSKAIA,KAZ
gpusa2025,2526,0,men,individual,1,MERIGUET Philippe,FRA
gpusa2025,2526,0,men,individual,2,WANG Yu,CHN
gpusa2025,2526,0,men,individual,3,Jung LEE Sue,KOR
gpusa2025,2526,0,men,individual,4,Anne CAMMETT,USA
gpusa2025,2526,0,men,individual,5,KLIUSHNIKOV Yury,AZE
gpusa2025,2526,0,men,individual,6,Karol PESCOSTA,ITA
gpusa2025,2526,0,men,individual,7,TAUCHMANOVA Vera,CZE
gpusa2025,2526,0,men,individual,8,HORIUCHI Ritsuko,JPN
gpusa2025,2526,0,men,individual,9,Nadezhda PARETSKAIA,KAZ
gpusa2025,2526,1,women,individual,1,Dawn EYERLY,USA
gpusa2025,2526,1,women,individual,2,FIODOROVA Nadezhda,GEO
gpusa2025,2526,1,women,individual,3,Agnieszka SWIDERSKA,POL
gpusa2025,2526,1,women,individual,4,Nadezhda PARETSKAIA,KAZ
gpusa2025,2526,1,women,individual,5,MERIGUET Philippe,FRA
gpusa2025,2526,1,women,individual,6,Karol PESCOSTA,ITA
gpusa2025,2526,1,women,individual,7,HORIUCHI Ritsuko,JPN
gpusa2025,2526,1,women,individual,8,Carmen LAUN,GER
gpusa2025,2526,1,women,individual,9,Jung LEE Sue,KOR
gpusa2025,2526,0,women,individual,1,Dawn EYERLY,USA
gpusa2025,2526,0,women,individual,2,FIODOROVA Nadezhda,GEO
gpusa2025,2526,0,women,individual,3,Agnieszka SWIDERSKA,POL
gpusa2025,2526,0,women,individual,4,Nadezhda PARETSKAIA,KAZ
gpusa2025,2526,0,women,individual,5,MERIGUET Philippe,FRA
gpusa2025,2526,0,women,individual,6,Karol PESCOSTA,ITA
gpusa2025,2526,0,women,individual,7,HORIUCHI Ritsuko,JPN
gpusa2025,2526,0,women,individual,8,Carmen LAUN,GER
gpusa2025,2526,0,women,individual,9,Jung LEE Sue,KOR
gpusa2025,2526,1,pairs,individual,1,HORIUCHI Ritsuko,JPN
gpusa2025,2526,1,pairs,individual,2,Carmen LAUN,GER
gpusa2025,2526,1,pairs,individual,3,WANG Yu,CHN
gpusa2025,2526,1,pairs,individual,4,Mark STORTON,AUS
gpusa2025,2526,1,pairs,individual,5,FIODOROVA Nadezhda,GEO
gpusa2025,2526,1,pairs,individual,6,DAVIDSSON Laila,SWE
gpusa2025,2526,1,pairs,individual,7,Agnieszka SWIDERSKA,POL
gpusa2025,2526,1,pairs,individual,8,CONACHER Ron,CAN
gpusa2025,2526,1,pairs,individual,9,GRAHAM Peggy,USA
gpusa2025,2526,0,pairs,individual,1,HORIUCHI Ritsuko,JPN
gpusa2025,2526,0,pairs,individual,2,Carmen LAUN,GER
gpusa2025,2526,0,pairs,individual,3,WANG Yu,CHN
gpusa2025,2526,0,pairs,individual,4,Mark STORTON,AUS
gpusa2025,2526,0,pairs,individual,5,FIODOROVA Nadezhda,GEO
gpusa2025,2526,0,pairs,individual,6,DAVIDSSON Laila,SWE
gpusa2025,2526,0,pairs,individual,7,Agnieszka SWIDERSKA,POL
gpusa2025,2526,0,pairs,individual,8,CONACHER Ron,CAN
gpusa2025,2526,0,pairs,individual,9,GRAHAM Peggy,USA
gpfra2025,2526,1,men,individual,1,Andrew BOSCO,CAN
gpfra2025,2526,1,men,individual,2,Kevin ROSENSTEIN,USA
gpfra2025,2526,1,men,individual,3,CUCUPHAT Helene,FRA
gpfra2025,2526,1,men,individual,4,KUNO Yoko,JPN
gpfra2025,2526,1,men,individual,5,Elena KHMYZENKO,GEO
gpfra2025,2526,1,men,individual,6,Tatiana YORDANOVA,BUL
gpfra2025,2526,1,men,individual,7,LOCATELLI Raffaella,ITA
gpfra2025,2526,1,men,individual,8,Kadi ZVIRIK,EST
gpfra2025,2526,1,men,individual,9,anne crivelli en. isabella mariotta,SUI
gpfra2025,2526,0,men,individual,1,Andrew BOSCO,CAN
gpfra2025,2526,0,men,individual,2,Kevin ROSENSTEIN,USA
gpfra2025,2526,0,men,individual,3,CUCUPHAT Helene,FRA
gpfra2025,2526,0,men,individual,4,KUNO Yoko,JPN
gpfra2025,2526,0,men,individual,5,Elena KHMYZENKO,GEO
gpfra2025,2526,0,men,individual,6,Tatiana YORDANOVA,BUL
gpfra2025,2526,0,men,individual,7,LOCATELLI Raffaella,ITA
gpfra2025,2526,0,men,individual,8,Kadi ZVIRIK,EST
gpfra2025,2526,0,men,individual,9,anne crivelli en. isabella mariotta,SUI
gpfra2025,2526,1,women,individual,1,Kadi ZVIRIK,EST
gpfra2025,2526,1,women,individual,2,Kevin ROSENSTEIN,USA
gpfra2025,2526,1,women,individual,3,LOCATELLI Raffaella,ITA
gpfra2025,2526,1,women,individual,4,BATES Leah,AUS
gpfra2025,2526,1,women,individual,5,KUNO Yoko,JPN
gpfra2025,2526,1,women,individual,6,Marta OLOZAGARRE,ESP
gpfra2025,2526,1,women,individual,7,an so young,KOR
gpfra2025,2526,1,women,individual,8,anne crivelli en. isabella mariotta,SUI
gpfra2025,2526,1,women,individual,9,Isabelle PEROLINI,FRA
gpfra2025,2526,0,women,individual,1,Kadi ZVIRIK,EST
gpfra2025,2526,0,women,individual,2,Kevin ROSENSTEIN,USA
gpfra2025,2526,0,women,individual,3,LOCATELLI Raffaella,ITA
gpfra2025,2526,0,women,individual,4,BATES Leah,AUS
gpfra2025,2526,0,women,individual,5,KUNO Yoko,JPN
gpfra2025,2526,0,women,individual,6,Marta OLOZAGARRE,ESP
gpfra2025,2526,0,women,individual,7,an so young,KOR
gpfra2025,2526,0,women,individual,8,anne crivelli en. isabella mariotta,SUI
gpfra2025,2526,0,women,individual,9,Isabelle PEROLINI,FRA
gpfra2025,2526,1,pairs,individual,1,Albert SAADI,MON
gpfra2025,2526,1,pairs,individual,2,Attila SOOS,HUN
gpfra2025,2526,1,pairs,individual,3,Marta OLOZAGARRE,ESP
gpfra2025,2526,1,pairs,individual,4,Andrew BOSCO,CAN
gpfra2025,2526,1,pairs,individual,5,jean kerbourch yves,FRA
gpfra2025,2526,1,pairs,individual,6,BATES Leah,AUS
gpfra2025,2526,1,pairs,individual,7,an so young,KOR
gpfra2025,2526,1,pairs,individual,8,Kevin ROSENSTEIN,USA
gpfra2025,2526,1,pairs,individual,9,KUNO Yoko,JPN
gpfra2025,2526,0,pairs,individual,1,Albert SAADI,MON
gpfra2025,2526,0,pairs,individual,2,Attila SOOS,HUN
gpfra2025,2526,0,pairs,individual,3,Marta OLOZAGARRE,ESP
gpfra2025,2526,0,pairs,individual,4,Andrew BOSCO,CAN
gpfra2025,2526,0,pairs,individual,5,jean kerbourch yves,FRA
gpfra2025,2526,0,pairs,individual,6,BATES Leah,AUS
gpfra2025,2526,0,pairs,individual,7,an so young,KOR
gpfra2025,2526,0,pairs,individual,8,Kevin ROSENSTEIN,USA
gpfra2025,2526,0,pairs,individual,9,KUNO Yoko,JPN
