rank,name,noc,starting_number,tss,tes,tpcs,deductions,base_value,competition,element,element_no,extra_points,factor,final_score,goe,info,is_element,program_component,year,J1,J2,J3,J4,J5,J6,J7,J8,J9,is_short_program,category,event_type
1,Sakamoto Kaori,JPN,5,148.62,72.93,75.69,0.0,3.3,owg2026,2A,1.0,0.0,,4.71,1.41,,1,,2526,4.0,4.0,5.0,4.0,5.0,5.0,4.0,4.0,4.0,0,women,team
1,Sakamoto Kaori,JPN,5,148.62,72.93,75.69,0.0,5.3,owg2026,3F,2.0,0.0,,7.19,1.89,,1,,2526,4.0,4.0,4.0,4.0,4.0,3.0,3.0,3.0,3.0,0,women,team
1,Sakamoto Kaori,JPN,5,148.62,72.93,75.69,0.0,7.2,owg2026,3Lz+2T,3.0,0.0,,8.97,1.77,,1,,2526,3.0,3.0,3.0,3.0,3.0,2.0,3.0,3.0,3.0,0,women,team
1,Sakamoto Kaori,JPN,5,148.62,72.93,75.69,0.0,3.0,owg2026,FSSp4,4.0,0.0,,4.07,1.07,,1,,2526,4.0,5.0,3.0,4.0,3.0,3.0,4.0,4.0,3.0,0,women,team
1,Sakamoto Kaori,JPN,5,148.62,72.93,75.69,0.0,3.9,owg2026,StSq4,5.0,0.0,,5.4,1.5,,1,,2526,4.0,4.0,4.0,4.0,4.0,3.0,4.0,4.0,3.0,0,women,team
1,Sakamoto Kaori,JPN,5,148.62,72.93,75.69,0.0,4.3,owg2026,3S,6.0,0.0,,5.34,1.04,,1,,2526,3.0,2.0,3.0,3.0,3.0,1.0,2.0,2.0,2.0,0,women,team
1,Sakamoto Kaori,JPN,5,148.62,72.93,75.69,0.0,10.45,owg2026,3Fq+3T,7.0,1.0,,10.3,-0.15,q,1,,2526,-1.0,0.0,1.0,0.0,0.0,-1.0,0.0,-1.0,0.0,0,women,team
1,Sakamoto Kaori,JPN,5,148.62,72.93,75.69,0.0,5.06,owg2026,2A+2T,8.0,1.0,,5.72,0.66,,1,,2526,2.0,2.0,2.0,2.0,2.0,2.0,2.0,3.0,2.0,0,women,team
1,Sakamoto Kaori,JPN,5,148.62,72.93,75.69,0.0,3.0,owg2026,ChSq1,9.0,0.0,,5.0,2.0,,1,,2526,3.0,4.0,4.0,5.0,4.0,4.0,4.0,4.0,4.0,0,women,team
1,Sakamoto Kaori,JPN,5,148.62,72.93,75.69,0.0,5.39,owg2026,3Lo,10.0,1.0,,6.93,1.54,,1,,2526,4.0,3.0,3.0,3.0,4.0,1.0,2.0,3.0,4.0,0,women,team
1,Sakamoto Kaori,JPN,5,148.62,72.93,75.69,0.0,3.5,owg2026,CCoSp4,11.0,0.0,,4.7,1.2,,1,,2526,3.0,3.0,3.0,4.0,3.0,3.0,4.0,4.0,5.0,0,women,team
1,Sakamoto Kaori,JPN,5,148.62,72.93,75.69,0.0,3.5,owg2026,FCCoSp4,12.0,0.0,,4.6,1.1,,1,,2526,3.0,3.0,3.0,4.0,2.0,3.0,3.0,3.0,4.0,0,women,team
1,Sakamoto Kaori,JPN,5,148.62,72.93,75.69,0.0,,owg2026,,,,2.67,9.39,,,0,Composition,2526,9.25,9.25,9.5,9.25,9.5,9.25,9.5,9.75,9.5,0,women,team
1,Sakamoto Kaori,JPN,5,148.62,72.93,75.69,0.0,,owg2026,,,,2.67,9.39,,,0,Presentation,2526,9.5,9.0,9.25,9.5,9.5,9.0,9.75,9.5,9.5,0,women,team
1,Sakamoto Kaori,JPN,5,148.62,72.93,75.69,0.0,,owg2026,,,,2.67,9.57,,,0,Skating Skills,2526,9.75,9.5,9.5,9.5,9.75,9.25,9.5,9.5,9.75,0,women,team
2,Gubanova Anastasiia,GEO,2,140.17,73.24,66.93,0.0,9.5,owg2026,3F+3T,1.0,0.0,,10.94,1.44,,1,,2526,3.0,3.0,3.0,2.0,2.0,3.0,2.0,3.0,3.0,0,women,team
2,Gubanova Anastasiia,GEO,2,140.17,73.24,66.93,0.0,4.9,owg2026,3Lo,2.0,0.0,,6.23,1.33,,1,,2526,3.0,3.0,3.0,3.0,3.0,3.0,2.0,2.0,2.0,0,women,team
2,Gubanova Anastasiia,GEO,2,140.17,73.24,66.93,0.0,5.9,owg2026,3Lz,3.0,0.0,,7.25,1.35,,1,,2526,3.0,2.0,3.0,2.0,3.0,2.0,1.0,2.0,2.0,0,women,team
2,Gubanova Anastasiia,GEO,2,140.17,73.24,66.93,0.0,4.3,owg2026,3S,4.0,0.0,,5.16,0.86,,1,,2526,2.0,2.0,2.0,2.0,2.0,2.0,2.0,2.0,2.0,0,women,team
2,Gubanova Anastasiia,GEO,2,140.17,73.24,66.93,0.0,3.2,owg2026,FCSp4,5.0,0.0,,4.16,0.96,,1,,2526,3.0,3.0,3.0,2.0,3.0,3.0,3.0,3.0,3.0,0,women,team
2,Gubanova Anastasiia,GEO,2,140.17,73.24,66.93,0.0,11.55,owg2026,3Lz+2A+2T+SEQ,6.0,1.0,,12.39,0.84,,1,,2526,1.0,2.0,2.0,0.0,2.0,1.0,0.0,2.0,2.0,0,women,team
2,Gubanova Anastasiia,GEO,2,140.17,73.24,66.93,0.0,7.26,owg2026,3F+2T,7.0,1.0,,8.17,0.91,,1,,2526,2.0,1.0,2.0,0.0,2.0,2.0,1.0,2.0,2.0,0,women,team
2,Gubanova Anastasiia,GEO,2,140.17,73.24,66.93,0.0,3.63,owg2026,2Aq,8.0,1.0,,3.06,-0.57,q,1,,2526,-2.0,-1.0,-2.0,-2.0,-1.0,-2.0,-2.0,-2.0,0.0,0,women,team
2,Gubanova Anastasiia,GEO,2,140.17,73.24,66.93,0.0,3.3,owg2026,StSq3,9.0,0.0,,4.29,0.99,,1,,2526,3.0,3.0,3.0,3.0,3.0,2.0,3.0,3.0,3.0,0,women,team
2,Gubanova Anastasiia,GEO,2,140.17,73.24,66.93,0.0,3.0,owg2026,ChSq1,10.0,0.0,,4.36,1.36,,1,,2526,3.0,3.0,3.0,3.0,2.0,3.0,2.0,2.0,3.0,0,women,team
2,Gubanova Anastasiia,GEO,2,140.17,73.24,66.93,0.0,3.5,owg2026,CCoSp4,11.0,0.0,,4.05,0.55,,1,,2526,2.0,0.0,3.0,2.0,0.0,2.0,1.0,2.0,2.0,0,women,team
2,Gubanova Anastasiia,GEO,2,140.17,73.24,66.93,0.0,2.5,owg2026,SSp4,12.0,0.0,,3.18,0.68,,1,,2526,3.0,2.0,3.0,3.0,3.0,3.0,2.0,2.0,3.0,0,women,team
2,Gubanova Anastasiia,GEO,2,140.17,73.24,66.93,0.0,,owg2026,,,,2.67,8.32,,,0,Composition,2526,8.25,8.25,8.5,8.0,8.25,8.75,7.25,8.5,8.5,0,women,team
2,Gubanova Anastasiia,GEO,2,140.17,73.24,66.93,0.0,,owg2026,,,,2.67,8.54,,,0,Presentation,2526,8.5,8.75,8.25,8.5,8.5,8.75,7.75,8.5,8.75,0,women,team
2,Gubanova Anastasiia,GEO,2,140.17,73.24,66.93,0.0,,owg2026,,,,2.67,8.21,,,0,Skating Skills,2526,8.0,8.0,8.5,8.25,8.25,8.5,7.5,8.0,8.5,0,women,team
3,Glenn Amber,USA,4,138.62,70.91,67.71,0.0,8.0,owg2026,3A,1.0,0.0,,7.2,-0.8,,1,,2526,-1.0,1.0,0.0,-1.0,0.0,-2.0,-2.0,-2.0,-1.0,0,women,team
3,Glenn Amber,USA,4,138.62,70.91,67.71,0.0,5.3,owg2026,3F,2.0,0.0,,3.79,-1.51,,1,,2526,-3.0,-3.0,-3.0,-3.0,-3.0,-2.0,-3.0,-3.0,-2.0,0,women,team
3,Glenn Amber,USA,4,138.62,70.91,67.71,0.0,7.2,owg2026,3Lzq+2T,3.0,0.0,,6.19,-1.01,q,1,,2526,-2.0,-2.0,-1.0,-2.0,-2.0,-2.0,-2.0,-1.0,-1.0,0,women,team
3,Glenn Amber,USA,4,138.62,70.91,67.71,0.0,4.3,owg2026,3S,4.0,0.0,,5.16,0.86,,1,,2526,3.0,2.0,3.0,2.0,2.0,1.0,1.0,2.0,2.0,0,women,team
3,Glenn Amber,USA,4,138.62,70.91,67.71,0.0,3.0,owg2026,FSSp4,5.0,0.0,,3.69,0.69,,1,,2526,3.0,3.0,3.0,2.0,2.0,2.0,1.0,2.0,2.0,0,women,team
3,Glenn Amber,USA,4,138.62,70.91,67.71,0.0,12.65,owg2026,3Lo+2A+2A+SEQ,6.0,1.0,,14.05,1.4,,1,,2526,3.0,3.0,3.0,3.0,3.0,2.0,2.0,3.0,3.0,0,women,team
3,Glenn Amber,USA,4,138.62,70.91,67.71,0.0,7.26,owg2026,3F+2T,7.0,1.0,,8.02,0.76,,1,,2526,2.0,2.0,2.0,2.0,2.0,0.0,0.0,1.0,1.0,0,women,team
3,Glenn Amber,USA,4,138.62,70.91,67.71,0.0,3.5,owg2026,CCoSp4,8.0,0.0,,4.5,1.0,,1,,2526,4.0,2.0,3.0,3.0,3.0,3.0,2.0,3.0,3.0,0,women,team
3,Glenn Amber,USA,4,138.62,70.91,67.71,0.0,5.39,owg2026,3Lo,9.0,1.0,,6.23,0.84,,1,,2526,3.0,1.0,2.0,2.0,3.0,0.0,1.0,1.0,2.0,0,women,team
3,Glenn Amber,USA,4,138.62,70.91,67.71,0.0,3.3,owg2026,StSq3,10.0,0.0,,4.15,0.85,,1,,2526,3.0,3.0,3.0,2.0,3.0,2.0,2.0,2.0,3.0,0,women,team
3,Glenn Amber,USA,4,138.62,70.91,67.71,0.0,3.0,owg2026,ChSq1,11.0,0.0,,4.5,1.5,,1,,2526,3.0,3.0,4.0,3.0,3.0,3.0,2.0,3.0,3.0,0,women,team
3,Glenn Amber,USA,4,138.62,70.91,67.71,0.0,2.7,owg2026,LSp4,12.0,0.0,,3.43,0.73,,1,,2526,3.0,2.0,3.0,3.0,3.0,2.0,2.0,3.0,3.0,0,women,team
3,Glenn Amber,USA,4,138.62,70.91,67.71,0.0,,owg2026,,,,2.67,8.39,,,0,Composition,2526,8.5,8.5,9.0,8.25,8.25,8.5,7.75,8.5,8.25,0,women,team
3,Glenn Amber,USA,4,138.62,70.91,67.71,0.0,,owg2026,,,,2.67,8.36,,,0,Presentation,2526,8.75,8.25,9.0,8.25,8.25,8.25,8.0,8.25,8.5,0,women,team
3,Glenn Amber,USA,4,138.62,70.91,67.71,0.0,,owg2026,,,,2.67,8.61,,,0,Skating Skills,2526,8.75,8.5,9.25,8.5,8.75,8.5,8.25,8.5,8.75,0,women,team
4,Gutmann Lara Naki,ITA,3,126.94,61.16,65.78,0.0,10.7,owg2026,3Lzq+1Eu+3S,1.0,0.0,,9.6,-1.1,q,1,,2526,-2.0,-2.0,-1.0,-3.0,-2.0,-2.0,-2.0,-2.0,-1.0,0,women,team
4,Gutmann Lara Naki,ITA,3,126.94,61.16,65.78,0.0,5.3,owg2026,3F,2.0,0.0,,6.59,1.29,,1,,2526,3.0,2.0,3.0,3.0,3.0,2.0,2.0,2.0,2.0,0,women,team
4,Gutmann Lara Naki,ITA,3,126.94,61.16,65.78,0.0,6.2,owg2026,3Lo+2T,3.0,0.0,,6.97,0.77,,1,,2526,2.0,1.0,2.0,2.0,3.0,1.0,2.0,1.0,1.0,0,women,team
4,Gutmann Lara Naki,ITA,3,126.94,61.16,65.78,0.0,4.9,owg2026,3Loq,4.0,0.0,,3.99,-0.91,q,1,,2526,-2.0,-2.0,-2.0,-2.0,-1.0,-2.0,-2.0,-2.0,-1.0,0,women,team
4,Gutmann Lara Naki,ITA,3,126.94,61.16,65.78,0.0,2.6,owg2026,CSp4,5.0,0.0,,3.27,0.67,,1,,2526,3.0,3.0,2.0,3.0,2.0,2.0,3.0,3.0,2.0,0,women,team
4,Gutmann Lara Naki,ITA,3,126.94,61.16,65.78,0.0,3.5,owg2026,CCoSp4,6.0,0.0,,4.3,0.8,,1,,2526,3.0,2.0,2.0,2.0,3.0,2.0,2.0,2.0,3.0,0,women,team
4,Gutmann Lara Naki,ITA,3,126.94,61.16,65.78,0.0,2.31,owg2026,2Lz,7.0,1.0,,2.43,0.12,,1,,2526,1.0,2.0,0.0,1.0,0.0,0.0,1.0,0.0,1.0,0,women,team
4,Gutmann Lara Naki,ITA,3,126.94,61.16,65.78,0.0,8.25,owg2026,3T+2Aq+SEQ,8.0,1.0,,7.11,-1.14,q,1,,2526,-2.0,-2.0,-3.0,-3.0,-2.0,-3.0,-4.0,-4.0,-2.0,0,women,team
4,Gutmann Lara Naki,ITA,3,126.94,61.16,65.78,0.0,3.63,owg2026,2A,9.0,1.0,,4.15,0.52,,1,,2526,2.0,2.0,3.0,2.0,2.0,1.0,0.0,0.0,2.0,0,women,team
4,Gutmann Lara Naki,ITA,3,126.94,61.16,65.78,0.0,3.3,owg2026,StSq3,10.0,0.0,,4.1,0.8,,1,,2526,3.0,2.0,3.0,3.0,3.0,2.0,2.0,2.0,2.0,0,women,team
4,Gutmann Lara Naki,ITA,3,126.94,61.16,65.78,0.0,3.0,owg2026,ChSq1,11.0,0.0,,4.5,1.5,,1,,2526,3.0,3.0,3.0,3.0,3.0,3.0,3.0,3.0,3.0,0,women,team
4,Gutmann Lara Naki,ITA,3,126.94,61.16,65.78,0.0,3.5,owg2026,FCCoSp4,12.0,0.0,,4.15,0.65,,1,,2526,1.0,2.0,2.0,2.0,3.0,0.0,2.0,2.0,2.0,0,women,team
4,Gutmann Lara Naki,ITA,3,126.94,61.16,65.78,0.0,,owg2026,,,,2.67,8.39,,,0,Composition,2526,8.5,7.75,8.5,8.75,8.5,8.25,8.5,8.25,8.25,0,women,team
4,Gutmann Lara Naki,ITA,3,126.94,61.16,65.78,0.0,,owg2026,,,,2.67,8.11,,,0,Presentation,2526,8.25,7.25,8.0,8.25,8.5,8.0,8.0,8.0,8.25,0,women,team
4,Gutmann Lara Naki,ITA,3,126.94,61.16,65.78,0.0,,owg2026,,,,2.67,8.14,,,0,Skating Skills,2526,7.75,7.5,8.25,8.25,8.25,8.25,8.25,8.0,8.5,0,women,team
5,Schizas Madeline,CAN,1,125.0,65.44,60.56,-1.0,5.9,owg2026,3Lz,1.0,0.0,,2.95,-2.95,F,1,,2526,-5.0,-5.0,-5.0,-5.0,-5.0,-5.0,-5.0,-5.0,-5.0,0,women,team
5,Schizas Madeline,CAN,1,125.0,65.44,60.56,-1.0,5.3,owg2026,3F,2.0,0.0,,6.28,0.98,,1,,2526,2.0,2.0,2.0,2.0,2.0,1.0,2.0,1.0,2.0,0,women,team
5,Schizas Madeline,CAN,1,125.0,65.44,60.56,-1.0,4.9,owg2026,3Lo,3.0,0.0,,5.95,1.05,,1,,2526,2.0,2.0,2.0,3.0,3.0,2.0,2.0,2.0,1.0,0,women,team
5,Schizas Madeline,CAN,1,125.0,65.44,60.56,-1.0,4.3,owg2026,3S,4.0,0.0,,5.1,0.8,,1,,2526,2.0,3.0,2.0,2.0,2.0,2.0,2.0,1.0,1.0,0,women,team
5,Schizas Madeline,CAN,1,125.0,65.44,60.56,-1.0,2.6,owg2026,FSSp3,5.0,0.0,,3.01,0.41,,1,,2526,1.0,2.0,2.0,1.0,2.0,1.0,1.0,2.0,2.0,0,women,team
5,Schizas Madeline,CAN,1,125.0,65.44,60.56,-1.0,13.75,owg2026,3Lz+2A+2A+SEQ,6.0,1.0,,14.59,0.84,,1,,2526,1.0,1.0,2.0,1.0,2.0,0.0,1.0,2.0,2.0,0,women,team
5,Schizas Madeline,CAN,1,125.0,65.44,60.56,-1.0,6.82,owg2026,3Lo+2T,7.0,1.0,,7.45,0.63,,1,,2526,1.0,1.0,2.0,2.0,2.0,0.0,1.0,1.0,1.0,0,women,team
5,Schizas Madeline,CAN,1,125.0,65.44,60.56,-1.0,6.05,owg2026,3Tq+2T,8.0,1.0,,5.39,-0.66,q,1,,2526,-1.0,-1.0,-2.0,-2.0,-1.0,-2.0,-2.0,-2.0,-1.0,0,women,team
5,Schizas Madeline,CAN,1,125.0,65.44,60.56,-1.0,3.5,owg2026,CCoSp4,9.0,0.0,,4.15,0.65,,1,,2526,3.0,2.0,3.0,2.0,0.0,1.0,1.0,2.0,2.0,0,women,team
5,Schizas Madeline,CAN,1,125.0,65.44,60.56,-1.0,2.6,owg2026,StSq2,10.0,0.0,,3.12,0.52,,1,,2526,2.0,2.0,3.0,2.0,3.0,1.0,2.0,2.0,1.0,0,women,team
5,Schizas Madeline,CAN,1,125.0,65.44,60.56,-1.0,3.0,owg2026,ChSq1,11.0,0.0,,4.21,1.21,,1,,2526,2.0,4.0,3.0,3.0,3.0,2.0,2.0,2.0,2.0,0,women,team
5,Schizas Madeline,CAN,1,125.0,65.44,60.56,-1.0,2.7,owg2026,LSp4,12.0,0.0,,3.24,0.54,,1,,2526,2.0,2.0,3.0,1.0,1.0,2.0,2.0,2.0,3.0,0,women,team
5,Schizas Madeline,CAN,1,125.0,65.44,60.56,-1.0,,owg2026,,,,2.67,7.5,,,0,Composition,2526,7.5,6.25,8.25,7.5,7.25,7.5,7.75,7.75,7.25,0,women,team
5,Schizas Madeline,CAN,1,125.0,65.44,60.56,-1.0,,owg2026,,,,2.67,7.61,,,0,Presentation,2526,8.25,6.75,8.0,8.0,7.5,7.5,7.25,7.5,7.5,0,women,team
5,Schizas Madeline,CAN,1,125.0,65.44,60.56,-1.0,,owg2026,,,,2.67,7.57,,,0,Skating Skills,2526,7.75,7.25,8.25,7.75,7.25,7.25,8.0,7.75,7.25,0,women,team
1,Sakamoto Kaori,JPN,10,78.88,41.97,36.91,0.0,5.9,owg2026,3Lz!,1.0,0.0,,6.32,0.42,!,1,,2526,2.0,0.0,0.0,0.0,-1.0,1.0,1.0,2.0,1.0,1,women,team
1,Sakamoto Kaori,JPN,10,78.88,41.97,36.91,0.0,3.2,owg2026,FCSp4,2.0,0.0,,4.39,1.19,,1,,2526,4.0,4.0,4.0,3.0,3.0,3.0,4.0,4.0,4.0,1,women,team
1,Sakamoto Kaori,JPN,10,78.88,41.97,36.91,0.0,3.3,owg2026,2A,3.0,0.0,,4.9,1.6,,1,,2526,5.0,4.0,5.0,5.0,5.0,5.0,4.0,5.0,5.0,1,women,team
1,Sakamoto Kaori,JPN,10,78.88,41.97,36.91,0.0,10.45,owg2026,3F+3T,4.0,1.0,,12.34,1.89,,1,,2526,4.0,3.0,4.0,3.0,3.0,4.0,3.0,4.0,4.0,1,women,team
1,Sakamoto Kaori,JPN,10,78.88,41.97,36.91,0.0,3.5,owg2026,CCoSp4,5.0,0.0,,4.75,1.25,,1,,2526,3.0,4.0,3.0,3.0,4.0,3.0,4.0,4.0,4.0,1,women,team
1,Sakamoto Kaori,JPN,10,78.88,41.97,36.91,0.0,3.9,owg2026,StSq4,6.0,0.0,,5.57,1.67,,1,,2526,4.0,5.0,4.0,3.0,4.0,5.0,4.0,4.0,5.0,1,women,team
1,Sakamoto Kaori,JPN,10,78.88,41.97,36.91,0.0,2.7,owg2026,LSp4,7.0,0.0,,3.7,1.0,,1,,2526,3.0,4.0,4.0,3.0,4.0,4.0,3.0,4.0,4.0,1,women,team
1,Sakamoto Kaori,JPN,10,78.88,41.97,36.91,0.0,,owg2026,,,,1.33,9.25,,,0,Composition,2526,9.5,9.0,9.0,9.0,9.25,9.5,8.75,9.5,9.5,1,women,team
1,Sakamoto Kaori,JPN,10,78.88,41.97,36.91,0.0,,owg2026,,,,1.33,9.21,,,0,Presentation,2526,9.25,9.25,9.0,9.25,9.25,9.25,9.0,9.25,9.75,1,women,team
1,Sakamoto Kaori,JPN,10,78.88,41.97,36.91,0.0,,owg2026,,,,1.33,9.29,,,0,Skating Skills,2526,9.5,9.25,9.0,9.25,9.0,9.25,9.25,9.5,9.5,1,women,team
2,Liu Alysa,USA,9,74.9,39.52,35.38,0.0,5.3,owg2026,3F!,1.0,0.0,,5.68,0.38,!,1,,2526,1.0,1.0,0.0,1.0,1.0,1.0,0.0,2.0,0.0,1,women,team
2,Liu Alysa,USA,9,74.9,39.52,35.38,0.0,3.3,owg2026,2A,2.0,0.0,,3.91,0.61,,1,,2526,2.0,2.0,3.0,1.0,1.0,1.0,3.0,3.0,1.0,1,women,team
2,Liu Alysa,USA,9,74.9,39.52,35.38,0.0,3.5,owg2026,CCoSp4,3.0,0.0,,4.6,1.1,,1,,2526,3.0,3.0,3.0,3.0,3.0,4.0,4.0,3.0,3.0,1,women,team
2,Liu Alysa,USA,9,74.9,39.52,35.38,0.0,11.88,owg2026,3Lz+3Loq,4.0,1.0,,11.71,-0.17,q,1,,2526,0.0,-1.0,0.0,-2.0,-1.0,0.0,0.0,0.0,0.0,1,women,team
2,Liu Alysa,USA,9,74.9,39.52,35.38,0.0,3.2,owg2026,FCSp4,5.0,0.0,,4.43,1.23,,1,,2526,3.0,4.0,4.0,3.0,4.0,4.0,4.0,4.0,4.0,1,women,team
2,Liu Alysa,USA,9,74.9,39.52,35.38,0.0,3.9,owg2026,StSq4,6.0,0.0,,5.29,1.39,,1,,2526,3.0,3.0,4.0,2.0,4.0,4.0,3.0,4.0,4.0,1,women,team
2,Liu Alysa,USA,9,74.9,39.52,35.38,0.0,2.7,owg2026,LSp4,7.0,0.0,,3.9,1.2,,1,,2526,3.0,4.0,4.0,4.0,5.0,5.0,4.0,5.0,5.0,1,women,team
2,Liu Alysa,USA,9,74.9,39.52,35.38,0.0,,owg2026,,,,1.33,8.86,,,0,Composition,2526,8.75,9.25,8.75,8.25,9.0,9.0,8.75,8.75,9.0,1,women,team
2,Liu Alysa,USA,9,74.9,39.52,35.38,0.0,,owg2026,,,,1.33,9.04,,,0,Presentation,2526,9.0,9.0,9.0,8.5,9.25,9.0,9.0,9.0,9.25,1,women,team
2,Liu Alysa,USA,9,74.9,39.52,35.38,0.0,,owg2026,,,,1.33,8.71,,,0,Skating Skills,2526,8.75,9.0,8.75,8.5,8.75,8.75,8.5,8.75,8.75,1,women,team
3,Gutmann Lara Naki,ITA,7,71.62,38.28,33.34,0.0,8.4,owg2026,3T+3T,1.0,0.0,,9.66,1.26,,1,,2526,3.0,3.0,3.0,2.0,3.0,3.0,3.0,3.0,3.0,1,women,team
3,Gutmann Lara Naki,ITA,7,71.62,38.28,33.34,0.0,3.3,owg2026,2A,2.0,0.0,,4.15,0.85,,1,,2526,2.0,3.0,2.0,3.0,2.0,2.0,3.0,3.0,3.0,1,women,team
3,Gutmann Lara Naki,ITA,7,71.62,38.28,33.34,0.0,3.2,owg2026,FCSp4,3.0,0.0,,4.02,0.82,,1,,2526,3.0,3.0,3.0,3.0,2.0,3.0,2.0,2.0,2.0,1,women,team
3,Gutmann Lara Naki,ITA,7,71.62,38.28,33.34,0.0,6.49,owg2026,3Lz,4.0,1.0,,7.42,0.93,,1,,2526,1.0,1.0,2.0,1.0,2.0,1.0,2.0,2.0,3.0,1,women,team
3,Gutmann Lara Naki,ITA,7,71.62,38.28,33.34,0.0,2.5,owg2026,SSp4,5.0,0.0,,3.29,0.79,,1,,2526,3.0,4.0,3.0,3.0,3.0,4.0,2.0,3.0,3.0,1,women,team
3,Gutmann Lara Naki,ITA,7,71.62,38.28,33.34,0.0,3.5,owg2026,CCoSp4,6.0,0.0,,4.5,1.0,,1,,2526,2.0,4.0,3.0,2.0,3.0,3.0,3.0,3.0,3.0,1,women,team
3,Gutmann Lara Naki,ITA,7,71.62,38.28,33.34,0.0,3.9,owg2026,StSq4,7.0,0.0,,5.24,1.34,,1,,2526,3.0,3.0,3.0,3.0,4.0,4.0,3.0,4.0,4.0,1,women,team
3,Gutmann Lara Naki,ITA,7,71.62,38.28,33.34,0.0,,owg2026,,,,1.33,8.43,,,0,Composition,2526,8.0,9.0,8.5,8.5,8.75,8.0,8.5,8.5,8.25,1,women,team
3,Gutmann Lara Naki,ITA,7,71.62,38.28,33.34,0.0,,owg2026,,,,1.33,8.39,,,0,Presentation,2526,8.25,8.75,8.25,8.25,8.5,8.5,8.75,8.0,8.25,1,women,team
3,Gutmann Lara Naki,ITA,7,71.62,38.28,33.34,0.0,,owg2026,,,,1.33,8.25,,,0,Skating Skills,2526,8.25,8.5,8.25,8.25,8.5,7.75,8.0,8.0,8.5,1,women,team
4,Shin Jia,KOR,4,68.8,37.93,30.87,0.0,10.1,owg2026,3Lz+3T,1.0,0.0,,11.2,1.1,,1,,2526,2.0,3.0,2.0,1.0,2.0,3.0,2.0,1.0,1.0,1,women,team
4,Shin Jia,KOR,4,68.8,37.93,30.87,0.0,3.3,owg2026,2A,2.0,0.0,,4.2,0.9,,1,,2526,2.0,3.0,2.0,2.0,3.0,3.0,3.0,3.0,3.0,1,women,team
4,Shin Jia,KOR,4,68.8,37.93,30.87,0.0,3.2,owg2026,FCSp4,3.0,0.0,,3.89,0.69,,1,,2526,2.0,2.0,3.0,2.0,1.0,3.0,2.0,2.0,2.0,1,women,team
4,Shin Jia,KOR,4,68.8,37.93,30.87,0.0,5.83,owg2026,3F,4.0,1.0,,6.51,0.68,,1,,2526,1.0,1.0,2.0,0.0,1.0,1.0,2.0,2.0,1.0,1,women,team
4,Shin Jia,KOR,4,68.8,37.93,30.87,0.0,3.5,owg2026,CCoSp4,5.0,0.0,,4.55,1.05,,1,,2526,3.0,3.0,3.0,3.0,2.0,4.0,4.0,2.0,3.0,1,women,team
4,Shin Jia,KOR,4,68.8,37.93,30.87,0.0,3.3,owg2026,StSq3,6.0,0.0,,4.29,0.99,,1,,2526,3.0,3.0,3.0,2.0,3.0,3.0,3.0,3.0,3.0,1,women,team
4,Shin Jia,KOR,4,68.8,37.93,30.87,0.0,2.4,owg2026,LSp3,7.0,0.0,,3.29,0.89,,1,,2526,3.0,4.0,3.0,4.0,4.0,4.0,3.0,4.0,4.0,1,women,team
4,Shin Jia,KOR,4,68.8,37.93,30.87,0.0,,owg2026,,,,1.33,7.75,,,0,Composition,2526,7.75,8.0,8.0,7.75,7.5,8.25,8.0,7.25,7.0,1,women,team
4,Shin Jia,KOR,4,68.8,37.93,30.87,0.0,,owg2026,,,,1.33,7.57,,,0,Presentation,2526,7.75,7.75,7.75,7.5,7.25,7.25,8.5,7.75,7.25,1,women,team
4,Shin Jia,KOR,4,68.8,37.93,30.87,0.0,,owg2026,,,,1.33,7.89,,,0,Skating Skills,2526,8.0,8.25,8.25,7.75,7.5,7.75,8.25,7.75,7.5,1,women,team
5,Gubanova Anastasiia,GEO,8,67.79,35.24,32.55,0.0,9.5,owg2026,3F+3T,1.0,0.0,,10.64,1.14,,1,,2526,2.0,2.0,3.0,2.0,2.0,2.0,3.0,2.0,2.0,1,women,team
5,Gubanova Anastasiia,GEO,8,67.79,35.24,32.55,0.0,3.3,owg2026,2A,2.0,0.0,,4.05,0.75,,1,,2526,2.0,2.0,3.0,2.0,1.0,2.0,3.0,2.0,3.0,1,women,team
5,Gubanova Anastasiia,GEO,8,67.79,35.24,32.55,0.0,3.2,owg2026,FCSp4,3.0,0.0,,4.11,0.91,,1,,2526,3.0,3.0,3.0,3.0,2.0,2.0,3.0,3.0,3.0,1,women,team
5,Gubanova Anastasiia,GEO,8,67.79,35.24,32.55,0.0,6.49,owg2026,3Lzq,4.0,1.0,,5.39,-1.1,q,1,,2526,-2.0,-2.0,-2.0,-2.0,-2.0,-2.0,-1.0,-2.0,0.0,1,women,team
5,Gubanova Anastasiia,GEO,8,67.79,35.24,32.55,0.0,3.3,owg2026,StSq3,5.0,0.0,,4.29,0.99,,1,,2526,3.0,3.0,3.0,2.0,3.0,3.0,3.0,3.0,4.0,1,women,team
5,Gubanova Anastasiia,GEO,8,67.79,35.24,32.55,0.0,3.5,owg2026,CCoSp4,6.0,0.0,,4.15,0.65,,1,,2526,2.0,2.0,3.0,2.0,1.0,2.0,2.0,1.0,2.0,1,women,team
5,Gubanova Anastasiia,GEO,8,67.79,35.24,32.55,0.0,2.1,owg2026,SSp3,7.0,0.0,,2.61,0.51,,1,,2526,2.0,3.0,3.0,1.0,2.0,2.0,3.0,2.0,3.0,1,women,team
5,Gubanova Anastasiia,GEO,8,67.79,35.24,32.55,0.0,,owg2026,,,,1.33,8.18,,,0,Composition,2526,8.25,8.25,8.25,8.0,7.75,8.25,8.25,8.0,8.75,1,women,team
5,Gubanova Anastasiia,GEO,8,67.79,35.24,32.55,0.0,,owg2026,,,,1.33,8.29,,,0,Presentation,2526,8.0,8.5,8.5,8.0,8.25,7.75,8.75,8.25,8.5,1,women,team
5,Gubanova Anastasiia,GEO,8,67.79,35.24,32.55,0.0,,owg2026,,,,1.33,8.0,,,0,Skating Skills,2526,7.75,8.0,8.25,7.75,7.75,7.5,8.5,8.0,8.5,1,women,team
6,Schizas Madeline,CAN,6,64.97,34.43,30.54,0.0,10.1,owg2026,3Lz+3Tq,1.0,0.0,,9.17,-0.93,q,1,,2526,-2.0,-2.0,-2.0,-2.0,-2.0,-2.0,-1.0,0.0,0.0,1,women,team
6,Schizas Madeline,CAN,6,64.97,34.43,30.54,0.0,3.3,owg2026,2A,2.0,0.0,,3.91,0.61,,1,,2526,2.0,2.0,3.0,0.0,1.0,2.0,2.0,2.0,2.0,1,women,team
6,Schizas Madeline,CAN,6,64.97,34.43,30.54,0.0,3.5,owg2026,CCoSp4,3.0,0.0,,4.1,0.6,,1,,2526,2.0,2.0,2.0,1.0,2.0,2.0,3.0,1.0,1.0,1,women,team
6,Schizas Madeline,CAN,6,64.97,34.43,30.54,0.0,5.39,owg2026,3Lo,4.0,1.0,,6.44,1.05,,1,,2526,2.0,3.0,2.0,1.0,2.0,2.0,2.0,3.0,2.0,1,women,team
6,Schizas Madeline,CAN,6,64.97,34.43,30.54,0.0,3.0,owg2026,FSSp4,5.0,0.0,,3.34,0.34,,1,,2526,0.0,2.0,2.0,0.0,1.0,1.0,1.0,2.0,1.0,1,women,team
6,Schizas Madeline,CAN,6,64.97,34.43,30.54,0.0,3.3,owg2026,StSq3,6.0,0.0,,4.15,0.85,,1,,2526,2.0,3.0,3.0,2.0,3.0,2.0,2.0,3.0,3.0,1,women,team
6,Schizas Madeline,CAN,6,64.97,34.43,30.54,0.0,2.7,owg2026,LSp4,7.0,0.0,,3.32,0.62,,1,,2526,2.0,2.0,3.0,1.0,1.0,3.0,3.0,2.0,4.0,1,women,team
6,Schizas Madeline,CAN,6,64.97,34.43,30.54,0.0,,owg2026,,,,1.33,7.57,,,0,Composition,2526,7.75,7.75,8.25,7.75,7.5,7.0,7.75,7.25,7.25,1,women,team
6,Schizas Madeline,CAN,6,64.97,34.43,30.54,0.0,,owg2026,,,,1.33,7.82,,,0,Presentation,2526,7.75,8.0,8.25,7.5,8.25,7.5,8.0,7.75,7.5,1,women,team
6,Schizas Madeline,CAN,6,64.97,34.43,30.54,0.0,,owg2026,,,,1.33,7.57,,,0,Skating Skills,2526,7.5,7.5,8.0,7.5,8.0,7.5,7.5,7.5,7.5,1,women,team
7,Schild Lorine,FRA,5,62.24,34.74,27.5,0.0,10.1,owg2026,3Lz+3T,1.0,0.0,,10.61,0.51,,1,,2526,1.0,1.0,2.0,1.0,1.0,0.0,1.0,1.0,0.0,1,women,team
7,Schild Lorine,FRA,5,62.24,34.74,27.5,0.0,3.3,owg2026,2A,2.0,0.0,,3.72,0.42,,1,,2526,1.0,2.0,2.0,1.0,1.0,1.0,1.0,2.0,1.0,1,women,team
7,Schild Lorine,FRA,5,62.24,34.74,27.5,0.0,3.2,owg2026,FCSp4,3.0,0.0,,3.66,0.46,,1,,2526,1.0,2.0,3.0,2.0,1.0,1.0,1.0,2.0,1.0,1,women,team
7,Schild Lorine,FRA,5,62.24,34.74,27.5,0.0,5.39,owg2026,3Lo,4.0,1.0,,5.67,0.28,,1,,2526,1.0,0.0,2.0,0.0,1.0,0.0,0.0,1.0,1.0,1,women,team
7,Schild Lorine,FRA,5,62.24,34.74,27.5,0.0,3.5,owg2026,CCoSp4,5.0,0.0,,4.15,0.65,,1,,2526,1.0,2.0,2.0,2.0,1.0,2.0,2.0,2.0,2.0,1,women,team
7,Schild Lorine,FRA,5,62.24,34.74,27.5,0.0,3.3,owg2026,StSq3,6.0,0.0,,3.77,0.47,,1,,2526,1.0,2.0,3.0,1.0,-1.0,1.0,1.0,2.0,2.0,1,women,team
7,Schild Lorine,FRA,5,62.24,34.74,27.5,0.0,2.7,owg2026,LSp4,7.0,0.0,,3.16,0.46,,1,,2526,1.0,2.0,2.0,2.0,2.0,2.0,2.0,-1.0,1.0,1,women,team
7,Schild Lorine,FRA,5,62.24,34.74,27.5,0.0,,owg2026,,,,1.33,6.93,,,0,Composition,2526,6.75,7.25,7.25,7.25,6.5,6.75,6.75,7.0,6.75,1,women,team
7,Schild Lorine,FRA,5,62.24,34.74,27.5,0.0,,owg2026,,,,1.33,6.89,,,0,Presentation,2526,6.5,7.5,7.25,7.0,6.25,6.75,7.0,6.75,7.0,1,women,team
7,Schild Lorine,FRA,5,62.24,34.74,27.5,0.0,,owg2026,,,,1.33,6.86,,,0,Skating Skills,2526,6.5,6.75,7.0,7.5,6.75,7.0,7.25,6.75,6.5,1,women,team
8,Zhang Ruiyang,CHN,1,59.83,33.08,26.75,0.0,8.5,owg2026,3S+3Tq,1.0,0.0,,7.52,-0.98,q,1,,2526,-3.0,-2.0,-3.0,-3.0,-2.0,-2.0,-1.0,-2.0,-2.0,1,women,team
8,Zhang Ruiyang,CHN,1,59.83,33.08,26.75,0.0,3.3,owg2026,2A,2.0,0.0,,3.72,0.42,,1,,2526,2.0,1.0,2.0,1.0,1.0,1.0,2.0,1.0,1.0,1,women,team
8,Zhang Ruiyang,CHN,1,59.83,33.08,26.75,0.0,3.5,owg2026,CCoSp4,3.0,0.0,,4.05,0.55,,1,,2526,2.0,2.0,2.0,2.0,1.0,1.0,2.0,1.0,1.0,1,women,team
8,Zhang Ruiyang,CHN,1,59.83,33.08,26.75,0.0,5.83,owg2026,3F,4.0,1.0,,6.44,0.61,,1,,2526,1.0,1.0,2.0,0.0,1.0,1.0,1.0,2.0,1.0,1,women,team
8,Zhang Ruiyang,CHN,1,59.83,33.08,26.75,0.0,3.9,owg2026,StSq4,5.0,0.0,,4.68,0.78,,1,,2526,1.0,3.0,3.0,1.0,2.0,3.0,2.0,2.0,1.0,1,women,team
8,Zhang Ruiyang,CHN,1,59.83,33.08,26.75,0.0,3.2,owg2026,FCSp4,6.0,0.0,,3.43,0.23,,1,,2526,1.0,1.0,1.0,1.0,0.0,2.0,0.0,0.0,1.0,1,women,team
8,Zhang Ruiyang,CHN,1,59.83,33.08,26.75,0.0,2.7,owg2026,LSp4,7.0,0.0,,3.24,0.54,,1,,2526,2.0,2.0,2.0,1.0,2.0,2.0,2.0,3.0,2.0,1,women,team
8,Zhang Ruiyang,CHN,1,59.83,33.08,26.75,0.0,,owg2026,,,,1.33,6.79,,,0,Composition,2526,6.5,7.0,7.0,6.5,7.0,7.0,6.75,6.75,6.5,1,women,team
8,Zhang Ruiyang,CHN,1,59.83,33.08,26.75,0.0,,owg2026,,,,1.33,6.57,,,0,Presentation,2526,6.25,6.5,7.0,6.25,6.75,6.5,6.5,7.0,6.5,1,women,team
8,Zhang Ruiyang,CHN,1,59.83,33.08,26.75,0.0,,owg2026,,,,1.33,6.75,,,0,Skating Skills,2526,6.5,6.75,6.75,6.5,6.75,6.75,7.5,7.0,6.75,1,women,team
9,Kurakova Ekaterina,POL,3,57.76,29.37,28.39,0.0,7.56,owg2026,3T+3T<,1.0,0.0,,6.66,-0.9,<,1,,2526,-2.0,-2.0,-2.0,-2.0,-3.0,-3.0,-2.0,-2.0,-2.0,1,women,team
9,Kurakova Ekaterina,POL,3,57.76,29.37,28.39,0.0,3.3,owg2026,2A,2.0,0.0,,3.72,0.42,,1,,2526,1.0,1.0,2.0,1.0,0.0,1.0,1.0,2.0,2.0,1,women,team
9,Kurakova Ekaterina,POL,3,57.76,29.37,28.39,0.0,3.0,owg2026,CCoSp3,3.0,0.0,,3.34,0.34,,1,,2526,1.0,2.0,2.0,0.0,1.0,2.0,1.0,-1.0,1.0,1,women,team
9,Kurakova Ekaterina,POL,3,57.76,29.37,28.39,0.0,5.39,owg2026,3Loq,4.0,1.0,,4.69,-0.7,q,1,,2526,-2.0,-1.0,-1.0,-2.0,-2.0,-2.0,-1.0,-1.0,-1.0,1,women,team
9,Kurakova Ekaterina,POL,3,57.76,29.37,28.39,0.0,2.8,owg2026,FCSp3,5.0,0.0,,3.36,0.56,,1,,2526,2.0,2.0,3.0,1.0,3.0,3.0,1.0,2.0,1.0,1,women,team
9,Kurakova Ekaterina,POL,3,57.76,29.37,28.39,0.0,3.9,owg2026,StSq4,6.0,0.0,,4.96,1.06,,1,,2526,3.0,3.0,3.0,1.0,3.0,3.0,2.0,3.0,2.0,1,women,team
9,Kurakova Ekaterina,POL,3,57.76,29.37,28.39,0.0,2.4,owg2026,LSp3,7.0,0.0,,2.64,0.24,,1,,2526,1.0,1.0,2.0,0.0,1.0,1.0,2.0,1.0,0.0,1,women,team
9,Kurakova Ekaterina,POL,3,57.76,29.37,28.39,0.0,,owg2026,,,,1.33,7.07,,,0,Composition,2526,7.25,7.25,7.0,7.25,6.75,6.5,7.25,7.25,6.75,1,women,team
9,Kurakova Ekaterina,POL,3,57.76,29.37,28.39,0.0,,owg2026,,,,1.33,7.39,,,0,Presentation,2526,7.5,7.5,7.25,7.25,7.75,7.25,7.5,7.5,7.0,1,women,team
9,Kurakova Ekaterina,POL,3,57.76,29.37,28.39,0.0,,owg2026,,,,1.33,6.89,,,0,Skating Skills,2526,7.25,7.0,6.75,6.75,7.25,6.25,6.75,7.25,6.5,1,women,team
10,Spours Kristen,GBR,2,48.28,24.1,24.18,0.0,5.3,owg2026,3F,1.0,0.0,,5.75,0.45,,1,,2526,1.0,1.0,2.0,0.0,1.0,0.0,1.0,1.0,1.0,1,women,team
10,Spours Kristen,GBR,2,48.28,24.1,24.18,0.0,6.6,owg2026,3Lo+2Lo,2.0,0.0,,6.81,0.21,,1,,2526,2.0,1.0,1.0,0.0,0.0,0.0,0.0,0.0,1.0,1,women,team
10,Spours Kristen,GBR,2,48.28,24.1,24.18,0.0,3.2,owg2026,FCSp4,3.0,0.0,,3.25,0.05,,1,,2526,1.0,0.0,0.0,0.0,-2.0,1.0,0.0,0.0,0.0,1,women,team
10,Spours Kristen,GBR,2,48.28,24.1,24.18,0.0,0.0,owg2026,1A*,4.0,1.0,,0.0,0.0,*,1,,2526,0.0,0.0,0.0,0.0,0.0,0.0,0.0,0.0,0.0,1,women,team
10,Spours Kristen,GBR,2,48.28,24.1,24.18,0.0,2.6,owg2026,StSq2,5.0,0.0,,2.67,0.07,,1,,2526,1.0,1.0,1.0,0.0,0.0,1.0,0.0,-1.0,-1.0,1,women,team
10,Spours Kristen,GBR,2,48.28,24.1,24.18,0.0,3.5,owg2026,CCoSp4,6.0,0.0,,3.4,-0.1,,1,,2526,1.0,0.0,0.0,0.0,-1.0,-1.0,-1.0,0.0,0.0,1,women,team
10,Spours Kristen,GBR,2,48.28,24.1,24.18,0.0,2.1,owg2026,SSp3,7.0,0.0,,2.22,0.12,,1,,2526,1.0,0.0,1.0,0.0,0.0,1.0,1.0,1.0,0.0,1,women,team
10,Spours Kristen,GBR,2,48.28,24.1,24.18,0.0,,owg2026,,,,1.33,6.14,,,0,Composition,2526,6.75,6.5,6.0,6.0,6.25,6.0,6.0,6.0,6.25,1,women,team
10,Spours Kristen,GBR,2,48.28,24.1,24.18,0.0,,owg2026,,,,1.33,6.04,,,0,Presentation,2526,6.5,6.25,5.75,6.0,5.75,6.5,5.75,6.25,5.75,1,women,team
10,Spours Kristen,GBR,2,48.28,24.1,24.18,0.0,,owg2026,,,,1.33,6.0,,,0,Skating Skills,2526,6.75,6.0,5.75,6.25,5.75,5.75,6.5,5.75,6.0,1,women,team
1,Kagiyama Yuma,JPN,9,108.67,61.12,47.55,0.0,13.7,owg2026,4T+3T,1.0,0.0,,17.77,4.07,,1,,2526,4.0,4.0,4.0,4.0,5.0,5.0,4.0,4.0,5.0,1,men,team
1,Kagiyama Yuma,JPN,9,108.67,61.12,47.55,0.0,9.7,owg2026,4S,2.0,0.0,,13.44,3.74,,1,,2526,4.0,4.0,4.0,4.0,3.0,4.0,4.0,3.0,4.0,1,men,team
1,Kagiyama Yuma,JPN,9,108.67,61.12,47.55,0.0,3.2,owg2026,CCSp4,3.0,0.0,,4.11,0.91,,1,,2526,3.0,3.0,3.0,1.0,2.0,3.0,3.0,4.0,3.0,1,men,team
1,Kagiyama Yuma,JPN,9,108.67,61.12,47.55,0.0,8.8,owg2026,3A,4.0,1.0,,11.31,2.51,,1,,2526,3.0,3.0,3.0,3.0,3.0,4.0,3.0,3.0,4.0,1,men,team
1,Kagiyama Yuma,JPN,9,108.67,61.12,47.55,0.0,3.0,owg2026,FSSp4,5.0,0.0,,3.99,0.99,,1,,2526,3.0,3.0,4.0,3.0,3.0,4.0,4.0,3.0,3.0,1,men,team
1,Kagiyama Yuma,JPN,9,108.67,61.12,47.55,0.0,3.9,owg2026,StSq4,6.0,0.0,,5.85,1.95,,1,,2526,5.0,5.0,5.0,5.0,5.0,5.0,5.0,5.0,5.0,1,men,team
1,Kagiyama Yuma,JPN,9,108.67,61.12,47.55,0.0,3.5,owg2026,CCoSp4,7.0,0.0,,4.65,1.15,,1,,2526,3.0,3.0,3.0,3.0,2.0,4.0,3.0,4.0,4.0,1,men,team
1,Kagiyama Yuma,JPN,9,108.67,61.12,47.55,0.0,,owg2026,,,,1.67,9.43,,,0,Composition,2526,9.75,9.75,9.0,9.25,9.25,9.25,9.5,9.5,9.5,1,men,team
1,Kagiyama Yuma,JPN,9,108.67,61.12,47.55,0.0,,owg2026,,,,1.67,9.5,,,0,Presentation,2526,10.0,9.25,9.5,9.25,9.5,9.75,9.5,9.75,9.25,1,men,team
1,Kagiyama Yuma,JPN,9,108.67,61.12,47.55,0.0,,owg2026,,,,1.67,9.54,,,0,Skating Skills,2526,9.5,9.75,9.5,9.5,9.75,9.5,9.5,9.5,9.5,1,men,team
2,Malinin Ilia,USA,10,98.0,52.62,45.38,0.0,11.0,owg2026,4F,1.0,0.0,,14.77,3.77,,1,,2526,3.0,3.0,3.0,4.0,2.0,4.0,4.0,3.0,4.0,1,men,team
2,Malinin Ilia,USA,10,98.0,52.62,45.38,0.0,8.0,owg2026,3A,2.0,0.0,,7.66,-0.34,,1,,2526,0.0,0.0,-1.0,-1.0,-1.0,-1.0,0.0,0.0,0.0,1,men,team
2,Malinin Ilia,USA,10,98.0,52.62,45.38,0.0,3.2,owg2026,CCSp4,3.0,0.0,,3.57,0.37,,1,,2526,2.0,-1.0,0.0,0.0,2.0,3.0,1.0,1.0,2.0,1,men,team
2,Malinin Ilia,USA,10,98.0,52.62,45.38,0.0,14.74,owg2026,4Lz<+3T,4.0,1.0,,13.69,-1.05,<,1,,2526,-1.0,-1.0,-1.0,-2.0,-1.0,0.0,-1.0,-1.0,-2.0,1,men,team
2,Malinin Ilia,USA,10,98.0,52.62,45.38,0.0,2.6,owg2026,FSSp3,5.0,0.0,,3.01,0.41,,1,,2526,2.0,0.0,1.0,2.0,2.0,2.0,2.0,1.0,1.0,1,men,team
2,Malinin Ilia,USA,10,98.0,52.62,45.38,0.0,3.9,owg2026,StSq4,6.0,0.0,,5.52,1.62,,1,,2526,5.0,4.0,4.0,4.0,4.0,5.0,4.0,4.0,4.0,1,men,team
2,Malinin Ilia,USA,10,98.0,52.62,45.38,0.0,3.5,owg2026,CCoSp4,7.0,0.0,,4.4,0.9,,1,,2526,3.0,2.0,2.0,4.0,3.0,3.0,2.0,2.0,3.0,1,men,team
2,Malinin Ilia,USA,10,98.0,52.62,45.38,0.0,,owg2026,,,,1.67,9.11,,,0,Composition,2526,9.25,9.25,9.25,9.0,9.25,8.75,8.75,9.0,9.5,1,men,team
2,Malinin Ilia,USA,10,98.0,52.62,45.38,0.0,,owg2026,,,,1.67,9.14,,,0,Presentation,2526,9.25,9.0,9.25,8.75,9.0,9.5,9.0,9.25,9.25,1,men,team
2,Malinin Ilia,USA,10,98.0,52.62,45.38,0.0,,owg2026,,,,1.67,8.93,,,0,Skating Skills,2526,9.25,8.75,8.75,9.0,9.5,9.0,8.75,8.75,9.0,1,men,team
3,Gogolev Stephen,CAN,2,92.99,53.63,39.36,0.0,13.7,owg2026,4T+3T,1.0,0.0,,16.01,2.31,,1,,2526,3.0,2.0,3.0,3.0,2.0,2.0,3.0,2.0,2.0,1,men,team
3,Gogolev Stephen,CAN,2,92.99,53.63,39.36,0.0,9.7,owg2026,4S,2.0,0.0,,11.78,2.08,,1,,2526,2.0,2.0,2.0,2.0,2.0,3.0,3.0,2.0,2.0,1,men,team
3,Gogolev Stephen,CAN,2,92.99,53.63,39.36,0.0,3.5,owg2026,CCoSp4,3.0,0.0,,3.75,0.25,,1,,2526,1.0,2.0,-1.0,1.0,0.0,2.0,1.0,-1.0,1.0,1,men,team
3,Gogolev Stephen,CAN,2,92.99,53.63,39.36,0.0,8.8,owg2026,3A,4.0,1.0,,10.4,1.6,,1,,2526,3.0,3.0,1.0,2.0,1.0,1.0,2.0,2.0,3.0,1,men,team
3,Gogolev Stephen,CAN,2,92.99,53.63,39.36,0.0,3.2,owg2026,FCSp4,5.0,0.0,,4.02,0.82,,1,,2526,3.0,3.0,2.0,3.0,3.0,3.0,2.0,1.0,2.0,1,men,team
3,Gogolev Stephen,CAN,2,92.99,53.63,39.36,0.0,3.3,owg2026,StSq3,6.0,0.0,,4.2,0.9,,1,,2526,3.0,2.0,3.0,3.0,3.0,3.0,3.0,2.0,2.0,1,men,team
3,Gogolev Stephen,CAN,2,92.99,53.63,39.36,0.0,3.0,owg2026,CSSp4,7.0,0.0,,3.47,0.47,,1,,2526,2.0,1.0,1.0,0.0,1.0,3.0,3.0,0.0,3.0,1,men,team
3,Gogolev Stephen,CAN,2,92.99,53.63,39.36,0.0,,owg2026,,,,1.67,7.96,,,0,Composition,2526,7.75,7.5,7.75,8.25,7.25,8.25,8.0,8.25,8.25,1,men,team
3,Gogolev Stephen,CAN,2,92.99,53.63,39.36,0.0,,owg2026,,,,1.67,7.79,,,0,Presentation,2526,7.5,7.75,7.5,7.5,7.75,8.5,7.75,8.25,8.0,1,men,team
3,Gogolev Stephen,CAN,2,92.99,53.63,39.36,0.0,,owg2026,,,,1.67,7.82,,,0,Skating Skills,2526,8.0,7.25,7.0,8.0,7.75,8.0,8.0,8.0,7.75,1,men,team
4,Aymoz Kevin,FRA,7,88.05,43.74,44.31,0.0,9.5,owg2026,4T,1.0,0.0,,8.69,-0.81,,1,,2526,-1.0,0.0,0.0,-2.0,-1.0,-1.0,-1.0,-1.0,-1.0,1,men,team
4,Aymoz Kevin,FRA,7,88.05,43.74,44.31,0.0,10.1,owg2026,3Lz+3T,2.0,0.0,,10.44,0.34,,1,,2526,2.0,1.0,1.0,1.0,0.0,0.0,0.0,0.0,1.0,1,men,team
4,Aymoz Kevin,FRA,7,88.05,43.74,44.31,0.0,3.2,owg2026,CCSp4,3.0,0.0,,2.65,-0.55,,1,,2526,-2.0,-2.0,-2.0,-1.0,-2.0,-2.0,-2.0,-1.0,2.0,1,men,team
4,Aymoz Kevin,FRA,7,88.05,43.74,44.31,0.0,8.0,owg2026,3A,4.0,0.0,,10.17,2.17,,1,,2526,3.0,3.0,3.0,3.0,3.0,2.0,2.0,2.0,3.0,1,men,team
4,Aymoz Kevin,FRA,7,88.05,43.74,44.31,0.0,2.6,owg2026,FSSp3,5.0,0.0,,3.31,0.71,,1,,2526,3.0,2.0,3.0,3.0,2.0,2.0,3.0,3.0,3.0,1,men,team
4,Aymoz Kevin,FRA,7,88.05,43.74,44.31,0.0,3.9,owg2026,StSq4,6.0,0.0,,5.63,1.73,,1,,2526,4.0,3.0,5.0,5.0,5.0,4.0,4.0,5.0,4.0,1,men,team
4,Aymoz Kevin,FRA,7,88.05,43.74,44.31,0.0,2.63,owg2026,CCoSp4V,7.0,0.0,,2.85,0.22,,1,,2526,2.0,-2.0,0.0,1.0,1.0,1.0,-2.0,3.0,3.0,1,men,team
4,Aymoz Kevin,FRA,7,88.05,43.74,44.31,0.0,,owg2026,,,,1.67,8.75,,,0,Composition,2526,9.25,8.25,8.75,9.0,9.0,8.25,8.5,8.75,9.0,1,men,team
4,Aymoz Kevin,FRA,7,88.05,43.74,44.31,0.0,,owg2026,,,,1.67,9.07,,,0,Presentation,2526,9.0,8.75,9.25,9.25,9.25,9.0,8.75,9.0,9.25,1,men,team
4,Aymoz Kevin,FRA,7,88.05,43.74,44.31,0.0,,owg2026,,,,1.67,8.71,,,0,Skating Skills,2526,9.0,8.0,8.75,8.75,8.75,8.75,8.5,8.75,8.75,1,men,team
5,Grassl Daniel,ITA,6,87.54,46.58,40.96,0.0,12.8,owg2026,4Lz+2T,1.0,0.0,,10.99,-1.81,,1,,2526,-2.0,0.0,-1.0,-3.0,-2.0,-1.0,-1.0,-2.0,-2.0,1,men,team
5,Grassl Daniel,ITA,6,87.54,46.58,40.96,0.0,8.4,owg2026,4Lo<,2.0,0.0,,6.96,-1.44,<,1,,2526,-1.0,-1.0,-2.0,-2.0,-2.0,-1.0,-2.0,-2.0,-2.0,1,men,team
5,Grassl Daniel,ITA,6,87.54,46.58,40.96,0.0,8.8,owg2026,3A,3.0,1.0,,10.97,2.17,,1,,2526,3.0,4.0,2.0,3.0,1.0,3.0,3.0,2.0,3.0,1,men,team
5,Grassl Daniel,ITA,6,87.54,46.58,40.96,0.0,3.0,owg2026,FSSp4,4.0,0.0,,3.69,0.69,,1,,2526,3.0,3.0,2.0,2.0,2.0,3.0,2.0,2.0,2.0,1,men,team
5,Grassl Daniel,ITA,6,87.54,46.58,40.96,0.0,3.9,owg2026,StSq4,5.0,0.0,,5.01,1.11,,1,,2526,3.0,3.0,3.0,3.0,2.0,4.0,3.0,2.0,3.0,1,men,team
5,Grassl Daniel,ITA,6,87.54,46.58,40.96,0.0,3.2,owg2026,CCSp4,6.0,0.0,,4.16,0.96,,1,,2526,3.0,3.0,3.0,3.0,3.0,3.0,3.0,2.0,3.0,1,men,team
5,Grassl Daniel,ITA,6,87.54,46.58,40.96,0.0,3.5,owg2026,CCoSp4,7.0,0.0,,4.8,1.3,,1,,2526,4.0,4.0,4.0,4.0,3.0,4.0,3.0,4.0,3.0,1,men,team
5,Grassl Daniel,ITA,6,87.54,46.58,40.96,0.0,,owg2026,,,,1.67,8.18,,,0,Composition,2526,8.25,8.75,8.0,8.75,7.75,7.75,8.0,8.25,8.25,1,men,team
5,Grassl Daniel,ITA,6,87.54,46.58,40.96,0.0,,owg2026,,,,1.67,8.21,,,0,Presentation,2526,8.25,8.25,8.25,8.25,8.0,8.5,7.5,8.0,8.5,1,men,team
5,Grassl Daniel,ITA,6,87.54,46.58,40.96,0.0,,owg2026,,,,1.67,8.14,,,0,Skating Skills,2526,8.5,8.5,7.5,8.5,7.5,8.5,7.75,8.25,8.0,1,men,team
6,Egadze Nika,GEO,8,84.37,44.22,40.15,0.0,9.7,owg2026,4S,1.0,0.0,,8.18,-1.52,,1,,2526,-1.0,-2.0,-2.0,-2.0,-2.0,-1.0,-1.0,-1.0,-2.0,1,men,team
6,Egadze Nika,GEO,8,84.37,44.22,40.15,0.0,13.7,owg2026,4T+3T,2.0,0.0,,13.43,-0.27,,1,,2526,0.0,0.0,0.0,0.0,-1.0,0.0,0.0,-1.0,-1.0,1,men,team
6,Egadze Nika,GEO,8,84.37,44.22,40.15,0.0,3.2,owg2026,FCSp4,3.0,0.0,,3.43,0.23,,1,,2526,1.0,1.0,1.0,1.0,1.0,-1.0,1.0,-1.0,1.0,1,men,team
6,Egadze Nika,GEO,8,84.37,44.22,40.15,0.0,8.8,owg2026,3A,4.0,1.0,,10.17,1.37,,1,,2526,2.0,2.0,2.0,3.0,1.0,0.0,1.0,1.0,3.0,1,men,team
6,Egadze Nika,GEO,8,84.37,44.22,40.15,0.0,3.0,owg2026,CSSp4,5.0,0.0,,3.39,0.39,,1,,2526,3.0,1.0,2.0,0.0,0.0,4.0,-2.0,0.0,3.0,1,men,team
6,Egadze Nika,GEO,8,84.37,44.22,40.15,0.0,2.6,owg2026,StSq2,6.0,0.0,,3.05,0.45,,1,,2526,1.0,1.0,1.0,2.0,1.0,3.0,3.0,1.0,3.0,1,men,team
6,Egadze Nika,GEO,8,84.37,44.22,40.15,0.0,2.25,owg2026,CCoSp3V,7.0,0.0,,2.57,0.32,,1,,2526,2.0,1.0,0.0,3.0,1.0,2.0,0.0,1.0,3.0,1,men,team
6,Egadze Nika,GEO,8,84.37,44.22,40.15,0.0,,owg2026,,,,1.67,8.04,,,0,Composition,2526,8.25,7.5,8.25,8.25,7.5,8.0,7.75,8.25,8.25,1,men,team
6,Egadze Nika,GEO,8,84.37,44.22,40.15,0.0,,owg2026,,,,1.67,7.89,,,0,Presentation,2526,8.0,6.75,8.5,8.0,7.75,8.25,7.5,7.75,8.0,1,men,team
6,Egadze Nika,GEO,8,84.37,44.22,40.15,0.0,,owg2026,,,,1.67,8.11,,,0,Skating Skills,2526,8.25,7.5,8.0,8.5,8.0,8.5,7.75,7.75,8.5,1,men,team
7,Jin Boyang,CHN,4,84.15,45.2,38.95,0.0,9.5,owg2026,4T,1.0,0.0,,10.04,0.54,,1,,2526,1.0,1.0,1.0,1.0,-1.0,0.0,0.0,0.0,2.0,1,men,team
7,Jin Boyang,CHN,4,84.15,45.2,38.95,0.0,8.0,owg2026,3A,2.0,0.0,,9.26,1.26,,1,,2526,2.0,2.0,2.0,2.0,1.0,1.0,1.0,1.0,3.0,1,men,team
7,Jin Boyang,CHN,4,84.15,45.2,38.95,0.0,3.2,owg2026,FCSp4,3.0,0.0,,3.75,0.55,,1,,2526,2.0,2.0,3.0,2.0,1.0,1.0,2.0,0.0,2.0,1,men,team
7,Jin Boyang,CHN,4,84.15,45.2,38.95,0.0,11.11,owg2026,3Lz+3T,4.0,1.0,,11.62,0.51,,1,,2526,1.0,2.0,2.0,1.0,0.0,0.0,0.0,0.0,2.0,1,men,team
7,Jin Boyang,CHN,4,84.15,45.2,38.95,0.0,3.5,owg2026,CCoSp4,5.0,0.0,,4.2,0.7,,1,,2526,2.0,3.0,2.0,2.0,2.0,2.0,1.0,2.0,2.0,1,men,team
7,Jin Boyang,CHN,4,84.15,45.2,38.95,0.0,2.6,owg2026,StSq2,6.0,0.0,,3.34,0.74,,1,,2526,3.0,2.0,3.0,3.0,3.0,3.0,2.0,3.0,3.0,1,men,team
7,Jin Boyang,CHN,4,84.15,45.2,38.95,0.0,2.3,owg2026,CSSp2,7.0,0.0,,2.99,0.69,,1,,2526,3.0,3.0,3.0,3.0,2.0,3.0,3.0,3.0,3.0,1,men,team
7,Jin Boyang,CHN,4,84.15,45.2,38.95,0.0,,owg2026,,,,1.67,7.64,,,0,Composition,2526,7.5,7.25,7.5,8.0,7.75,7.5,7.25,8.25,8.0,1,men,team
7,Jin Boyang,CHN,4,84.15,45.2,38.95,0.0,,owg2026,,,,1.67,7.86,,,0,Presentation,2526,7.5,7.0,8.0,8.5,7.75,8.25,7.0,8.5,8.0,1,men,team
7,Jin Boyang,CHN,4,84.15,45.2,38.95,0.0,,owg2026,,,,1.67,7.82,,,0,Skating Skills,2526,7.75,7.0,7.75,8.0,8.0,8.0,7.5,8.25,7.75,1,men,team
8,Cha Junhwan,KOR,5,83.53,41.78,41.75,0.0,9.7,owg2026,4S,1.0,0.0,,12.61,2.91,,1,,2526,3.0,3.0,3.0,3.0,3.0,4.0,3.0,2.0,3.0,1,men,team
8,Cha Junhwan,KOR,5,83.53,41.78,41.75,0.0,10.8,owg2026,3Lz+3Lo,2.0,0.0,,11.73,0.93,,1,,2526,2.0,1.0,2.0,3.0,1.0,1.0,2.0,2.0,1.0,1,men,team
8,Cha Junhwan,KOR,5,83.53,41.78,41.75,0.0,3.2,owg2026,FCSp4,3.0,0.0,,3.61,0.41,,1,,2526,2.0,2.0,1.0,2.0,0.0,1.0,2.0,0.0,1.0,1,men,team
8,Cha Junhwan,KOR,5,83.53,41.78,41.75,0.0,0.0,owg2026,1A*,4.0,1.0,,0.0,0.0,*,1,,2526,0.0,0.0,0.0,0.0,0.0,0.0,0.0,0.0,0.0,1,men,team
8,Cha Junhwan,KOR,5,83.53,41.78,41.75,0.0,3.0,owg2026,CSSp4,5.0,0.0,,3.51,0.51,,1,,2526,3.0,2.0,0.0,1.0,0.0,3.0,2.0,4.0,1.0,1,men,team
8,Cha Junhwan,KOR,5,83.53,41.78,41.75,0.0,3.9,owg2026,StSq4,6.0,0.0,,5.57,1.67,,1,,2526,4.0,4.0,4.0,5.0,4.0,5.0,5.0,4.0,4.0,1,men,team
8,Cha Junhwan,KOR,5,83.53,41.78,41.75,0.0,3.5,owg2026,CCoSp4,7.0,0.0,,4.75,1.25,,1,,2526,4.0,3.0,3.0,4.0,2.0,4.0,3.0,4.0,4.0,1,men,team
8,Cha Junhwan,KOR,5,83.53,41.78,41.75,0.0,,owg2026,,,,1.67,8.21,,,0,Composition,2526,8.0,8.0,7.75,8.75,8.0,8.5,8.0,8.5,8.5,1,men,team
8,Cha Junhwan,KOR,5,83.53,41.78,41.75,0.0,,owg2026,,,,1.67,8.25,,,0,Presentation,2526,8.5,7.75,8.0,8.5,8.0,8.75,7.5,8.75,8.25,1,men,team
8,Cha Junhwan,KOR,5,83.53,41.78,41.75,0.0,,owg2026,,,,1.67,8.54,,,0,Skating Skills,2526,8.75,8.25,8.25,8.75,8.25,9.25,8.5,8.75,8.5,1,men,team
9,Samoilov Vladimir,POL,3,80.47,43.26,37.21,0.0,9.7,owg2026,4S,1.0,0.0,,10.67,0.97,,1,,2526,2.0,2.0,1.0,1.0,1.0,1.0,0.0,0.0,1.0,1,men,team
9,Samoilov Vladimir,POL,3,80.47,43.26,37.21,0.0,8.0,owg2026,3A,2.0,0.0,,7.54,-0.46,,1,,2526,0.0,0.0,2.0,0.0,-1.0,-1.0,-1.0,-1.0,-1.0,1,men,team
9,Samoilov Vladimir,POL,3,80.47,43.26,37.21,0.0,3.2,owg2026,CCSp4,3.0,0.0,,3.7,0.5,,1,,2526,1.0,2.0,2.0,2.0,2.0,3.0,0.0,1.0,1.0,1,men,team
9,Samoilov Vladimir,POL,3,80.47,43.26,37.21,0.0,11.11,owg2026,3Lz+3T,4.0,1.0,,12.37,1.26,,1,,2526,2.0,2.0,2.0,3.0,4.0,1.0,2.0,2.0,2.0,1,men,team
9,Samoilov Vladimir,POL,3,80.47,43.26,37.21,0.0,2.6,owg2026,FSSp3,5.0,0.0,,3.12,0.52,,1,,2526,2.0,2.0,2.0,2.0,2.0,2.0,2.0,1.0,2.0,1,men,team
9,Samoilov Vladimir,POL,3,80.47,43.26,37.21,0.0,2.6,owg2026,StSq2,6.0,0.0,,3.08,0.48,,1,,2526,2.0,1.0,2.0,2.0,3.0,2.0,2.0,2.0,1.0,1,men,team
9,Samoilov Vladimir,POL,3,80.47,43.26,37.21,0.0,2.63,owg2026,CCoSp4V,7.0,0.0,,2.78,0.15,,1,,2526,0.0,1.0,3.0,1.0,0.0,2.0,0.0,0.0,0.0,1,men,team
9,Samoilov Vladimir,POL,3,80.47,43.26,37.21,0.0,,owg2026,,,,1.67,7.21,,,0,Composition,2526,7.25,6.5,7.25,8.0,7.25,7.0,7.0,7.5,7.25,1,men,team
9,Samoilov Vladimir,POL,3,80.47,43.26,37.21,0.0,,owg2026,,,,1.67,7.57,,,0,Presentation,2526,7.25,6.75,7.5,7.75,8.0,8.0,7.25,7.75,7.5,1,men,team
9,Samoilov Vladimir,POL,3,80.47,43.26,37.21,0.0,,owg2026,,,,1.67,7.5,,,0,Skating Skills,2526,7.5,6.5,7.75,8.0,8.25,7.5,6.75,7.25,7.75,1,men,team
10,Appleby Edward,GBR,1,69.68,35.91,33.77,0.0,8.0,owg2026,3A,1.0,0.0,,9.37,1.37,,1,,2526,2.0,2.0,1.0,2.0,2.0,1.0,1.0,2.0,2.0,1,men,team
10,Appleby Edward,GBR,1,69.68,35.91,33.77,0.0,7.2,owg2026,3Lz+2T,2.0,0.0,,7.87,0.67,,1,,2526,1.0,1.0,1.0,1.0,2.0,1.0,1.0,2.0,1.0,1,men,team
10,Appleby Edward,GBR,1,69.68,35.91,33.77,0.0,2.63,owg2026,CCoSp4V,3.0,0.0,,2.59,-0.04,,1,,2526,-1.0,0.0,-1.0,0.0,1.0,0.0,1.0,-1.0,0.0,1,men,team
10,Appleby Edward,GBR,1,69.68,35.91,33.77,0.0,5.83,owg2026,3F,4.0,1.0,,6.59,0.76,,1,,2526,1.0,2.0,2.0,1.0,1.0,1.0,1.0,2.0,2.0,1,men,team
10,Appleby Edward,GBR,1,69.68,35.91,33.77,0.0,2.8,owg2026,FCSp3,5.0,0.0,,2.72,-0.08,,1,,2526,-2.0,0.0,0.0,1.0,0.0,-1.0,-1.0,0.0,0.0,1,men,team
10,Appleby Edward,GBR,1,69.68,35.91,33.77,0.0,3.0,owg2026,CSSp4,6.0,0.0,,3.09,0.09,,1,,2526,1.0,0.0,1.0,0.0,1.0,0.0,0.0,0.0,-1.0,1,men,team
10,Appleby Edward,GBR,1,69.68,35.91,33.77,0.0,3.3,owg2026,StSq3,7.0,0.0,,3.68,0.38,,1,,2526,1.0,1.0,2.0,2.0,2.0,1.0,0.0,1.0,0.0,1,men,team
10,Appleby Edward,GBR,1,69.68,35.91,33.77,0.0,,owg2026,,,,1.67,6.75,,,0,Composition,2526,7.0,6.5,6.5,6.75,7.0,6.25,6.5,7.0,7.5,1,men,team
10,Appleby Edward,GBR,1,69.68,35.91,33.77,0.0,,owg2026,,,,1.67,6.86,,,0,Presentation,2526,7.0,6.25,6.75,6.5,7.25,7.0,6.25,7.25,7.25,1,men,team
10,Appleby Edward,GBR,1,69.68,35.91,33.77,0.0,,owg2026,,,,1.67,6.61,,,0,Skating Skills,2526,6.75,6.75,6.25,6.25,6.75,6.5,6.5,6.75,6.75,1,men,team
1,Malinin Ilia,USA,4,200.03,110.32,89.71,0.0,11.0,owg2026,4F,1.0,0.0,,15.56,4.56,,1,,2526,4.0,4.0,4.0,4.0,4.0,4.0,4.0,5.0,5.0,0,men,team
1,Malinin Ilia,USA,4,200.03,110.32,89.71,0.0,8.0,owg2026,3A,2.0,0.0,,11.2,3.2,,1,,2526,4.0,4.0,4.0,4.0,4.0,3.0,4.0,4.0,4.0,0,men,team
1,Malinin Ilia,USA,4,200.03,110.32,89.71,0.0,11.5,owg2026,4Lz,3.0,0.0,,14.95,3.45,,1,,2526,2.0,3.0,3.0,2.0,3.0,4.0,3.0,4.0,3.0,0,men,team
1,Malinin Ilia,USA,4,200.03,110.32,89.71,0.0,4.9,owg2026,3Lo,4.0,0.0,,5.04,0.14,,1,,2526,1.0,0.0,0.0,0.0,2.0,0.0,1.0,-1.0,0.0,0,men,team
1,Malinin Ilia,USA,4,200.03,110.32,89.71,0.0,3.2,owg2026,CCSp4,5.0,0.0,,4.07,0.87,,1,,2526,3.0,3.0,3.0,3.0,1.0,2.0,2.0,3.0,3.0,0,men,team
1,Malinin Ilia,USA,4,200.03,110.32,89.71,0.0,3.3,owg2026,StSq3,6.0,0.0,,4.2,0.9,,1,,2526,2.0,4.0,3.0,2.0,4.0,2.0,3.0,2.0,3.0,0,men,team
1,Malinin Ilia,USA,4,200.03,110.32,89.71,0.0,8.86,owg2026,4Lzq+REP,7.0,1.0,,3.11,-5.75,q,1,,2526,-5.0,-5.0,-5.0,-5.0,-5.0,-5.0,-5.0,-4.0,-5.0,0,men,team
1,Malinin Ilia,USA,4,200.03,110.32,89.71,0.0,16.83,owg2026,4T+1Eu+3F,8.0,1.0,,18.87,2.04,,1,,2526,2.0,2.0,1.0,1.0,3.0,2.0,3.0,2.0,3.0,0,men,team
1,Malinin Ilia,USA,4,200.03,110.32,89.71,0.0,19.47,owg2026,4S+3A+SEQ,9.0,1.0,,21.41,1.94,,1,,2526,2.0,3.0,1.0,1.0,2.0,0.0,3.0,3.0,2.0,0,men,team
1,Malinin Ilia,USA,4,200.03,110.32,89.71,0.0,3.0,owg2026,ChSq1,10.0,0.0,,5.07,2.07,,1,,2526,4.0,5.0,4.0,3.0,4.0,3.0,5.0,5.0,4.0,0,men,team
1,Malinin Ilia,USA,4,200.03,110.32,89.71,0.0,2.3,owg2026,FSSp2,11.0,0.0,,2.79,0.49,,1,,2526,2.0,1.0,2.0,2.0,2.0,2.0,3.0,3.0,2.0,0,men,team
1,Malinin Ilia,USA,4,200.03,110.32,89.71,0.0,3.5,owg2026,CCoSp4,12.0,0.0,,4.05,0.55,,1,,2526,1.0,3.0,2.0,2.0,3.0,-1.0,3.0,-1.0,1.0,0,men,team
1,Malinin Ilia,USA,4,200.03,110.32,89.71,0.0,,owg2026,,,,3.33,8.79,,,0,Composition,2526,8.75,8.75,9.25,8.25,8.75,8.75,9.25,8.75,8.5,0,men,team
1,Malinin Ilia,USA,4,200.03,110.32,89.71,0.0,,owg2026,,,,3.33,9.04,,,0,Presentation,2526,9.0,9.5,9.5,9.0,8.75,8.75,9.5,8.5,8.75,0,men,team
1,Malinin Ilia,USA,4,200.03,110.32,89.71,0.0,,owg2026,,,,3.33,9.11,,,0,Skating Skills,2526,9.25,9.25,9.0,9.25,9.0,9.0,9.25,8.5,9.0,0,men,team
2,Sato Shun,JPN,5,194.86,106.49,88.37,0.0,11.5,owg2026,4Lz,1.0,0.0,,15.61,4.11,,1,,2526,3.0,3.0,3.0,3.0,4.0,4.0,4.0,4.0,4.0,0,men,team
2,Sato Shun,JPN,5,194.86,106.49,88.37,0.0,12.8,owg2026,3A+1Eu+3S,2.0,0.0,,15.2,2.4,,1,,2526,4.0,3.0,3.0,3.0,3.0,3.0,3.0,3.0,3.0,0,men,team
2,Sato Shun,JPN,5,194.86,106.49,88.37,0.0,13.7,owg2026,4T+3T,3.0,0.0,,16.69,2.99,,1,,2526,3.0,3.0,3.0,3.0,4.0,3.0,3.0,4.0,3.0,0,men,team
2,Sato Shun,JPN,5,194.86,106.49,88.37,0.0,2.8,owg2026,FCSp3,4.0,0.0,,3.44,0.64,,1,,2526,3.0,2.0,2.0,2.0,2.0,2.0,3.0,3.0,1.0,0,men,team
2,Sato Shun,JPN,5,194.86,106.49,88.37,0.0,9.5,owg2026,4T,5.0,0.0,,13.16,3.66,,1,,2526,4.0,3.0,4.0,3.0,4.0,4.0,4.0,4.0,4.0,0,men,team
2,Sato Shun,JPN,5,194.86,106.49,88.37,0.0,12.43,owg2026,3A+2A+SEQ,6.0,1.0,,14.49,2.06,,1,,2526,3.0,2.0,2.0,2.0,2.0,3.0,3.0,3.0,3.0,0,men,team
2,Sato Shun,JPN,5,194.86,106.49,88.37,0.0,5.39,owg2026,3Lo,7.0,1.0,,6.79,1.4,,1,,2526,3.0,3.0,3.0,2.0,3.0,2.0,3.0,3.0,3.0,0,men,team
2,Sato Shun,JPN,5,194.86,106.49,88.37,0.0,6.49,owg2026,3Lz,8.0,1.0,,7.67,1.18,,1,,2526,2.0,2.0,2.0,2.0,2.0,2.0,3.0,0.0,2.0,0,men,team
2,Sato Shun,JPN,5,194.86,106.49,88.37,0.0,3.0,owg2026,CSSp4,9.0,0.0,,3.69,0.69,,1,,2526,2.0,3.0,2.0,2.0,1.0,2.0,3.0,3.0,2.0,0,men,team
2,Sato Shun,JPN,5,194.86,106.49,88.37,0.0,2.6,owg2026,StSq2,10.0,0.0,,3.27,0.67,,1,,2526,2.0,2.0,3.0,2.0,4.0,2.0,3.0,3.0,3.0,0,men,team
2,Sato Shun,JPN,5,194.86,106.49,88.37,0.0,3.0,owg2026,ChSq1,11.0,0.0,,4.14,1.14,,1,,2526,2.0,3.0,3.0,1.0,2.0,2.0,3.0,2.0,2.0,0,men,team
2,Sato Shun,JPN,5,194.86,106.49,88.37,0.0,1.88,owg2026,CCoSp2V,12.0,0.0,,2.34,0.46,,1,,2526,2.0,1.0,2.0,2.0,2.0,3.0,3.0,3.0,3.0,0,men,team
2,Sato Shun,JPN,5,194.86,106.49,88.37,0.0,,owg2026,,,,3.33,8.79,,,0,Composition,2526,8.5,9.25,9.5,8.0,8.5,8.75,9.0,8.5,9.0,0,men,team
2,Sato Shun,JPN,5,194.86,106.49,88.37,0.0,,owg2026,,,,3.33,8.71,,,0,Presentation,2526,8.5,9.5,9.0,8.5,8.5,8.5,8.75,8.25,9.25,0,men,team
2,Sato Shun,JPN,5,194.86,106.49,88.37,0.0,,owg2026,,,,3.33,9.04,,,0,Skating Skills,2526,8.75,9.5,9.5,8.75,8.75,9.25,9.0,8.75,9.25,0,men,team
3,Rizzo Matteo,ITA,2,179.62,92.57,87.05,0.0,9.5,owg2026,4T,1.0,0.0,,11.4,1.9,,1,,2526,2.0,2.0,2.0,2.0,2.0,2.0,2.0,3.0,2.0,0,men,team
3,Rizzo Matteo,ITA,2,179.62,92.57,87.05,0.0,10.1,owg2026,3Lz+3T,2.0,0.0,,11.45,1.35,,1,,2526,3.0,2.0,3.0,2.0,3.0,2.0,2.0,2.0,2.0,0,men,team
3,Rizzo Matteo,ITA,2,179.62,92.57,87.05,0.0,11.3,owg2026,3A+2A+SEQ,3.0,0.0,,12.9,1.6,,1,,2526,2.0,2.0,3.0,2.0,2.0,2.0,2.0,2.0,2.0,0,men,team
3,Rizzo Matteo,ITA,2,179.62,92.57,87.05,0.0,4.9,owg2026,3Lo,4.0,0.0,,6.16,1.26,,1,,2526,3.0,2.0,3.0,3.0,3.0,2.0,2.0,2.0,3.0,0,men,team
3,Rizzo Matteo,ITA,2,179.62,92.57,87.05,0.0,2.8,owg2026,CCSp3,5.0,0.0,,3.12,0.32,,1,,2526,0.0,2.0,1.0,1.0,2.0,1.0,-2.0,1.0,2.0,0,men,team
3,Rizzo Matteo,ITA,2,179.62,92.57,87.05,0.0,3.3,owg2026,StSq3,6.0,0.0,,4.34,1.04,,1,,2526,2.0,3.0,4.0,4.0,3.0,3.0,3.0,2.0,4.0,0,men,team
3,Rizzo Matteo,ITA,2,179.62,92.57,87.05,0.0,8.8,owg2026,3A,7.0,1.0,,11.2,2.4,,1,,2526,3.0,3.0,3.0,4.0,3.0,3.0,3.0,3.0,3.0,0,men,team
3,Rizzo Matteo,ITA,2,179.62,92.57,87.05,0.0,11.77,owg2026,3Lz+1Eu+3S,8.0,1.0,,13.37,1.6,,1,,2526,2.0,2.0,3.0,3.0,3.0,3.0,3.0,3.0,2.0,0,men,team
3,Rizzo Matteo,ITA,2,179.62,92.57,87.05,0.0,5.83,owg2026,3F,9.0,1.0,,6.89,1.06,,1,,2526,2.0,2.0,3.0,2.0,2.0,2.0,2.0,1.0,2.0,0,men,team
3,Rizzo Matteo,ITA,2,179.62,92.57,87.05,0.0,2.6,owg2026,FSSp3,10.0,0.0,,3.19,0.59,,1,,2526,2.0,3.0,1.0,3.0,2.0,2.0,2.0,2.0,3.0,0,men,team
3,Rizzo Matteo,ITA,2,179.62,92.57,87.05,0.0,3.0,owg2026,ChSq1,11.0,0.0,,4.86,1.86,,1,,2526,3.0,4.0,4.0,4.0,4.0,3.0,3.0,4.0,4.0,0,men,team
3,Rizzo Matteo,ITA,2,179.62,92.57,87.05,0.0,3.0,owg2026,CCoSp3,12.0,0.0,,3.69,0.69,,1,,2526,2.0,3.0,2.0,2.0,3.0,2.0,2.0,3.0,2.0,0,men,team
3,Rizzo Matteo,ITA,2,179.62,92.57,87.05,0.0,,owg2026,,,,3.33,8.61,,,0,Composition,2526,8.75,8.25,9.0,8.75,8.25,9.0,8.25,8.5,8.75,0,men,team
3,Rizzo Matteo,ITA,2,179.62,92.57,87.05,0.0,,owg2026,,,,3.33,8.96,,,0,Presentation,2526,8.75,8.75,9.25,9.5,8.5,9.25,8.5,8.75,9.5,0,men,team
3,Rizzo Matteo,ITA,2,179.62,92.57,87.05,0.0,,owg2026,,,,3.33,8.57,,,0,Skating Skills,2526,8.5,8.0,8.75,9.0,8.5,8.75,8.5,8.25,8.75,0,men,team
4,Gogolev Stephen,CAN,3,171.93,92.37,79.56,0.0,9.7,owg2026,4S,1.0,0.0,,12.33,2.63,,1,,2526,3.0,3.0,2.0,2.0,3.0,2.0,3.0,3.0,3.0,0,men,team
4,Gogolev Stephen,CAN,3,171.93,92.37,79.56,0.0,9.5,owg2026,4Tq,2.0,0.0,,5.02,-4.48,q,1,,2526,-5.0,-4.0,-5.0,-4.0,-5.0,-5.0,-5.0,-3.0,-5.0,0,men,team
4,Gogolev Stephen,CAN,3,171.93,92.37,79.56,0.0,11.0,owg2026,4S+2T,3.0,0.0,,11.83,0.83,,1,,2526,0.0,1.0,1.0,1.0,2.0,0.0,1.0,1.0,1.0,0,men,team
4,Gogolev Stephen,CAN,3,171.93,92.37,79.56,0.0,3.0,owg2026,ChSq1,4.0,0.0,,3.93,0.93,,1,,2526,2.0,3.0,1.0,2.0,2.0,1.0,2.0,2.0,2.0,0,men,team
4,Gogolev Stephen,CAN,3,171.93,92.37,79.56,0.0,12.8,owg2026,3A+1Eu+3S,5.0,0.0,,14.29,1.49,,1,,2526,1.0,2.0,2.0,2.0,2.0,1.0,2.0,2.0,2.0,0,men,team
4,Gogolev Stephen,CAN,3,171.93,92.37,79.56,0.0,3.0,owg2026,CCoSp3,6.0,0.0,,3.6,0.6,,1,,2526,2.0,2.0,2.0,2.0,2.0,1.0,2.0,2.0,2.0,0,men,team
4,Gogolev Stephen,CAN,3,171.93,92.37,79.56,0.0,14.63,owg2026,3F+3A+SEQ,7.0,1.0,,16.57,1.94,,1,,2526,2.0,3.0,3.0,2.0,3.0,2.0,2.0,3.0,2.0,0,men,team
4,Gogolev Stephen,CAN,3,171.93,92.37,79.56,0.0,6.49,owg2026,3Lz,8.0,1.0,,6.91,0.42,,1,,2526,1.0,0.0,0.0,0.0,2.0,1.0,1.0,1.0,1.0,0,men,team
4,Gogolev Stephen,CAN,3,171.93,92.37,79.56,0.0,5.39,owg2026,3Lo,9.0,1.0,,6.09,0.7,,1,,2526,1.0,1.0,1.0,1.0,2.0,1.0,2.0,2.0,2.0,0,men,team
4,Gogolev Stephen,CAN,3,171.93,92.37,79.56,0.0,3.2,owg2026,FCSp4,10.0,0.0,,3.93,0.73,,1,,2526,2.0,3.0,2.0,2.0,3.0,1.0,2.0,2.0,3.0,0,men,team
4,Gogolev Stephen,CAN,3,171.93,92.37,79.56,0.0,3.9,owg2026,StSq4,11.0,0.0,,4.79,0.89,,1,,2526,2.0,2.0,2.0,2.0,3.0,2.0,3.0,2.0,3.0,0,men,team
4,Gogolev Stephen,CAN,3,171.93,92.37,79.56,0.0,2.63,owg2026,FCCoSp4V,12.0,0.0,,3.08,0.45,,1,,2526,1.0,2.0,2.0,2.0,2.0,1.0,1.0,2.0,2.0,0,men,team
4,Gogolev Stephen,CAN,3,171.93,92.37,79.56,0.0,,owg2026,,,,3.33,8.0,,,0,Composition,2526,7.25,8.5,7.75,8.25,7.5,8.25,8.0,8.25,8.0,0,men,team
4,Gogolev Stephen,CAN,3,171.93,92.37,79.56,0.0,,owg2026,,,,3.33,7.96,,,0,Presentation,2526,7.5,8.25,7.0,8.0,7.75,8.0,8.25,8.0,8.5,0,men,team
4,Gogolev Stephen,CAN,3,171.93,92.37,79.56,0.0,,owg2026,,,,3.33,7.93,,,0,Skating Skills,2526,7.75,7.5,7.25,8.0,8.0,8.25,8.0,8.0,8.25,0,men,team
5,Egadze Nika,GEO,1,154.79,78.33,76.46,0.0,2.1,owg2026,2Lz,1.0,0.0,,1.2,-0.9,,1,,2526,-4.0,-4.0,-3.0,-4.0,-4.0,-5.0,-5.0,-4.0,-5.0,0,men,team
5,Egadze Nika,GEO,1,154.79,78.33,76.46,0.0,9.5,owg2026,4T,2.0,0.0,,11.67,2.17,,1,,2526,3.0,2.0,2.0,2.0,3.0,2.0,1.0,3.0,2.0,0,men,team
5,Egadze Nika,GEO,1,154.79,78.33,76.46,0.0,13.9,owg2026,4S+3Tq,3.0,0.0,,12.38,-1.52,q,1,,2526,-1.0,-2.0,-2.0,-2.0,-1.0,-1.0,-1.0,-2.0,-2.0,0,men,team
5,Egadze Nika,GEO,1,154.79,78.33,76.46,0.0,8.0,owg2026,3A,4.0,0.0,,5.49,-2.51,,1,,2526,-3.0,-4.0,-4.0,-3.0,-3.0,-3.0,-3.0,-3.0,-3.0,0,men,team
5,Egadze Nika,GEO,1,154.79,78.33,76.46,0.0,3.2,owg2026,FCSp4,5.0,0.0,,3.34,0.14,,1,,2526,1.0,1.0,0.0,0.0,0.0,-1.0,1.0,0.0,1.0,0,men,team
5,Egadze Nika,GEO,1,154.79,78.33,76.46,0.0,9.35,owg2026,3S+3T,6.0,1.0,,9.35,0.0,,1,,2526,0.0,0.0,0.0,0.0,1.0,0.0,0.0,0.0,-1.0,0,men,team
5,Egadze Nika,GEO,1,154.79,78.33,76.46,0.0,13.09,owg2026,3F+2A+2A+SEQ,7.0,1.0,,13.54,0.45,,1,,2526,1.0,1.0,1.0,0.0,1.0,1.0,1.0,0.0,1.0,0,men,team
5,Egadze Nika,GEO,1,154.79,78.33,76.46,0.0,6.49,owg2026,3Lz,8.0,1.0,,7.25,0.76,,1,,2526,1.0,0.0,1.0,1.0,2.0,2.0,1.0,1.0,2.0,0,men,team
5,Egadze Nika,GEO,1,154.79,78.33,76.46,0.0,2.6,owg2026,CSSp3,9.0,0.0,,2.93,0.33,,1,,2526,1.0,0.0,0.0,1.0,2.0,2.0,1.0,2.0,2.0,0,men,team
5,Egadze Nika,GEO,1,154.79,78.33,76.46,0.0,3.9,owg2026,StSq4,10.0,0.0,,4.35,0.45,,1,,2526,1.0,1.0,1.0,1.0,2.0,1.0,1.0,2.0,1.0,0,men,team
5,Egadze Nika,GEO,1,154.79,78.33,76.46,0.0,3.0,owg2026,ChSq1,11.0,0.0,,3.36,0.36,,1,,2526,0.0,0.0,0.0,1.0,1.0,1.0,1.0,1.0,1.0,0,men,team
5,Egadze Nika,GEO,1,154.79,78.33,76.46,0.0,3.0,owg2026,CCoSp3,12.0,0.0,,3.47,0.47,,1,,2526,1.0,2.0,1.0,1.0,2.0,1.0,2.0,2.0,2.0,0,men,team
5,Egadze Nika,GEO,1,154.79,78.33,76.46,0.0,,owg2026,,,,3.33,7.75,,,0,Composition,2526,7.5,8.0,7.5,8.25,7.25,8.0,7.75,8.0,7.5,0,men,team
5,Egadze Nika,GEO,1,154.79,78.33,76.46,0.0,,owg2026,,,,3.33,7.46,,,0,Presentation,2526,7.25,7.75,6.75,7.25,7.25,7.5,7.5,7.75,7.75,0,men,team
5,Egadze Nika,GEO,1,154.79,78.33,76.46,0.0,,owg2026,,,,3.33,7.75,,,0,Skating Skills,2526,8.0,7.5,7.25,8.25,7.5,7.75,7.5,7.75,8.25,0,men,team
1,Shaidorov Mikhail,KAZ,20,198.64,114.68,83.96,0.0,18.2,owg2026,3A+1Eu+4S,1.0,0.0,,21.39,3.19,,1,,2526,3.0,4.0,3.0,3.0,5.0,3.0,3.0,4.0,3.0,0,men,individual
1,Shaidorov Mikhail,KAZ,20,198.64,114.68,83.96,0.0,11.5,owg2026,4Lzq,2.0,0.0,,8.05,-3.45,q,1,,2526,-4.0,-3.0,-3.0,-2.0,-3.0,-3.0,-4.0,-2.0,-3.0,0,men,individual
1,Shaidorov Mikhail,KAZ,20,198.64,114.68,83.96,0.0,9.5,owg2026,4T,3.0,0.0,,11.94,2.44,,1,,2526,3.0,2.0,2.0,2.0,4.0,2.0,2.0,3.0,4.0,0,men,individual
1,Shaidorov Mikhail,KAZ,20,198.64,114.68,83.96,0.0,11.0,owg2026,4F,4.0,0.0,,13.83,2.83,,1,,2526,3.0,2.0,3.0,2.0,2.0,2.0,3.0,3.0,3.0,0,men,individual
1,Shaidorov Mikhail,KAZ,20,198.64,114.68,83.96,0.0,2.8,owg2026,FCSp3,5.0,0.0,,3.2,0.4,,1,,2526,1.0,2.0,2.0,0.0,1.0,1.0,2.0,2.0,1.0,0,men,individual
1,Shaidorov Mikhail,KAZ,20,198.64,114.68,83.96,0.0,3.0,owg2026,ChSq1,6.0,0.0,,4.29,1.29,,1,,2526,3.0,2.0,3.0,1.0,3.0,3.0,2.0,3.0,2.0,0,men,individual
1,Shaidorov Mikhail,KAZ,20,198.64,114.68,83.96,0.0,15.07,owg2026,4T+3T,7.0,1.0,,17.92,2.85,,1,,2526,3.0,3.0,3.0,3.0,4.0,2.0,3.0,3.0,3.0,0,men,individual
1,Shaidorov Mikhail,KAZ,20,198.64,114.68,83.96,0.0,8.8,owg2026,3A,8.0,1.0,,10.74,1.94,,1,,2526,3.0,2.0,2.0,2.0,3.0,2.0,2.0,3.0,3.0,0,men,individual
1,Shaidorov Mikhail,KAZ,20,198.64,114.68,83.96,0.0,10.12,owg2026,3Lz+2A+SEQ,9.0,1.0,,11.38,1.26,,1,,2526,3.0,2.0,2.0,2.0,3.0,2.0,2.0,2.0,2.0,0,men,individual
1,Shaidorov Mikhail,KAZ,20,198.64,114.68,83.96,0.0,3.5,owg2026,CCoSp4,10.0,0.0,,4.15,0.65,,1,,2526,2.0,2.0,3.0,1.0,1.0,3.0,2.0,2.0,1.0,0,men,individual
1,Shaidorov Mikhail,KAZ,20,198.64,114.68,83.96,0.0,3.3,owg2026,StSq3,11.0,0.0,,4.1,0.8,,1,,2526,2.0,2.0,3.0,2.0,3.0,2.0,3.0,3.0,1.0,0,men,individual
1,Shaidorov Mikhail,KAZ,20,198.64,114.68,83.96,0.0,3.0,owg2026,CSSp4,12.0,0.0,,3.69,0.69,,1,,2526,2.0,2.0,2.0,2.0,3.0,3.0,3.0,2.0,1.0,0,men,individual
1,Shaidorov Mikhail,KAZ,20,198.64,114.68,83.96,0.0,,owg2026,,,,3.33,8.32,,,0,Composition,2526,8.25,8.0,8.5,8.0,8.5,8.75,8.25,8.75,8.0,0,men,individual
1,Shaidorov Mikhail,KAZ,20,198.64,114.68,83.96,0.0,,owg2026,,,,3.33,8.39,,,0,Presentation,2526,8.5,8.5,8.25,8.0,8.75,8.5,8.25,8.5,8.25,0,men,individual
1,Shaidorov Mikhail,KAZ,20,198.64,114.68,83.96,0.0,,owg2026,,,,3.33,8.5,,,0,Skating Skills,2526,8.5,8.75,8.5,8.25,8.75,8.5,8.0,8.25,8.75,0,men,individual
2,Gogolev Stephen,CAN,15,186.37,103.22,83.15,0.0,9.7,owg2026,4S,1.0,0.0,,12.61,2.91,,1,,2526,3.0,3.0,3.0,3.0,3.0,3.0,3.0,3.0,2.0,0,men,individual
2,Gogolev Stephen,CAN,15,186.37,103.22,83.15,0.0,9.5,owg2026,4T,2.0,0.0,,12.08,2.58,,1,,2526,2.0,3.0,3.0,2.0,4.0,3.0,3.0,2.0,3.0,0,men,individual
2,Gogolev Stephen,CAN,15,186.37,103.22,83.15,0.0,13.9,owg2026,4S+3T,3.0,0.0,,14.73,0.83,,1,,2526,1.0,2.0,1.0,1.0,2.0,0.0,0.0,0.0,1.0,0,men,individual
2,Gogolev Stephen,CAN,15,186.37,103.22,83.15,0.0,3.0,owg2026,ChSq1,4.0,0.0,,4.07,1.07,,1,,2526,2.0,1.0,3.0,2.0,3.0,3.0,2.0,2.0,1.0,0,men,individual
2,Gogolev Stephen,CAN,15,186.37,103.22,83.15,0.0,12.8,owg2026,3A+1Eu+3S,5.0,0.0,,14.51,1.71,,1,,2526,2.0,2.0,2.0,3.0,3.0,2.0,1.0,2.0,2.0,0,men,individual
2,Gogolev Stephen,CAN,15,186.37,103.22,83.15,0.0,2.5,owg2026,CCoSp2,6.0,0.0,,2.96,0.46,,1,,2526,2.0,2.0,2.0,1.0,2.0,2.0,2.0,1.0,2.0,0,men,individual
2,Gogolev Stephen,CAN,15,186.37,103.22,83.15,0.0,14.63,owg2026,3F+3A+SEQ,7.0,1.0,,16.46,1.83,,1,,2526,3.0,2.0,2.0,2.0,3.0,3.0,2.0,2.0,2.0,0,men,individual
2,Gogolev Stephen,CAN,15,186.37,103.22,83.15,0.0,6.49,owg2026,3Lz,8.0,1.0,,7.5,1.01,,1,,2526,2.0,2.0,2.0,2.0,2.0,2.0,1.0,1.0,1.0,0,men,individual
2,Gogolev Stephen,CAN,15,186.37,103.22,83.15,0.0,5.39,owg2026,3Lo,9.0,1.0,,5.04,-0.35,,1,,2526,-1.0,-1.0,0.0,-1.0,-1.0,-1.0,0.0,-1.0,0.0,0,men,individual
2,Gogolev Stephen,CAN,15,186.37,103.22,83.15,0.0,3.2,owg2026,FCSp4,10.0,0.0,,3.84,0.64,,1,,2526,3.0,2.0,2.0,1.0,2.0,3.0,0.0,2.0,2.0,0,men,individual
2,Gogolev Stephen,CAN,15,186.37,103.22,83.15,0.0,3.9,owg2026,StSq4,11.0,0.0,,5.07,1.17,,1,,2526,3.0,3.0,3.0,3.0,3.0,3.0,3.0,3.0,3.0,0,men,individual
2,Gogolev Stephen,CAN,15,186.37,103.22,83.15,0.0,3.5,owg2026,FCCoSp4,12.0,0.0,,4.35,0.85,,1,,2526,2.0,2.0,2.0,2.0,3.0,3.0,3.0,3.0,1.0,0,men,individual
2,Gogolev Stephen,CAN,15,186.37,103.22,83.15,0.0,,owg2026,,,,3.33,8.36,,,0,Composition,2526,8.5,8.25,7.25,8.25,8.5,8.25,8.5,8.25,8.75,0,men,individual
2,Gogolev Stephen,CAN,15,186.37,103.22,83.15,0.0,,owg2026,,,,3.33,8.25,,,0,Presentation,2526,8.25,8.5,7.5,8.25,9.0,8.0,8.25,7.75,8.75,0,men,individual
2,Gogolev Stephen,CAN,15,186.37,103.22,83.15,0.0,,owg2026,,,,3.33,8.36,,,0,Skating Skills,2526,8.5,8.5,7.5,8.0,8.5,8.5,8.25,8.25,8.5,0,men,individual
3,Sato Shun,JPN,16,186.2,101.85,84.35,0.0,11.5,owg2026,4Lz,1.0,0.0,,14.29,2.79,,1,,2526,3.0,2.0,2.0,4.0,1.0,3.0,3.0,2.0,2.0,0,men,individual
3,Sato Shun,JPN,16,186.2,101.85,84.35,0.0,12.8,owg2026,3A+1Eu+3S,2.0,0.0,,14.86,2.06,,1,,2526,3.0,3.0,3.0,3.0,2.0,2.0,3.0,2.0,1.0,0,men,individual
3,Sato Shun,JPN,16,186.2,101.85,84.35,0.0,13.7,owg2026,4T+3T,3.0,0.0,,16.82,3.12,,1,,2526,4.0,4.0,4.0,3.0,3.0,3.0,3.0,3.0,2.0,0,men,individual
3,Sato Shun,JPN,16,186.2,101.85,84.35,0.0,2.8,owg2026,FCSp3,4.0,0.0,,3.44,0.64,,1,,2526,3.0,3.0,3.0,2.0,2.0,2.0,2.0,2.0,1.0,0,men,individual
3,Sato Shun,JPN,16,186.2,101.85,84.35,0.0,9.5,owg2026,4T,5.0,0.0,,12.49,2.99,,1,,2526,3.0,3.0,3.0,3.0,3.0,3.0,4.0,4.0,3.0,0,men,individual
3,Sato Shun,JPN,16,186.2,101.85,84.35,0.0,12.43,owg2026,3A+2A+SEQ,6.0,1.0,,14.14,1.71,,1,,2526,2.0,2.0,3.0,2.0,2.0,2.0,3.0,2.0,1.0,0,men,individual
3,Sato Shun,JPN,16,186.2,101.85,84.35,0.0,5.39,owg2026,3Lo,7.0,1.0,,6.3,0.91,,1,,2526,2.0,2.0,3.0,2.0,0.0,2.0,3.0,1.0,1.0,0,men,individual
3,Sato Shun,JPN,16,186.2,101.85,84.35,0.0,6.49,owg2026,3Lz,8.0,1.0,,4.89,-1.6,,1,,2526,-3.0,-1.0,-2.0,-3.0,-3.0,-2.0,-3.0,-3.0,-3.0,0,men,individual
3,Sato Shun,JPN,16,186.2,101.85,84.35,0.0,3.0,owg2026,CSSp4,9.0,0.0,,3.64,0.64,,1,,2526,3.0,2.0,3.0,2.0,2.0,2.0,2.0,2.0,1.0,0,men,individual
3,Sato Shun,JPN,16,186.2,101.85,84.35,0.0,2.6,owg2026,StSq2,10.0,0.0,,3.19,0.59,,1,,2526,3.0,2.0,3.0,2.0,2.0,3.0,2.0,2.0,1.0,0,men,individual
3,Sato Shun,JPN,16,186.2,101.85,84.35,0.0,3.0,owg2026,ChSq1,11.0,0.0,,3.93,0.93,,1,,2526,2.0,2.0,3.0,0.0,1.0,3.0,2.0,2.0,1.0,0,men,individual
3,Sato Shun,JPN,16,186.2,101.85,84.35,0.0,3.0,owg2026,CCoSp3,12.0,0.0,,3.86,0.86,,1,,2526,3.0,3.0,3.0,3.0,3.0,2.0,2.0,3.0,3.0,0,men,individual
3,Sato Shun,JPN,16,186.2,101.85,84.35,0.0,,owg2026,,,,3.33,8.36,,,0,Composition,2526,8.75,8.5,8.75,8.0,8.0,8.5,7.75,8.75,8.0,0,men,individual
3,Sato Shun,JPN,16,186.2,101.85,84.35,0.0,,owg2026,,,,3.33,8.29,,,0,Presentation,2526,8.5,8.75,8.5,8.0,8.25,8.25,7.25,8.5,8.0,0,men,individual
3,Sato Shun,JPN,16,186.2,101.85,84.35,0.0,,owg2026,,,,3.33,8.68,,,0,Skating Skills,2526,8.75,9.25,8.75,8.75,8.5,8.5,8.75,8.75,8.5,0,men,individual
4,Gumennik Petr,AIN,13,184.49,103.84,80.65,0.0,11.0,owg2026,4F,1.0,0.0,,13.51,2.51,,1,,2526,2.0,2.0,2.0,1.0,3.0,2.0,3.0,2.0,3.0,0,men,individual
4,Gumennik Petr,AIN,13,184.49,103.84,80.65,0.0,11.5,owg2026,4Lz,2.0,0.0,,14.13,2.63,,1,,2526,2.0,2.0,3.0,2.0,2.0,3.0,2.0,2.0,3.0,0,men,individual
4,Gumennik Petr,AIN,13,184.49,103.84,80.65,0.0,10.5,owg2026,4Lo,3.0,0.0,,12.75,2.25,,1,,2526,2.0,2.0,2.0,2.0,3.0,1.0,1.0,3.0,3.0,0,men,individual
4,Gumennik Petr,AIN,13,184.49,103.84,80.65,0.0,13.9,owg2026,4Sq+3T,4.0,0.0,,13.21,-0.69,q,1,,2526,-1.0,-1.0,-1.0,-1.0,0.0,-1.0,0.0,0.0,-1.0,0,men,individual
4,Gumennik Petr,AIN,13,184.49,103.84,80.65,0.0,2.8,owg2026,FCSp3,5.0,0.0,,3.4,0.6,,1,,2526,2.0,2.0,2.0,2.0,2.0,3.0,2.0,3.0,2.0,0,men,individual
4,Gumennik Petr,AIN,13,184.49,103.84,80.65,0.0,3.9,owg2026,StSq4,6.0,0.0,,4.85,0.95,,1,,2526,3.0,3.0,3.0,3.0,2.0,2.0,2.0,2.0,2.0,0,men,individual
4,Gumennik Petr,AIN,13,184.49,103.84,80.65,0.0,17.93,owg2026,4Sq+2A+2A+SEQ,7.0,1.0,,17.1,-0.83,q,1,,2526,-1.0,-1.0,-1.0,-1.0,-1.0,0.0,-1.0,0.0,-1.0,0,men,individual
4,Gumennik Petr,AIN,13,184.49,103.84,80.65,0.0,7.04,owg2026,3A<,8.0,1.0,,5.85,-1.19,<,1,,2526,-1.0,-3.0,-2.0,-2.0,-2.0,-2.0,-2.0,-1.0,-2.0,0,men,individual
4,Gumennik Petr,AIN,13,184.49,103.84,80.65,0.0,8.36,owg2026,3Lzq+2Lo,9.0,1.0,,7.18,-1.18,q,1,,2526,-2.0,-2.0,-2.0,-1.0,-2.0,-2.0,-3.0,-2.0,-2.0,0,men,individual
4,Gumennik Petr,AIN,13,184.49,103.84,80.65,0.0,3.5,owg2026,FCCoSp4,10.0,0.0,,3.95,0.45,,1,,2526,1.0,1.0,2.0,1.0,0.0,2.0,0.0,2.0,2.0,0,men,individual
4,Gumennik Petr,AIN,13,184.49,103.84,80.65,0.0,3.0,owg2026,ChSq1,11.0,0.0,,3.71,0.71,,1,,2526,2.0,1.0,2.0,1.0,1.0,1.0,2.0,2.0,1.0,0,men,individual
4,Gumennik Petr,AIN,13,184.49,103.84,80.65,0.0,3.5,owg2026,CCoSp4,12.0,0.0,,4.2,0.7,,1,,2526,2.0,2.0,1.0,2.0,2.0,2.0,2.0,2.0,2.0,0,men,individual
4,Gumennik Petr,AIN,13,184.49,103.84,80.65,0.0,,owg2026,,,,3.33,8.18,,,0,Composition,2526,8.25,8.25,7.5,8.5,8.0,7.75,8.0,8.5,8.5,0,men,individual
4,Gumennik Petr,AIN,13,184.49,103.84,80.65,0.0,,owg2026,,,,3.33,8.0,,,0,Presentation,2526,8.25,8.0,7.25,8.25,7.75,7.5,7.75,8.5,8.5,0,men,individual
4,Gumennik Petr,AIN,13,184.49,103.84,80.65,0.0,,owg2026,,,,3.33,8.04,,,0,Skating Skills,2526,8.0,8.0,7.5,8.25,8.0,8.25,7.5,8.25,8.75,0,men,individual
5,Cha Junhwan,KOR,19,181.2,95.16,87.04,-1.0,9.7,owg2026,4S,1.0,0.0,,13.44,3.74,,1,,2526,4.0,4.0,4.0,4.0,3.0,4.0,4.0,3.0,4.0,0,men,individual
5,Cha Junhwan,KOR,19,181.2,95.16,87.04,-1.0,9.5,owg2026,4T,2.0,0.0,,4.75,-4.75,F,1,,2526,-5.0,-5.0,-5.0,-5.0,-5.0,-5.0,-5.0,-5.0,-5.0,0,men,individual
5,Cha Junhwan,KOR,19,181.2,95.16,87.04,-1.0,10.8,owg2026,3Lz+3Lo,3.0,0.0,,12.57,1.77,,1,,2526,3.0,3.0,3.0,3.0,3.0,3.0,3.0,3.0,3.0,0,men,individual
5,Cha Junhwan,KOR,19,181.2,95.16,87.04,-1.0,8.0,owg2026,3A,4.0,0.0,,10.06,2.06,,1,,2526,3.0,3.0,3.0,3.0,3.0,2.0,2.0,2.0,2.0,0,men,individual
5,Cha Junhwan,KOR,19,181.2,95.16,87.04,-1.0,3.9,owg2026,StSq4,5.0,0.0,,5.4,1.5,,1,,2526,4.0,3.0,4.0,4.0,3.0,4.0,4.0,4.0,4.0,0,men,individual
5,Cha Junhwan,KOR,19,181.2,95.16,87.04,-1.0,11.11,owg2026,3F+1Eu+3S,6.0,1.0,,12.62,1.51,,1,,2526,2.0,3.0,3.0,3.0,3.0,3.0,3.0,2.0,3.0,0,men,individual
5,Cha Junhwan,KOR,19,181.2,95.16,87.04,-1.0,12.43,owg2026,3Aq+2A+SEQ,7.0,1.0,,12.09,-0.34,q,1,,2526,1.0,0.0,0.0,-1.0,0.0,-2.0,0.0,-1.0,-1.0,0,men,individual
5,Cha Junhwan,KOR,19,181.2,95.16,87.04,-1.0,3.0,owg2026,CCoSp3,8.0,0.0,,3.9,0.9,,1,,2526,3.0,3.0,4.0,3.0,3.0,3.0,3.0,3.0,3.0,0,men,individual
5,Cha Junhwan,KOR,19,181.2,95.16,87.04,-1.0,5.83,owg2026,3F,9.0,1.0,,7.12,1.29,,1,,2526,3.0,3.0,3.0,2.0,1.0,2.0,2.0,3.0,2.0,0,men,individual
5,Cha Junhwan,KOR,19,181.2,95.16,87.04,-1.0,3.0,owg2026,ChSq1,10.0,0.0,,4.93,1.93,,1,,2526,4.0,3.0,4.0,3.0,4.0,4.0,3.0,5.0,5.0,0,men,individual
5,Cha Junhwan,KOR,19,181.2,95.16,87.04,-1.0,3.2,owg2026,FCSp4,11.0,0.0,,3.98,0.78,,1,,2526,3.0,2.0,3.0,2.0,2.0,4.0,2.0,3.0,2.0,0,men,individual
5,Cha Junhwan,KOR,19,181.2,95.16,87.04,-1.0,3.5,owg2026,FCCoSp4,12.0,0.0,,4.3,0.8,,1,,2526,2.0,3.0,3.0,2.0,3.0,2.0,2.0,2.0,2.0,0,men,individual
5,Cha Junhwan,KOR,19,181.2,95.16,87.04,-1.0,,owg2026,,,,3.33,8.71,,,0,Composition,2526,8.75,8.0,8.5,8.75,8.5,8.5,9.0,9.0,9.0,0,men,individual
5,Cha Junhwan,KOR,19,181.2,95.16,87.04,-1.0,,owg2026,,,,3.33,8.61,,,0,Presentation,2526,8.5,8.75,8.5,8.5,8.25,9.0,8.5,8.75,8.75,0,men,individual
5,Cha Junhwan,KOR,19,181.2,95.16,87.04,-1.0,,owg2026,,,,3.33,8.82,,,0,Skating Skills,2526,8.75,8.75,8.75,9.0,8.75,8.5,9.0,9.25,8.75,0,men,individual
6,Kagiyama Yuma,JPN,23,176.99,92.15,85.84,-1.0,9.7,owg2026,4S,1.0,0.0,,7.34,-2.36,,1,,2526,-2.0,-2.0,-2.0,-3.0,-3.0,-2.0,-2.0,-3.0,-3.0,0,men,individual
6,Kagiyama Yuma,JPN,23,176.99,92.15,85.84,-1.0,11.0,owg2026,4F,2.0,0.0,,5.5,-5.5,F,1,,2526,-5.0,-5.0,-5.0,-4.0,-5.0,-5.0,-5.0,-5.0,-5.0,0,men,individual
6,Kagiyama Yuma,JPN,23,176.99,92.15,85.84,-1.0,11.3,owg2026,4T+1Eu+2S,3.0,0.0,,11.98,0.68,,1,,2526,0.0,1.0,2.0,0.0,-1.0,1.0,1.0,1.0,1.0,0,men,individual
6,Kagiyama Yuma,JPN,23,176.99,92.15,85.84,-1.0,11.3,owg2026,3A+2A+SEQ,4.0,0.0,,13.36,2.06,,1,,2526,3.0,3.0,3.0,3.0,2.0,2.0,2.0,2.0,3.0,0,men,individual
6,Kagiyama Yuma,JPN,23,176.99,92.15,85.84,-1.0,3.0,owg2026,FCSSp4,5.0,0.0,,3.77,0.77,,1,,2526,2.0,3.0,3.0,2.0,1.0,3.0,2.0,3.0,3.0,0,men,individual
6,Kagiyama Yuma,JPN,23,176.99,92.15,85.84,-1.0,10.45,owg2026,4T,6.0,1.0,,8.01,-2.44,,1,,2526,-3.0,-2.0,-3.0,-2.0,-3.0,-2.0,-3.0,-2.0,-3.0,0,men,individual
6,Kagiyama Yuma,JPN,23,176.99,92.15,85.84,-1.0,11.22,owg2026,3F+3Lo,7.0,1.0,,12.05,0.83,,1,,2526,1.0,2.0,3.0,1.0,1.0,2.0,2.0,0.0,2.0,0,men,individual
6,Kagiyama Yuma,JPN,23,176.99,92.15,85.84,-1.0,8.8,owg2026,3A,8.0,1.0,,11.2,2.4,,1,,2526,3.0,3.0,3.0,3.0,3.0,3.0,3.0,4.0,3.0,0,men,individual
6,Kagiyama Yuma,JPN,23,176.99,92.15,85.84,-1.0,3.5,owg2026,CCoSp4,9.0,0.0,,4.6,1.1,,1,,2526,3.0,3.0,4.0,3.0,3.0,3.0,3.0,3.0,4.0,0,men,individual
6,Kagiyama Yuma,JPN,23,176.99,92.15,85.84,-1.0,3.0,owg2026,ChSq1,10.0,0.0,,4.14,1.14,,1,,2526,2.0,2.0,4.0,1.0,2.0,2.0,2.0,2.0,4.0,0,men,individual
6,Kagiyama Yuma,JPN,23,176.99,92.15,85.84,-1.0,3.9,owg2026,StSq4,11.0,0.0,,5.35,1.45,,1,,2526,4.0,3.0,4.0,4.0,3.0,3.0,4.0,4.0,4.0,0,men,individual
6,Kagiyama Yuma,JPN,23,176.99,92.15,85.84,-1.0,3.5,owg2026,FCCoSp4,12.0,0.0,,4.85,1.35,,1,,2526,4.0,3.0,4.0,4.0,3.0,4.0,4.0,4.0,4.0,0,men,individual
6,Kagiyama Yuma,JPN,23,176.99,92.15,85.84,-1.0,,owg2026,,,,3.33,8.68,,,0,Composition,2526,8.75,8.5,9.25,8.75,8.5,8.5,8.75,8.75,8.75,0,men,individual
6,Kagiyama Yuma,JPN,23,176.99,92.15,85.84,-1.0,,owg2026,,,,3.33,8.39,,,0,Presentation,2526,8.0,8.25,9.25,8.5,8.5,8.25,8.0,8.75,8.5,0,men,individual
6,Kagiyama Yuma,JPN,23,176.99,92.15,85.84,-1.0,,owg2026,,,,3.33,8.71,,,0,Skating Skills,2526,8.5,8.5,9.25,8.75,8.75,8.75,8.75,8.75,8.75,0,men,individual
7,Egadze Nika,GEO,10,175.16,96.23,79.93,-1.0,11.5,owg2026,4Lz,1.0,0.0,,5.75,-5.75,F,1,,2526,-5.0,-5.0,-5.0,-5.0,-5.0,-5.0,-5.0,-5.0,-5.0,0,men,individual
7,Egadze Nika,GEO,10,175.16,96.23,79.93,-1.0,9.5,owg2026,4T,2.0,0.0,,11.54,2.04,,1,,2526,2.0,2.0,2.0,2.0,2.0,2.0,3.0,2.0,3.0,0,men,individual
7,Egadze Nika,GEO,10,175.16,96.23,79.93,-1.0,13.9,owg2026,4S+3T,3.0,0.0,,15.56,1.66,,1,,2526,2.0,2.0,1.0,1.0,2.0,2.0,2.0,1.0,2.0,0,men,individual
7,Egadze Nika,GEO,10,175.16,96.23,79.93,-1.0,8.0,owg2026,3A,4.0,0.0,,9.14,1.14,,1,,2526,2.0,0.0,1.0,2.0,3.0,0.0,1.0,2.0,2.0,0,men,individual
7,Egadze Nika,GEO,10,175.16,96.23,79.93,-1.0,2.8,owg2026,FCSp3,5.0,0.0,,3.2,0.4,,1,,2526,2.0,1.0,2.0,0.0,1.0,2.0,1.0,2.0,1.0,0,men,individual
7,Egadze Nika,GEO,10,175.16,96.23,79.93,-1.0,15.29,owg2026,4S+3T,6.0,1.0,,17.51,2.22,,1,,2526,3.0,2.0,2.0,2.0,3.0,2.0,3.0,2.0,2.0,0,men,individual
7,Egadze Nika,GEO,10,175.16,96.23,79.93,-1.0,13.09,owg2026,3F+2A+2Aq+SEQ,7.0,1.0,,12.56,-0.53,q,1,,2526,-1.0,-1.0,-1.0,-1.0,-1.0,-1.0,-1.0,-1.0,-1.0,0,men,individual
7,Egadze Nika,GEO,10,175.16,96.23,79.93,-1.0,6.49,owg2026,3Lz,8.0,1.0,,7.67,1.18,,1,,2526,2.0,2.0,2.0,2.0,2.0,2.0,2.0,2.0,1.0,0,men,individual
7,Egadze Nika,GEO,10,175.16,96.23,79.93,-1.0,2.6,owg2026,CSSp3,9.0,0.0,,3.08,0.48,,1,,2526,3.0,0.0,2.0,2.0,2.0,2.0,1.0,2.0,2.0,0,men,individual
7,Egadze Nika,GEO,10,175.16,96.23,79.93,-1.0,3.3,owg2026,StSq3,10.0,0.0,,4.01,0.71,,1,,2526,3.0,2.0,2.0,1.0,2.0,3.0,2.0,2.0,2.0,0,men,individual
7,Egadze Nika,GEO,10,175.16,96.23,79.93,-1.0,3.0,owg2026,ChSq1,11.0,0.0,,4.0,1.0,,1,,2526,3.0,1.0,2.0,1.0,2.0,2.0,2.0,2.0,3.0,0,men,individual
7,Egadze Nika,GEO,10,175.16,96.23,79.93,-1.0,1.88,owg2026,CCoSp2V,12.0,0.0,,2.21,0.33,,1,,2526,2.0,2.0,2.0,0.0,2.0,1.0,2.0,1.0,2.0,0,men,individual
7,Egadze Nika,GEO,10,175.16,96.23,79.93,-1.0,,owg2026,,,,3.33,8.11,,,0,Composition,2526,8.5,7.75,7.5,7.75,7.75,8.0,8.5,8.5,8.5,0,men,individual
7,Egadze Nika,GEO,10,175.16,96.23,79.93,-1.0,,owg2026,,,,3.33,7.96,,,0,Presentation,2526,8.5,7.5,7.25,7.75,8.0,7.75,8.25,8.25,8.25,0,men,individual
7,Egadze Nika,GEO,10,175.16,96.23,79.93,-1.0,,owg2026,,,,3.33,7.93,,,0,Skating Skills,2526,8.25,7.75,7.5,8.0,8.25,7.5,7.5,8.25,8.5,0,men,individual
8,Grassl Daniel,ITA,21,170.25,88.79,81.46,0.0,11.5,owg2026,4Lzq,1.0,0.0,,8.54,-2.96,q,1,,2526,-3.0,-2.0,-1.0,-3.0,-2.0,-3.0,-2.0,-3.0,-3.0,0,men,individual
8,Grassl Daniel,ITA,21,170.25,88.79,81.46,0.0,10.5,owg2026,4Lo,2.0,0.0,,12.6,2.1,,1,,2526,2.0,2.0,3.0,0.0,2.0,2.0,2.0,2.0,2.0,0,men,individual
8,Grassl Daniel,ITA,21,170.25,88.79,81.46,0.0,9.7,owg2026,4S,3.0,0.0,,12.06,2.36,,1,,2526,3.0,3.0,3.0,0.0,3.0,2.0,1.0,3.0,2.0,0,men,individual
8,Grassl Daniel,ITA,21,170.25,88.79,81.46,0.0,12.2,owg2026,3Aq+3T,4.0,0.0,,10.49,-1.71,q,1,,2526,-3.0,-2.0,-1.0,-2.0,-2.0,-3.0,-2.0,-2.0,-2.0,0,men,individual
8,Grassl Daniel,ITA,21,170.25,88.79,81.46,0.0,3.0,owg2026,ChSq1,5.0,0.0,,4.21,1.21,,1,,2526,3.0,3.0,3.0,1.0,3.0,2.0,2.0,2.0,2.0,0,men,individual
8,Grassl Daniel,ITA,21,170.25,88.79,81.46,0.0,16.06,owg2026,3A+2A+2A+SEQ,6.0,1.0,,17.89,1.83,,1,,2526,3.0,2.0,3.0,2.0,3.0,2.0,2.0,2.0,1.0,0,men,individual
8,Grassl Daniel,ITA,21,170.25,88.79,81.46,0.0,6.49,owg2026,3Lz,7.0,1.0,,3.88,-2.61,,1,,2526,-5.0,-4.0,-3.0,-5.0,-4.0,-4.0,-5.0,-5.0,-4.0,0,men,individual
8,Grassl Daniel,ITA,21,170.25,88.79,81.46,0.0,2.6,owg2026,CSSp3,8.0,0.0,,3.01,0.41,,1,,2526,1.0,2.0,3.0,2.0,2.0,0.0,1.0,1.0,2.0,0,men,individual
8,Grassl Daniel,ITA,21,170.25,88.79,81.46,0.0,2.6,owg2026,StSq2,9.0,0.0,,3.19,0.59,,1,,2526,3.0,2.0,3.0,2.0,3.0,2.0,2.0,2.0,1.0,0,men,individual
8,Grassl Daniel,ITA,21,170.25,88.79,81.46,0.0,6.82,owg2026,3Lo+2T,10.0,1.0,,6.68,-0.14,,1,,2526,-1.0,0.0,2.0,-1.0,0.0,0.0,-1.0,0.0,0.0,0,men,individual
8,Grassl Daniel,ITA,21,170.25,88.79,81.46,0.0,2.25,owg2026,CCoSp3V,11.0,0.0,,2.73,0.48,,1,,2526,3.0,2.0,3.0,2.0,2.0,2.0,2.0,2.0,2.0,0,men,individual
8,Grassl Daniel,ITA,21,170.25,88.79,81.46,0.0,3.0,owg2026,FCCoSp3,12.0,0.0,,3.51,0.51,,1,,2526,2.0,2.0,3.0,1.0,1.0,2.0,1.0,2.0,2.0,0,men,individual
8,Grassl Daniel,ITA,21,170.25,88.79,81.46,0.0,,owg2026,,,,3.33,8.32,,,0,Composition,2526,8.0,8.5,8.75,7.75,8.75,8.25,8.0,8.5,8.25,0,men,individual
8,Grassl Daniel,ITA,21,170.25,88.79,81.46,0.0,,owg2026,,,,3.33,8.14,,,0,Presentation,2526,8.0,8.25,8.5,7.75,8.5,8.0,8.0,8.25,8.0,0,men,individual
8,Grassl Daniel,ITA,21,170.25,88.79,81.46,0.0,,owg2026,,,,3.33,8.0,,,0,Skating Skills,2526,7.75,7.75,8.5,8.25,8.75,7.75,7.75,8.0,8.0,0,men,individual
9,Torgashev Andrew,USA,17,170.12,86.16,83.96,0.0,9.5,owg2026,4T,1.0,0.0,,11.94,2.44,,1,,2526,3.0,2.0,2.0,3.0,2.0,3.0,3.0,3.0,2.0,0,men,individual
9,Torgashev Andrew,USA,17,170.12,86.16,83.96,0.0,6.65,owg2026,4T+REP,2.0,0.0,,3.53,-3.12,,1,,2526,-3.0,-4.0,-3.0,-4.0,-3.0,-3.0,-3.0,-4.0,-3.0,0,men,individual
9,Torgashev Andrew,USA,17,170.12,86.16,83.96,0.0,4.9,owg2026,3Lo,3.0,0.0,,6.02,1.12,,1,,2526,3.0,2.0,2.0,3.0,3.0,2.0,2.0,2.0,2.0,0,men,individual
9,Torgashev Andrew,USA,17,170.12,86.16,83.96,0.0,8.0,owg2026,3A,4.0,0.0,,10.17,2.17,,1,,2526,3.0,2.0,3.0,3.0,3.0,2.0,3.0,3.0,2.0,0,men,individual
9,Torgashev Andrew,USA,17,170.12,86.16,83.96,0.0,2.8,owg2026,CCSp3,5.0,0.0,,3.52,0.72,,1,,2526,3.0,2.0,3.0,3.0,2.0,3.0,2.0,3.0,2.0,0,men,individual
9,Torgashev Andrew,USA,17,170.12,86.16,83.96,0.0,3.9,owg2026,StSq4,6.0,0.0,,4.9,1.0,,1,,2526,3.0,2.0,2.0,2.0,3.0,3.0,3.0,3.0,2.0,0,men,individual
9,Torgashev Andrew,USA,17,170.12,86.16,83.96,0.0,12.43,owg2026,3A+2A+SEQ,7.0,1.0,,14.03,1.6,,1,,2526,2.0,2.0,2.0,3.0,2.0,2.0,2.0,2.0,1.0,0,men,individual
9,Torgashev Andrew,USA,17,170.12,86.16,83.96,0.0,11.77,owg2026,3Lz+1Eu+3S,8.0,1.0,,13.03,1.26,,1,,2526,3.0,2.0,2.0,3.0,2.0,2.0,2.0,2.0,1.0,0,men,individual
9,Torgashev Andrew,USA,17,170.12,86.16,83.96,0.0,5.83,owg2026,3F,9.0,1.0,,6.28,0.45,,1,,2526,2.0,1.0,1.0,2.0,-1.0,0.0,1.0,0.0,1.0,0,men,individual
9,Torgashev Andrew,USA,17,170.12,86.16,83.96,0.0,2.6,owg2026,FSSp3,10.0,0.0,,3.19,0.59,,1,,2526,3.0,2.0,3.0,2.0,2.0,2.0,2.0,3.0,2.0,0,men,individual
9,Torgashev Andrew,USA,17,170.12,86.16,83.96,0.0,3.0,owg2026,ChSq1,11.0,0.0,,5.0,2.0,,1,,2526,4.0,3.0,4.0,5.0,3.0,4.0,4.0,5.0,4.0,0,men,individual
9,Torgashev Andrew,USA,17,170.12,86.16,83.96,0.0,3.5,owg2026,CCoSp4,12.0,0.0,,4.55,1.05,,1,,2526,4.0,2.0,3.0,3.0,3.0,3.0,4.0,3.0,2.0,0,men,individual
9,Torgashev Andrew,USA,17,170.12,86.16,83.96,0.0,,owg2026,,,,3.33,8.32,,,0,Composition,2526,8.5,7.75,8.25,8.5,8.75,8.0,8.0,8.5,8.5,0,men,individual
9,Torgashev Andrew,USA,17,170.12,86.16,83.96,0.0,,owg2026,,,,3.33,8.5,,,0,Presentation,2526,8.75,8.0,8.5,8.5,8.5,8.5,8.0,8.75,8.75,0,men,individual
9,Torgashev Andrew,USA,17,170.12,86.16,83.96,0.0,,owg2026,,,,3.33,8.39,,,0,Skating Skills,2526,8.5,8.25,8.25,8.5,8.5,8.5,8.5,8.25,8.25,0,men,individual
10,Miura Kao,JPN,3,170.11,92.72,78.39,-1.0,10.5,owg2026,4Lo,1.0,0.0,,13.05,2.55,,1,,2526,2.0,3.0,2.0,2.0,3.0,3.0,3.0,2.0,2.0,0,men,individual
10,Miura Kao,JPN,3,170.11,92.72,78.39,-1.0,9.7,owg2026,4S,2.0,0.0,,4.85,-4.85,F,1,,2526,-5.0,-5.0,-5.0,-5.0,-5.0,-5.0,-5.0,-5.0,-5.0,0,men,individual
10,Miura Kao,JPN,3,170.11,92.72,78.39,-1.0,13.7,owg2026,4T+3T,3.0,0.0,,13.29,-0.41,,1,,2526,-1.0,-1.0,0.0,0.0,-2.0,0.0,1.0,-1.0,0.0,0,men,individual
10,Miura Kao,JPN,3,170.11,92.72,78.39,-1.0,3.2,owg2026,FCSp4,4.0,0.0,,3.06,-0.14,,1,,2526,-1.0,1.0,2.0,-1.0,-1.0,-1.0,-2.0,0.0,0.0,0,men,individual
10,Miura Kao,JPN,3,170.11,92.72,78.39,-1.0,3.3,owg2026,StSq3,5.0,0.0,,3.77,0.47,,1,,2526,2.0,3.0,1.0,1.0,1.0,2.0,1.0,1.0,2.0,0,men,individual
10,Miura Kao,JPN,3,170.11,92.72,78.39,-1.0,9.5,owg2026,4T,6.0,0.0,,8.01,-1.49,,1,,2526,-1.0,-2.0,2.0,0.0,-1.0,-1.0,-3.0,-3.0,-3.0,0,men,individual
10,Miura Kao,JPN,3,170.11,92.72,78.39,-1.0,15.18,owg2026,3A+1Eu+3F,7.0,1.0,,16.67,1.49,,1,,2526,2.0,2.0,2.0,2.0,2.0,2.0,2.0,1.0,1.0,0,men,individual
10,Miura Kao,JPN,3,170.11,92.72,78.39,-1.0,8.8,owg2026,3A,8.0,1.0,,9.14,0.34,,1,,2526,1.0,0.0,1.0,0.0,-1.0,0.0,1.0,1.0,0.0,0,men,individual
10,Miura Kao,JPN,3,170.11,92.72,78.39,-1.0,3.0,owg2026,ChSq1,9.0,0.0,,3.93,0.93,,1,,2526,3.0,2.0,2.0,1.0,2.0,2.0,2.0,2.0,1.0,0,men,individual
10,Miura Kao,JPN,3,170.11,92.72,78.39,-1.0,9.02,owg2026,3Lo+2A+SEQ,10.0,1.0,,10.0,0.98,,1,,2526,2.0,2.0,2.0,2.0,2.0,2.0,2.0,2.0,1.0,0,men,individual
10,Miura Kao,JPN,3,170.11,92.72,78.39,-1.0,2.6,owg2026,CSSp3,11.0,0.0,,2.75,0.15,,1,,2526,1.0,-1.0,2.0,1.0,1.0,0.0,0.0,1.0,0.0,0,men,individual
10,Miura Kao,JPN,3,170.11,92.72,78.39,-1.0,3.5,owg2026,CCoSp4,12.0,0.0,,4.2,0.7,,1,,2526,2.0,3.0,2.0,1.0,3.0,2.0,1.0,2.0,2.0,0,men,individual
10,Miura Kao,JPN,3,170.11,92.72,78.39,-1.0,,owg2026,,,,3.33,7.75,,,0,Composition,2526,8.25,7.75,7.75,7.75,7.75,7.75,7.75,7.75,7.75,0,men,individual
10,Miura Kao,JPN,3,170.11,92.72,78.39,-1.0,,owg2026,,,,3.33,7.61,,,0,Presentation,2526,8.0,7.5,8.0,7.75,7.5,7.5,7.0,7.5,7.5,0,men,individual
10,Miura Kao,JPN,3,170.11,92.72,78.39,-1.0,,owg2026,,,,3.33,8.18,,,0,Skating Skills,2526,8.5,8.25,8.25,8.5,8.25,8.0,7.75,8.25,7.75,0,men,individual
11,Aymoz Kevin,FRA,18,167.3,81.45,85.85,0.0,4.2,owg2026,3T,1.0,0.0,,4.02,-0.18,,1,,2526,-1.0,-1.0,0.0,0.0,-1.0,-1.0,0.0,0.0,0.0,0,men,individual
11,Aymoz Kevin,FRA,18,167.3,81.45,85.85,0.0,9.5,owg2026,4T,2.0,0.0,,11.13,1.63,,1,,2526,2.0,2.0,1.0,2.0,2.0,2.0,2.0,1.0,0.0,0,men,individual
11,Aymoz Kevin,FRA,18,167.3,81.45,85.85,0.0,11.3,owg2026,3A+2A+SEQ,3.0,0.0,,13.36,2.06,,1,,2526,3.0,2.0,3.0,3.0,3.0,2.0,3.0,2.0,2.0,0,men,individual
11,Aymoz Kevin,FRA,18,167.3,81.45,85.85,0.0,4.9,owg2026,3Lo,4.0,0.0,,4.41,-0.49,,1,,2526,-2.0,-1.0,-2.0,0.0,-1.0,-1.0,-1.0,-1.0,0.0,0,men,individual
11,Aymoz Kevin,FRA,18,167.3,81.45,85.85,0.0,2.63,owg2026,FCCoSp4V,5.0,0.0,,3.2,0.57,,1,,2526,3.0,2.0,2.0,2.0,2.0,2.0,2.0,2.0,3.0,0,men,individual
11,Aymoz Kevin,FRA,18,167.3,81.45,85.85,0.0,3.9,owg2026,StSq4,6.0,0.0,,5.07,1.17,,1,,2526,4.0,3.0,4.0,3.0,2.0,3.0,2.0,3.0,3.0,0,men,individual
11,Aymoz Kevin,FRA,18,167.3,81.45,85.85,0.0,14.08,owg2026,3A+1Eu+3S,7.0,1.0,,16.59,2.51,,1,,2526,3.0,3.0,3.0,4.0,3.0,3.0,3.0,4.0,3.0,0,men,individual
11,Aymoz Kevin,FRA,18,167.3,81.45,85.85,0.0,5.83,owg2026,3F!,8.0,1.0,,4.85,-0.98,!,1,,2526,-2.0,-2.0,-2.0,-2.0,-2.0,-2.0,-2.0,-1.0,-1.0,0,men,individual
11,Aymoz Kevin,FRA,18,167.3,81.45,85.85,0.0,6.49,owg2026,3Lz,9.0,1.0,,5.48,-1.01,,1,,2526,-2.0,-1.0,-2.0,-2.0,-2.0,-2.0,-2.0,-1.0,-1.0,0,men,individual
11,Aymoz Kevin,FRA,18,167.3,81.45,85.85,0.0,3.2,owg2026,CCSp4,10.0,0.0,,3.93,0.73,,1,,2526,3.0,1.0,3.0,2.0,2.0,3.0,1.0,3.0,2.0,0,men,individual
11,Aymoz Kevin,FRA,18,167.3,81.45,85.85,0.0,3.5,owg2026,CCoSp4,11.0,0.0,,4.2,0.7,,1,,2526,2.0,2.0,2.0,2.0,0.0,2.0,2.0,2.0,2.0,0,men,individual
11,Aymoz Kevin,FRA,18,167.3,81.45,85.85,0.0,3.0,owg2026,ChSq1,12.0,0.0,,5.21,2.21,,1,,2526,5.0,3.0,4.0,4.0,4.0,4.0,5.0,5.0,5.0,0,men,individual
11,Aymoz Kevin,FRA,18,167.3,81.45,85.85,0.0,,owg2026,,,,3.33,8.71,,,0,Composition,2526,8.75,8.75,8.75,9.0,8.75,8.5,8.25,8.75,8.75,0,men,individual
11,Aymoz Kevin,FRA,18,167.3,81.45,85.85,0.0,,owg2026,,,,3.33,8.57,,,0,Presentation,2526,8.75,8.25,8.75,8.5,8.5,8.75,8.0,8.5,8.75,0,men,individual
11,Aymoz Kevin,FRA,18,167.3,81.45,85.85,0.0,,owg2026,,,,3.33,8.5,,,0,Skating Skills,2526,8.5,8.5,8.5,8.5,8.5,8.5,8.5,8.5,8.25,0,men,individual
12,Siao Him Fa Adam,FRA,22,166.72,84.97,82.75,-1.0,9.5,owg2026,4T,2.0,0.0,,5.7,-3.8,,1,,2526,-4.0,-4.0,-4.0,-5.0,-4.0,-4.0,-4.0,-4.0,-3.0,0,men,individual
12,Siao Him Fa Adam,FRA,22,166.72,84.97,82.75,-1.0,13.7,owg2026,4T+3T,3.0,0.0,,15.74,2.04,,1,,2526,2.0,2.0,2.0,3.0,1.0,2.0,3.0,2.0,2.0,0,men,individual
12,Siao Him Fa Adam,FRA,22,166.72,84.97,82.75,-1.0,9.7,owg2026,4S,4.0,0.0,,5.13,-4.57,,1,,2526,-5.0,-4.0,-4.0,-5.0,-4.0,-5.0,-5.0,-5.0,-5.0,0,men,individual
12,Siao Him Fa Adam,FRA,22,166.72,84.97,82.75,-1.0,11.3,owg2026,3A+2A+SEQ,5.0,0.0,,11.19,-0.11,,1,,2526,0.0,-1.0,2.0,1.0,-2.0,0.0,0.0,-1.0,0.0,0,men,individual
12,Siao Him Fa Adam,FRA,22,166.72,84.97,82.75,-1.0,8.8,owg2026,3A,6.0,1.0,,10.63,1.83,,1,,2526,3.0,2.0,3.0,3.0,2.0,2.0,2.0,2.0,2.0,0,men,individual
12,Siao Him Fa Adam,FRA,22,166.72,84.97,82.75,-1.0,3.9,owg2026,StSq4,7.0,0.0,,5.13,1.23,,1,,2526,4.0,3.0,3.0,3.0,3.0,4.0,3.0,3.0,3.0,0,men,individual
12,Siao Him Fa Adam,FRA,22,166.72,84.97,82.75,-1.0,8.47,owg2026,3Lz+1Eu+2S,8.0,1.0,,9.06,0.59,,1,,2526,1.0,2.0,2.0,1.0,0.0,1.0,2.0,0.0,0.0,0,men,individual
12,Siao Him Fa Adam,FRA,22,166.72,84.97,82.75,-1.0,3.5,owg2026,CCoSp4,9.0,0.0,,4.5,1.0,,1,,2526,3.0,3.0,3.0,3.0,2.0,3.0,2.0,3.0,3.0,0,men,individual
12,Siao Him Fa Adam,FRA,22,166.72,84.97,82.75,-1.0,3.5,owg2026,FCCoSp4,10.0,0.0,,4.3,0.8,,1,,2526,3.0,3.0,3.0,2.0,1.0,2.0,2.0,3.0,1.0,0,men,individual
12,Siao Him Fa Adam,FRA,22,166.72,84.97,82.75,-1.0,3.0,owg2026,ChSq1,11.0,0.0,,4.57,1.57,,1,,2526,4.0,3.0,3.0,1.0,2.0,3.0,3.0,5.0,4.0,0,men,individual
12,Siao Him Fa Adam,FRA,22,166.72,84.97,82.75,-1.0,2.6,owg2026,CSSp3,12.0,0.0,,3.27,0.67,,1,,2526,3.0,3.0,3.0,2.0,2.0,3.0,2.0,3.0,2.0,0,men,individual
12,Siao Him Fa Adam,FRA,22,166.72,84.97,82.75,-1.0,,owg2026,,,,3.33,8.46,,,0,Composition,2526,8.5,8.5,8.5,8.5,8.5,8.25,8.5,8.5,8.25,0,men,individual
12,Siao Him Fa Adam,FRA,22,166.72,84.97,82.75,-1.0,,owg2026,,,,3.33,8.07,,,0,Presentation,2526,7.75,8.0,8.5,8.0,8.25,8.5,8.0,7.75,8.0,0,men,individual
12,Siao Him Fa Adam,FRA,22,166.72,84.97,82.75,-1.0,,owg2026,,,,3.33,8.32,,,0,Skating Skills,2526,8.25,8.5,8.75,8.5,8.5,8.25,8.25,8.0,8.0,0,men,individual
13,Britschgi Lukas,SUI,6,165.77,85.01,80.76,0.0,13.7,owg2026,4T+3T,1.0,0.0,,14.92,1.22,,1,,2526,1.0,1.0,1.0,1.0,2.0,2.0,2.0,1.0,1.0,0,men,individual
13,Britschgi Lukas,SUI,6,165.77,85.01,80.76,0.0,9.5,owg2026,4Tq,2.0,0.0,,8.96,-0.54,q,1,,2526,0.0,-1.0,-1.0,-1.0,-1.0,0.0,0.0,0.0,-2.0,0,men,individual
13,Britschgi Lukas,SUI,6,165.77,85.01,80.76,0.0,14.6,owg2026,3A+2A+2A+SEQ,3.0,0.0,,16.54,1.94,,1,,2526,2.0,2.0,2.0,3.0,3.0,3.0,2.0,3.0,1.0,0,men,individual
13,Britschgi Lukas,SUI,6,165.77,85.01,80.76,0.0,4.9,owg2026,3Lo,4.0,0.0,,5.95,1.05,,1,,2526,2.0,2.0,3.0,2.0,3.0,2.0,2.0,2.0,1.0,0,men,individual
13,Britschgi Lukas,SUI,6,165.77,85.01,80.76,0.0,3.0,owg2026,CCoSp3,5.0,0.0,,3.21,0.21,,1,,2526,0.0,1.0,1.0,1.0,1.0,0.0,1.0,-1.0,1.0,0,men,individual
13,Britschgi Lukas,SUI,6,165.77,85.01,80.76,0.0,3.0,owg2026,CSSp4,6.0,0.0,,3.21,0.21,,1,,2526,2.0,1.0,2.0,1.0,0.0,0.0,1.0,0.0,0.0,0,men,individual
13,Britschgi Lukas,SUI,6,165.77,85.01,80.76,0.0,8.8,owg2026,3A,7.0,1.0,,10.86,2.06,,1,,2526,1.0,3.0,3.0,3.0,3.0,2.0,2.0,3.0,2.0,0,men,individual
13,Britschgi Lukas,SUI,6,165.77,85.01,80.76,0.0,6.49,owg2026,3Lz,8.0,1.0,,4.72,-1.77,,1,,2526,-3.0,-3.0,-3.0,-3.0,-3.0,-2.0,-3.0,-3.0,-3.0,0,men,individual
13,Britschgi Lukas,SUI,6,165.77,85.01,80.76,0.0,3.41,owg2026,2F!+2T,9.0,1.0,,3.28,-0.13,!,1,,2526,0.0,-1.0,-1.0,-1.0,-1.0,0.0,-1.0,0.0,-1.0,0,men,individual
13,Britschgi Lukas,SUI,6,165.77,85.01,80.76,0.0,3.9,owg2026,StSq4,10.0,0.0,,5.07,1.17,,1,,2526,3.0,3.0,3.0,2.0,3.0,3.0,3.0,3.0,3.0,0,men,individual
13,Britschgi Lukas,SUI,6,165.77,85.01,80.76,0.0,3.5,owg2026,FCCoSp4,11.0,0.0,,4.0,0.5,,1,,2526,1.0,1.0,3.0,1.0,2.0,0.0,2.0,1.0,2.0,0,men,individual
13,Britschgi Lukas,SUI,6,165.77,85.01,80.76,0.0,3.0,owg2026,ChSq1,12.0,0.0,,4.29,1.29,,1,,2526,3.0,2.0,3.0,2.0,4.0,3.0,2.0,3.0,1.0,0,men,individual
13,Britschgi Lukas,SUI,6,165.77,85.01,80.76,0.0,,owg2026,,,,3.33,8.18,,,0,Composition,2526,8.25,8.0,8.5,8.0,8.5,8.0,8.5,8.0,8.0,0,men,individual
13,Britschgi Lukas,SUI,6,165.77,85.01,80.76,0.0,,owg2026,,,,3.33,8.11,,,0,Presentation,2526,8.25,7.75,8.5,8.0,8.25,8.25,8.25,7.5,8.0,0,men,individual
13,Britschgi Lukas,SUI,6,165.77,85.01,80.76,0.0,,owg2026,,,,3.33,7.96,,,0,Skating Skills,2526,8.0,7.75,8.25,8.25,7.75,7.75,8.5,8.0,7.75,0,men,individual
14,Rizzo Matteo,ITA,9,158.88,76.32,82.56,0.0,1.3,owg2026,2T,1.0,0.0,,1.02,-0.28,,1,,2526,-3.0,-1.0,-1.0,-3.0,-3.0,-1.0,-2.0,-2.0,-3.0,0,men,individual
14,Rizzo Matteo,ITA,9,158.88,76.32,82.56,0.0,10.1,owg2026,3Lz+3T,2.0,0.0,,11.28,1.18,,1,,2526,2.0,2.0,2.0,3.0,2.0,2.0,2.0,1.0,2.0,0,men,individual
14,Rizzo Matteo,ITA,9,158.88,76.32,82.56,0.0,11.3,owg2026,3A+2A+SEQ,3.0,0.0,,12.9,1.6,,1,,2526,2.0,2.0,2.0,2.0,3.0,2.0,2.0,2.0,2.0,0,men,individual
14,Rizzo Matteo,ITA,9,158.88,76.32,82.56,0.0,4.9,owg2026,3Lo,4.0,0.0,,5.88,0.98,,1,,2526,3.0,2.0,3.0,2.0,2.0,3.0,1.0,1.0,1.0,0,men,individual
14,Rizzo Matteo,ITA,9,158.88,76.32,82.56,0.0,2.0,owg2026,CCSp1,5.0,0.0,,2.4,0.4,,1,,2526,2.0,0.0,3.0,2.0,2.0,2.0,2.0,2.0,2.0,0,men,individual
14,Rizzo Matteo,ITA,9,158.88,76.32,82.56,0.0,3.3,owg2026,StSq3,6.0,0.0,,4.1,0.8,,1,,2526,2.0,2.0,2.0,3.0,3.0,3.0,2.0,2.0,3.0,0,men,individual
14,Rizzo Matteo,ITA,9,158.88,76.32,82.56,0.0,8.8,owg2026,3A,7.0,1.0,,9.14,0.34,,1,,2526,0.0,0.0,0.0,1.0,0.0,0.0,2.0,0.0,2.0,0,men,individual
14,Rizzo Matteo,ITA,9,158.88,76.32,82.56,0.0,11.77,owg2026,3Lz+1Eu+3S,8.0,1.0,,12.53,0.76,,1,,2526,1.0,1.0,1.0,1.0,2.0,2.0,2.0,1.0,0.0,0,men,individual
14,Rizzo Matteo,ITA,9,158.88,76.32,82.56,0.0,5.83,owg2026,3F,9.0,1.0,,6.74,0.91,,1,,2526,2.0,2.0,2.0,2.0,1.0,2.0,1.0,2.0,1.0,0,men,individual
14,Rizzo Matteo,ITA,9,158.88,76.32,82.56,0.0,2.3,owg2026,FSSp2,10.0,0.0,,2.56,0.26,,1,,2526,3.0,1.0,2.0,1.0,1.0,0.0,1.0,1.0,1.0,0,men,individual
14,Rizzo Matteo,ITA,9,158.88,76.32,82.56,0.0,3.0,owg2026,ChSq1,11.0,0.0,,4.21,1.21,,1,,2526,3.0,2.0,3.0,3.0,3.0,2.0,2.0,2.0,2.0,0,men,individual
14,Rizzo Matteo,ITA,9,158.88,76.32,82.56,0.0,3.0,owg2026,CCoSp3,12.0,0.0,,3.56,0.56,,1,,2526,2.0,2.0,3.0,1.0,2.0,2.0,1.0,2.0,2.0,0,men,individual
14,Rizzo Matteo,ITA,9,158.88,76.32,82.56,0.0,,owg2026,,,,3.33,8.32,,,0,Composition,2526,8.25,8.25,8.5,8.75,8.25,8.0,8.25,8.25,8.5,0,men,individual
14,Rizzo Matteo,ITA,9,158.88,76.32,82.56,0.0,,owg2026,,,,3.33,8.29,,,0,Presentation,2526,8.5,8.0,8.5,8.5,8.5,8.25,8.0,7.75,8.25,0,men,individual
14,Rizzo Matteo,ITA,9,158.88,76.32,82.56,0.0,,owg2026,,,,3.33,8.18,,,0,Skating Skills,2526,8.25,8.0,8.5,8.5,8.25,8.0,8.0,8.25,8.0,0,men,individual
15,Malinin Ilia,USA,24,156.33,76.61,81.72,-2.0,11.0,owg2026,4F,1.0,0.0,,15.71,4.71,,1,,2526,4.0,4.0,5.0,4.0,5.0,5.0,4.0,4.0,4.0,0,men,individual
15,Malinin Ilia,USA,24,156.33,76.61,81.72,-2.0,1.1,owg2026,1A,2.0,0.0,,1.04,-0.06,,1,,2526,-1.0,-1.0,0.0,0.0,-1.0,-1.0,-1.0,0.0,0.0,0,men,individual
15,Malinin Ilia,USA,24,156.33,76.61,81.72,-2.0,11.5,owg2026,4Lz,3.0,0.0,,15.61,4.11,,1,,2526,3.0,3.0,4.0,3.0,4.0,4.0,3.0,4.0,4.0,0,men,individual
15,Malinin Ilia,USA,24,156.33,76.61,81.72,-2.0,1.7,owg2026,2Lo,4.0,0.0,,1.77,0.07,,1,,2526,1.0,0.0,0.0,0.0,0.0,1.0,1.0,0.0,1.0,0,men,individual
15,Malinin Ilia,USA,24,156.33,76.61,81.72,-2.0,2.8,owg2026,CCSp3,5.0,0.0,,3.44,0.64,,1,,2526,3.0,2.0,3.0,2.0,2.0,2.0,2.0,2.0,3.0,0,men,individual
15,Malinin Ilia,USA,24,156.33,76.61,81.72,-2.0,3.3,owg2026,StSq3,6.0,0.0,,4.2,0.9,,1,,2526,3.0,3.0,4.0,2.0,2.0,3.0,2.0,3.0,3.0,0,men,individual
15,Malinin Ilia,USA,24,156.33,76.61,81.72,-2.0,16.83,owg2026,4T+1Eu+3F,8.0,1.0,,19.54,2.71,,1,,2526,2.0,3.0,3.0,2.0,4.0,3.0,3.0,3.0,3.0,0,men,individual
15,Malinin Ilia,USA,24,156.33,76.61,81.72,-2.0,1.43,owg2026,2S,9.0,1.0,,0.78,-0.65,F,1,,2526,-5.0,-5.0,-5.0,-5.0,-5.0,-5.0,-5.0,-5.0,-5.0,0,men,individual
15,Malinin Ilia,USA,24,156.33,76.61,81.72,-2.0,3.0,owg2026,ChSq1,10.0,0.0,,4.36,1.36,,1,,2526,3.0,3.0,3.0,2.0,2.0,3.0,2.0,3.0,4.0,0,men,individual
15,Malinin Ilia,USA,24,156.33,76.61,81.72,-2.0,2.6,owg2026,FSSp3,11.0,0.0,,2.9,0.3,,1,,2526,2.0,1.0,2.0,1.0,0.0,2.0,0.0,1.0,1.0,0,men,individual
15,Malinin Ilia,USA,24,156.33,76.61,81.72,-2.0,3.5,owg2026,CCoSp4,12.0,0.0,,4.15,0.65,,1,,2526,3.0,2.0,3.0,1.0,0.0,2.0,2.0,0.0,3.0,0,men,individual
15,Malinin Ilia,USA,24,156.33,76.61,81.72,-2.0,,owg2026,,,,3.33,8.25,,,0,Composition,2526,8.25,8.0,8.5,8.5,8.0,8.25,7.75,8.25,8.5,0,men,individual
15,Malinin Ilia,USA,24,156.33,76.61,81.72,-2.0,,owg2026,,,,3.33,7.93,,,0,Presentation,2526,7.5,7.75,8.5,8.25,7.75,8.0,7.5,7.75,8.75,0,men,individual
15,Malinin Ilia,USA,24,156.33,76.61,81.72,-2.0,,owg2026,,,,3.33,8.36,,,0,Skating Skills,2526,8.5,8.0,8.5,8.5,7.75,8.5,8.25,8.25,8.75,0,men,individual
16,Selevko Aleksandr,EST,7,154.8,77.05,77.75,0.0,13.7,owg2026,4T+3T,1.0,0.0,,16.41,2.71,,1,,2526,2.0,3.0,3.0,3.0,3.0,2.0,3.0,3.0,3.0,0,men,individual
16,Selevko Aleksandr,EST,7,154.8,77.05,77.75,0.0,9.5,owg2026,4T,2.0,0.0,,10.86,1.36,,1,,2526,2.0,1.0,1.0,0.0,1.0,2.0,1.0,2.0,2.0,0,men,individual
16,Selevko Aleksandr,EST,7,154.8,77.05,77.75,0.0,9.3,owg2026,3A+2T,3.0,0.0,,10.79,1.49,,1,,2526,2.0,2.0,2.0,1.0,3.0,2.0,2.0,2.0,1.0,0,men,individual
16,Selevko Aleksandr,EST,7,154.8,77.05,77.75,0.0,8.0,owg2026,3Aq,4.0,0.0,,6.86,-1.14,q,1,,2526,-1.0,-1.0,-2.0,-1.0,-2.0,-2.0,-1.0,-1.0,-2.0,0,men,individual
16,Selevko Aleksandr,EST,7,154.8,77.05,77.75,0.0,2.8,owg2026,CCSp3,5.0,0.0,,3.36,0.56,,1,,2526,2.0,2.0,2.0,2.0,2.0,2.0,2.0,2.0,2.0,0,men,individual
16,Selevko Aleksandr,EST,7,154.8,77.05,77.75,0.0,11.9,owg2026,3F!+2A+2A+SEQ,6.0,0.0,,12.13,0.23,!,1,,2526,1.0,1.0,0.0,1.0,0.0,1.0,0.0,0.0,0.0,0,men,individual
16,Selevko Aleksandr,EST,7,154.8,77.05,77.75,0.0,2.31,owg2026,3Lz<<,7.0,1.0,,1.26,-1.05,<<,1,,2526,-5.0,-5.0,-5.0,-5.0,-5.0,-5.0,-5.0,-5.0,-5.0,0,men,individual
16,Selevko Aleksandr,EST,7,154.8,77.05,77.75,0.0,1.43,owg2026,2S,8.0,1.0,,1.41,-0.02,,1,,2526,0.0,0.0,0.0,0.0,0.0,-1.0,-1.0,0.0,0.0,0,men,individual
16,Selevko Aleksandr,EST,7,154.8,77.05,77.75,0.0,2.3,owg2026,FSSp2,9.0,0.0,,2.6,0.3,,1,,2526,2.0,2.0,2.0,-1.0,1.0,0.0,1.0,2.0,1.0,0,men,individual
16,Selevko Aleksandr,EST,7,154.8,77.05,77.75,0.0,3.9,owg2026,StSq4,10.0,0.0,,5.01,1.11,,1,,2526,3.0,3.0,2.0,3.0,3.0,3.0,3.0,2.0,3.0,0,men,individual
16,Selevko Aleksandr,EST,7,154.8,77.05,77.75,0.0,3.0,owg2026,ChSq1,11.0,0.0,,4.21,1.21,,1,,2526,3.0,2.0,2.0,2.0,3.0,3.0,3.0,2.0,2.0,0,men,individual
16,Selevko Aleksandr,EST,7,154.8,77.05,77.75,0.0,2.25,owg2026,CCoSp3V,12.0,0.0,,2.15,-0.1,,1,,2526,0.0,1.0,-1.0,0.0,-1.0,-3.0,2.0,-2.0,0.0,0,men,individual
16,Selevko Aleksandr,EST,7,154.8,77.05,77.75,0.0,,owg2026,,,,3.33,7.71,,,0,Composition,2526,8.25,7.5,7.5,7.75,7.5,7.5,8.25,7.5,8.0,0,men,individual
16,Selevko Aleksandr,EST,7,154.8,77.05,77.75,0.0,,owg2026,,,,3.33,7.68,,,0,Presentation,2526,7.75,7.75,7.25,8.0,7.75,7.5,8.0,7.25,7.75,0,men,individual
16,Selevko Aleksandr,EST,7,154.8,77.05,77.75,0.0,,owg2026,,,,3.33,7.96,,,0,Skating Skills,2526,8.25,7.5,7.75,8.0,8.0,8.0,8.25,7.75,8.0,0,men,individual
17,Samoilov Vladimir,POL,4,144.68,72.65,73.03,-1.0,11.5,owg2026,4Lz,1.0,0.0,,5.75,-5.75,F,1,,2526,-5.0,-5.0,-5.0,-5.0,-5.0,-5.0,-5.0,-5.0,-5.0,0,men,individual
17,Samoilov Vladimir,POL,4,144.68,72.65,73.03,-1.0,9.7,owg2026,4Sq,2.0,0.0,,7.34,-2.36,q,1,,2526,-3.0,-2.0,-2.0,-2.0,-2.0,-3.0,-1.0,-3.0,-3.0,0,men,individual
17,Samoilov Vladimir,POL,4,144.68,72.65,73.03,-1.0,8.0,owg2026,3A,3.0,0.0,,9.6,1.6,,1,,2526,2.0,2.0,1.0,2.0,3.0,2.0,2.0,2.0,2.0,0,men,individual
17,Samoilov Vladimir,POL,4,144.68,72.65,73.03,-1.0,4.9,owg2026,3Lo,4.0,0.0,,5.67,0.77,,1,,2526,1.0,2.0,2.0,1.0,2.0,2.0,1.0,2.0,1.0,0,men,individual
17,Samoilov Vladimir,POL,4,144.68,72.65,73.03,-1.0,3.2,owg2026,CCSp4,5.0,0.0,,3.89,0.69,,1,,2526,2.0,2.0,2.0,1.0,2.0,3.0,3.0,2.0,2.0,0,men,individual
17,Samoilov Vladimir,POL,4,144.68,72.65,73.03,-1.0,3.41,owg2026,2F+2T,6.0,1.0,,3.54,0.13,,1,,2526,0.0,1.0,1.0,1.0,0.0,1.0,1.0,1.0,0.0,0,men,individual
17,Samoilov Vladimir,POL,4,144.68,72.65,73.03,-1.0,11.11,owg2026,3Lz+3T,7.0,1.0,,11.87,0.76,,1,,2526,1.0,2.0,0.0,1.0,2.0,2.0,1.0,1.0,1.0,0,men,individual
17,Samoilov Vladimir,POL,4,144.68,72.65,73.03,-1.0,11.11,owg2026,3F+1Eu+3S,8.0,1.0,,11.87,0.76,,1,,2526,2.0,1.0,1.0,1.0,2.0,2.0,1.0,1.0,2.0,0,men,individual
17,Samoilov Vladimir,POL,4,144.68,72.65,73.03,-1.0,3.3,owg2026,StSq3,9.0,0.0,,3.82,0.52,,1,,2526,1.0,2.0,1.0,2.0,1.0,2.0,2.0,1.0,2.0,0,men,individual
17,Samoilov Vladimir,POL,4,144.68,72.65,73.03,-1.0,2.6,owg2026,FSSp3,10.0,0.0,,2.53,-0.07,,1,,2526,0.0,-1.0,0.0,0.0,-1.0,-1.0,0.0,0.0,0.0,0,men,individual
17,Samoilov Vladimir,POL,4,144.68,72.65,73.03,-1.0,3.0,owg2026,ChSq1,11.0,0.0,,3.57,0.57,,1,,2526,1.0,1.0,1.0,0.0,2.0,1.0,1.0,2.0,1.0,0,men,individual
17,Samoilov Vladimir,POL,4,144.68,72.65,73.03,-1.0,2.63,owg2026,CCoSp4V,12.0,0.0,,3.2,0.57,,1,,2526,2.0,2.0,3.0,1.0,3.0,3.0,2.0,1.0,2.0,0,men,individual
17,Samoilov Vladimir,POL,4,144.68,72.65,73.03,-1.0,,owg2026,,,,3.33,7.32,,,0,Composition,2526,7.25,6.5,7.0,7.5,7.75,7.25,7.75,7.25,7.25,0,men,individual
17,Samoilov Vladimir,POL,4,144.68,72.65,73.03,-1.0,,owg2026,,,,3.33,7.18,,,0,Presentation,2526,7.0,6.5,7.0,7.25,7.25,7.5,7.5,7.25,7.0,0,men,individual
17,Samoilov Vladimir,POL,4,144.68,72.65,73.03,-1.0,,owg2026,,,,3.33,7.43,,,0,Skating Skills,2526,7.25,6.75,7.25,7.5,7.5,7.75,7.5,7.75,7.25,0,men,individual
18,Vasiljevs Deniss,LAT,8,144.02,67.07,76.95,0.0,9.3,owg2026,3A+2T,1.0,0.0,,10.67,1.37,,1,,2526,1.0,2.0,2.0,2.0,2.0,2.0,0.0,1.0,2.0,0,men,individual
18,Vasiljevs Deniss,LAT,8,144.02,67.07,76.95,0.0,8.0,owg2026,3Aq,2.0,0.0,,6.97,-1.03,q,1,,2526,-1.0,-1.0,-1.0,-2.0,-1.0,-1.0,-1.0,-2.0,-2.0,0,men,individual
18,Vasiljevs Deniss,LAT,8,144.02,67.07,76.95,0.0,7.2,owg2026,3Lz+2T,3.0,0.0,,5.6,-1.6,,1,,2526,-3.0,-3.0,-2.0,-3.0,-3.0,-2.0,-3.0,-2.0,-3.0,0,men,individual
18,Vasiljevs Deniss,LAT,8,144.02,67.07,76.95,0.0,4.9,owg2026,3Lo,4.0,0.0,,5.53,0.63,,1,,2526,1.0,1.0,1.0,1.0,0.0,2.0,2.0,2.0,1.0,0,men,individual
18,Vasiljevs Deniss,LAT,8,144.02,67.07,76.95,0.0,3.0,owg2026,ChSq1,5.0,0.0,,4.0,1.0,,1,,2526,2.0,1.0,3.0,2.0,3.0,2.0,1.0,2.0,2.0,0,men,individual
18,Vasiljevs Deniss,LAT,8,144.02,67.07,76.95,0.0,2.8,owg2026,CCSp3,6.0,0.0,,3.24,0.44,,1,,2526,1.0,1.0,2.0,2.0,2.0,2.0,1.0,1.0,2.0,0,men,individual
18,Vasiljevs Deniss,LAT,8,144.02,67.07,76.95,0.0,1.43,owg2026,2S,7.0,1.0,,1.43,0.0,,1,,2526,0.0,0.0,0.0,1.0,0.0,0.0,0.0,0.0,0.0,0,men,individual
18,Vasiljevs Deniss,LAT,8,144.02,67.07,76.95,0.0,13.75,owg2026,3Lz+2A+2A+SEQ,8.0,1.0,,14.76,1.01,,1,,2526,2.0,1.0,2.0,2.0,1.0,2.0,2.0,2.0,1.0,0,men,individual
18,Vasiljevs Deniss,LAT,8,144.02,67.07,76.95,0.0,5.83,owg2026,3F!q,9.0,1.0,,4.09,-1.74,"!,q",1,,2526,-3.0,-2.0,-5.0,-4.0,-3.0,-3.0,-4.0,-3.0,-3.0,0,men,individual
18,Vasiljevs Deniss,LAT,8,144.02,67.07,76.95,0.0,3.3,owg2026,StSq3,10.0,0.0,,3.96,0.66,,1,,2526,2.0,3.0,2.0,2.0,1.0,2.0,2.0,2.0,2.0,0,men,individual
18,Vasiljevs Deniss,LAT,8,144.02,67.07,76.95,0.0,3.5,owg2026,CCoSp4,11.0,0.0,,3.7,0.2,,1,,2526,0.0,1.0,2.0,1.0,0.0,1.0,0.0,-1.0,1.0,0,men,individual
18,Vasiljevs Deniss,LAT,8,144.02,67.07,76.95,0.0,2.6,owg2026,FSSp3,12.0,0.0,,3.12,0.52,,1,,2526,2.0,2.0,3.0,2.0,2.0,2.0,2.0,2.0,2.0,0,men,individual
18,Vasiljevs Deniss,LAT,8,144.02,67.07,76.95,0.0,,owg2026,,,,3.33,7.61,,,0,Composition,2526,7.75,7.25,7.75,7.5,7.5,7.5,7.5,8.25,7.75,0,men,individual
18,Vasiljevs Deniss,LAT,8,144.02,67.07,76.95,0.0,,owg2026,,,,3.33,7.68,,,0,Presentation,2526,8.0,7.5,7.75,7.75,7.75,7.75,8.0,7.25,7.25,0,men,individual
18,Vasiljevs Deniss,LAT,8,144.02,67.07,76.95,0.0,,owg2026,,,,3.33,7.82,,,0,Skating Skills,2526,7.75,7.75,8.0,8.0,7.5,8.25,7.75,8.0,7.5,0,men,individual
19,Carrillo Donovan,MEX,2,143.5,71.56,71.94,0.0,9.7,owg2026,4Sq,1.0,0.0,,8.45,-1.25,q,1,,2526,-1.0,-1.0,-2.0,-2.0,-1.0,-1.0,-1.0,-1.0,-2.0,0,men,individual
19,Carrillo Donovan,MEX,2,143.5,71.56,71.94,0.0,9.5,owg2026,4T,2.0,0.0,,8.41,-1.09,,1,,2526,-1.0,-1.0,-1.0,-1.0,-2.0,-1.0,1.0,-2.0,-1.0,0,men,individual
19,Carrillo Donovan,MEX,2,143.5,71.56,71.94,0.0,9.3,owg2026,3A+2T,3.0,0.0,,10.1,0.8,,1,,2526,1.0,1.0,0.0,1.0,2.0,1.0,1.0,1.0,1.0,0,men,individual
19,Carrillo Donovan,MEX,2,143.5,71.56,71.94,0.0,3.0,owg2026,ChSq1,4.0,0.0,,3.86,0.86,,1,,2526,2.0,3.0,2.0,1.0,2.0,2.0,2.0,1.0,1.0,0,men,individual
19,Carrillo Donovan,MEX,2,143.5,71.56,71.94,0.0,6.4,owg2026,3A<,5.0,0.0,,3.93,-2.47,<,1,,2526,-4.0,-4.0,-3.0,-4.0,-4.0,-3.0,-4.0,-4.0,-5.0,0,men,individual
19,Carrillo Donovan,MEX,2,143.5,71.56,71.94,0.0,3.2,owg2026,FCSp4,6.0,0.0,,3.66,0.46,,1,,2526,2.0,2.0,1.0,1.0,1.0,2.0,1.0,2.0,1.0,0,men,individual
19,Carrillo Donovan,MEX,2,143.5,71.56,71.94,0.0,10.19,owg2026,3Lz+3T<,7.0,1.0,,9.01,-1.18,<,1,,2526,-2.0,-3.0,-2.0,-2.0,-2.0,-2.0,-2.0,-2.0,-2.0,0,men,individual
19,Carrillo Donovan,MEX,2,143.5,71.56,71.94,0.0,13.09,owg2026,3F!+2A+2A+SEQ,8.0,1.0,,13.01,-0.08,!,1,,2526,1.0,0.0,-1.0,0.0,0.0,0.0,-1.0,0.0,0.0,0,men,individual
19,Carrillo Donovan,MEX,2,143.5,71.56,71.94,0.0,0.66,owg2026,1Lz,9.0,1.0,,0.62,-0.04,,1,,2526,-1.0,0.0,0.0,-1.0,-1.0,-1.0,-2.0,-1.0,0.0,0,men,individual
19,Carrillo Donovan,MEX,2,143.5,71.56,71.94,0.0,3.3,owg2026,StSq3,10.0,0.0,,3.91,0.61,,1,,2526,2.0,2.0,2.0,1.0,3.0,2.0,2.0,2.0,1.0,0,men,individual
19,Carrillo Donovan,MEX,2,143.5,71.56,71.94,0.0,3.0,owg2026,CSSp4,11.0,0.0,,3.56,0.56,,1,,2526,1.0,2.0,2.0,2.0,3.0,2.0,1.0,2.0,2.0,0,men,individual
19,Carrillo Donovan,MEX,2,143.5,71.56,71.94,0.0,2.5,owg2026,CCoSp2,12.0,0.0,,3.04,0.54,,1,,2526,2.0,3.0,2.0,1.0,3.0,2.0,2.0,2.0,2.0,0,men,individual
19,Carrillo Donovan,MEX,2,143.5,71.56,71.94,0.0,,owg2026,,,,3.33,7.14,,,0,Composition,2526,7.5,6.75,6.75,7.0,7.5,7.0,7.0,7.5,7.25,0,men,individual
19,Carrillo Donovan,MEX,2,143.5,71.56,71.94,0.0,,owg2026,,,,3.33,7.32,,,0,Presentation,2526,7.5,7.25,7.0,6.75,8.0,7.75,7.25,7.25,7.25,0,men,individual
19,Carrillo Donovan,MEX,2,143.5,71.56,71.94,0.0,,owg2026,,,,3.33,7.14,,,0,Skating Skills,2526,7.25,7.0,7.0,7.0,7.75,7.25,7.5,7.0,7.0,0,men,individual
20,Jin Boyang,CHN,12,142.53,70.87,72.66,-1.0,10.8,owg2026,4T+2T,1.0,0.0,,11.48,0.68,,1,,2526,1.0,0.0,0.0,1.0,2.0,1.0,1.0,1.0,0.0,0,men,individual
20,Jin Boyang,CHN,12,142.53,70.87,72.66,-1.0,9.5,owg2026,4T,2.0,0.0,,6.38,-3.12,,1,,2526,-3.0,-4.0,-3.0,-4.0,-3.0,-3.0,-4.0,-3.0,-3.0,0,men,individual
20,Jin Boyang,CHN,12,142.53,70.87,72.66,-1.0,8.0,owg2026,3A,3.0,0.0,,9.26,1.26,,1,,2526,1.0,1.0,2.0,1.0,2.0,2.0,2.0,2.0,1.0,0,men,individual
20,Jin Boyang,CHN,12,142.53,70.87,72.66,-1.0,3.2,owg2026,FCSp4,4.0,0.0,,3.75,0.55,,1,,2526,2.0,2.0,2.0,1.0,2.0,2.0,1.0,2.0,1.0,0,men,individual
20,Jin Boyang,CHN,12,142.53,70.87,72.66,-1.0,10.1,owg2026,3Lz+3T,5.0,0.0,,7.15,-2.95,F,1,,2526,-5.0,-5.0,-5.0,-5.0,-5.0,-5.0,-5.0,-5.0,-5.0,0,men,individual
20,Jin Boyang,CHN,12,142.53,70.87,72.66,-1.0,8.47,owg2026,3Lz+1Eu+2S,6.0,1.0,,8.47,0.0,,1,,2526,0.0,0.0,0.0,0.0,0.0,0.0,0.0,1.0,0.0,0,men,individual
20,Jin Boyang,CHN,12,142.53,70.87,72.66,-1.0,5.83,owg2026,3F!,7.0,1.0,,5.38,-0.45,!,1,,2526,-1.0,-1.0,-2.0,-1.0,0.0,-1.0,-1.0,0.0,-1.0,0,men,individual
20,Jin Boyang,CHN,12,142.53,70.87,72.66,-1.0,5.39,owg2026,3Lo,8.0,1.0,,5.39,0.0,,1,,2526,0.0,0.0,0.0,1.0,0.0,0.0,0.0,0.0,0.0,0,men,individual
20,Jin Boyang,CHN,12,142.53,70.87,72.66,-1.0,3.0,owg2026,ChSq1,9.0,0.0,,3.79,0.79,,1,,2526,2.0,0.0,1.0,1.0,2.0,2.0,1.0,2.0,2.0,0,men,individual
20,Jin Boyang,CHN,12,142.53,70.87,72.66,-1.0,2.63,owg2026,CCoSp4V,10.0,0.0,,3.16,0.53,,1,,2526,2.0,2.0,3.0,2.0,2.0,2.0,1.0,2.0,2.0,0,men,individual
20,Jin Boyang,CHN,12,142.53,70.87,72.66,-1.0,3.3,owg2026,StSq3,11.0,0.0,,3.87,0.57,,1,,2526,2.0,2.0,2.0,1.0,2.0,2.0,2.0,1.0,1.0,0,men,individual
20,Jin Boyang,CHN,12,142.53,70.87,72.66,-1.0,2.3,owg2026,CSSp2,12.0,0.0,,2.79,0.49,,1,,2526,2.0,2.0,3.0,2.0,2.0,3.0,2.0,2.0,2.0,0,men,individual
20,Jin Boyang,CHN,12,142.53,70.87,72.66,-1.0,,owg2026,,,,3.33,7.25,,,0,Composition,2526,8.0,6.75,7.0,7.25,7.75,6.75,6.25,7.75,7.5,0,men,individual
20,Jin Boyang,CHN,12,142.53,70.87,72.66,-1.0,,owg2026,,,,3.33,7.07,,,0,Presentation,2526,7.75,6.5,6.75,7.0,7.5,7.0,6.75,7.25,7.25,0,men,individual
20,Jin Boyang,CHN,12,142.53,70.87,72.66,-1.0,,owg2026,,,,3.33,7.5,,,0,Skating Skills,2526,8.0,6.75,7.25,7.75,7.5,7.5,7.25,7.5,7.75,0,men,individual
21,Li Yu-Hsiang,TPE,1,141.92,77.25,64.67,0.0,4.9,owg2026,3Lo,1.0,0.0,,5.46,0.56,,1,,2526,1.0,2.0,1.0,1.0,0.0,2.0,1.0,1.0,1.0,0,men,individual
21,Li Yu-Hsiang,TPE,1,141.92,77.25,64.67,0.0,8.0,owg2026,3Aq,2.0,0.0,,6.51,-1.49,q,1,,2526,-1.0,-1.0,-2.0,-2.0,-2.0,-2.0,-2.0,-2.0,-3.0,0,men,individual
21,Li Yu-Hsiang,TPE,1,141.92,77.25,64.67,0.0,9.5,owg2026,4Tq,3.0,0.0,,7.6,-1.9,q,1,,2526,-1.0,-2.0,-2.0,-2.0,-2.0,-2.0,-2.0,-2.0,-2.0,0,men,individual
21,Li Yu-Hsiang,TPE,1,141.92,77.25,64.67,0.0,6.6,owg2026,3F+2T,4.0,0.0,,7.13,0.53,,1,,2526,1.0,1.0,1.0,1.0,1.0,1.0,0.0,1.0,1.0,0,men,individual
21,Li Yu-Hsiang,TPE,1,141.92,77.25,64.67,0.0,3.5,owg2026,FCCoSp4,5.0,0.0,,3.8,0.3,,1,,2526,1.0,0.0,0.0,0.0,1.0,2.0,1.0,2.0,1.0,0,men,individual
21,Li Yu-Hsiang,TPE,1,141.92,77.25,64.67,0.0,3.0,owg2026,ChSq1,6.0,0.0,,3.21,0.21,,1,,2526,1.0,2.0,0.0,1.0,0.0,1.0,0.0,0.0,0.0,0,men,individual
21,Li Yu-Hsiang,TPE,1,141.92,77.25,64.67,0.0,13.09,owg2026,3F+2A+2A+SEQ,7.0,1.0,,13.92,0.83,,1,,2526,1.0,2.0,2.0,2.0,1.0,2.0,1.0,2.0,1.0,0,men,individual
21,Li Yu-Hsiang,TPE,1,141.92,77.25,64.67,0.0,3.2,owg2026,CCSp4,8.0,0.0,,3.11,-0.09,,1,,2526,-1.0,0.0,0.0,0.0,-1.0,0.0,0.0,-1.0,1.0,0,men,individual
21,Li Yu-Hsiang,TPE,1,141.92,77.25,64.67,0.0,11.11,owg2026,3Lz+3T,9.0,1.0,,11.87,0.76,,1,,2526,1.0,2.0,2.0,2.0,1.0,1.0,1.0,1.0,1.0,0,men,individual
21,Li Yu-Hsiang,TPE,1,141.92,77.25,64.67,0.0,6.49,owg2026,3Lz,10.0,1.0,,7.42,0.93,,1,,2526,1.0,1.0,2.0,2.0,2.0,1.0,2.0,2.0,1.0,0,men,individual
21,Li Yu-Hsiang,TPE,1,141.92,77.25,64.67,0.0,2.6,owg2026,StSq2,11.0,0.0,,2.82,0.22,,1,,2526,1.0,1.0,1.0,1.0,1.0,1.0,1.0,0.0,0.0,0,men,individual
21,Li Yu-Hsiang,TPE,1,141.92,77.25,64.67,0.0,3.5,owg2026,CCoSp4,12.0,0.0,,4.4,0.9,,1,,2526,2.0,2.0,1.0,3.0,3.0,3.0,2.0,3.0,3.0,0,men,individual
21,Li Yu-Hsiang,TPE,1,141.92,77.25,64.67,0.0,,owg2026,,,,3.33,6.39,,,0,Composition,2526,6.25,5.75,6.5,6.5,6.25,6.5,6.5,6.25,6.5,0,men,individual
21,Li Yu-Hsiang,TPE,1,141.92,77.25,64.67,0.0,,owg2026,,,,3.33,6.57,,,0,Presentation,2526,6.5,6.25,6.75,6.5,7.0,6.75,6.75,6.0,6.5,0,men,individual
21,Li Yu-Hsiang,TPE,1,141.92,77.25,64.67,0.0,,owg2026,,,,3.33,6.46,,,0,Skating Skills,2526,6.5,6.0,6.75,6.75,6.5,6.25,6.5,6.0,6.75,0,men,individual
22,Naumov Maxim,USA,11,137.71,64.66,75.05,-2.0,8.0,owg2026,3A,2.0,0.0,,9.71,1.71,,1,,2526,2.0,3.0,3.0,1.0,3.0,2.0,2.0,2.0,1.0,0,men,individual
22,Naumov Maxim,USA,11,137.71,64.66,75.05,-2.0,6.79,owg2026,4S+REP,3.0,0.0,,1.94,-4.85,F,1,,2526,-5.0,-5.0,-5.0,-5.0,-5.0,-5.0,-5.0,-5.0,-5.0,0,men,individual
22,Naumov Maxim,USA,11,137.71,64.66,75.05,-2.0,11.3,owg2026,3A+2A+SEQ,4.0,0.0,,9.36,-1.94,,1,,2526,-2.0,-3.0,-3.0,-2.0,-3.0,-2.0,-2.0,-1.0,-3.0,0,men,individual
22,Naumov Maxim,USA,11,137.71,64.66,75.05,-2.0,2.8,owg2026,CCSp3,5.0,0.0,,3.36,0.56,,1,,2526,2.0,2.0,3.0,2.0,2.0,2.0,1.0,2.0,2.0,0,men,individual
22,Naumov Maxim,USA,11,137.71,64.66,75.05,-2.0,7.92,owg2026,3Lz+2T,6.0,1.0,,7.92,0.0,,1,,2526,0.0,-1.0,0.0,0.0,0.0,0.0,2.0,0.0,0.0,0,men,individual
22,Naumov Maxim,USA,11,137.71,64.66,75.05,-2.0,5.83,owg2026,3F!,7.0,1.0,,5.91,0.08,!,1,,2526,1.0,0.0,0.0,0.0,0.0,1.0,-1.0,0.0,0.0,0,men,individual
22,Naumov Maxim,USA,11,137.71,64.66,75.05,-2.0,3.0,owg2026,FSSp4,8.0,0.0,,3.51,0.51,,1,,2526,2.0,1.0,2.0,1.0,2.0,2.0,2.0,2.0,1.0,0,men,individual
22,Naumov Maxim,USA,11,137.71,64.66,75.05,-2.0,3.0,owg2026,ChSq1,9.0,0.0,,3.79,0.79,,1,,2526,2.0,1.0,2.0,2.0,2.0,2.0,1.0,1.0,1.0,0,men,individual
22,Naumov Maxim,USA,11,137.71,64.66,75.05,-2.0,6.16,owg2026,3S+2T,10.0,1.0,,5.67,-0.49,,1,,2526,-1.0,-1.0,2.0,-1.0,-2.0,-1.0,-2.0,-1.0,-1.0,0,men,individual
22,Naumov Maxim,USA,11,137.71,64.66,75.05,-2.0,3.3,owg2026,StSq3,11.0,0.0,,4.24,0.94,,1,,2526,3.0,3.0,3.0,2.0,3.0,3.0,2.0,3.0,3.0,0,men,individual
22,Naumov Maxim,USA,11,137.71,64.66,75.05,-2.0,3.5,owg2026,CCoSp4,12.0,0.0,,4.4,0.9,,1,,2526,2.0,3.0,3.0,2.0,3.0,3.0,1.0,2.0,3.0,0,men,individual
22,Naumov Maxim,USA,11,137.71,64.66,75.05,-2.0,,owg2026,,,,3.33,7.43,,,0,Composition,2526,7.5,7.0,7.25,7.5,8.25,7.5,7.0,7.25,8.0,0,men,individual
22,Naumov Maxim,USA,11,137.71,64.66,75.05,-2.0,,owg2026,,,,3.33,7.43,,,0,Presentation,2526,7.75,7.0,7.25,7.5,8.0,7.5,7.25,7.25,7.5,0,men,individual
22,Naumov Maxim,USA,11,137.71,64.66,75.05,-2.0,,owg2026,,,,3.33,7.68,,,0,Skating Skills,2526,7.75,7.5,7.5,7.75,8.0,7.75,7.5,7.75,7.75,0,men,individual
23,Marsak Kyrylo,UKR,14,137.28,64.92,73.36,-1.0,2.1,owg2026,2Lz,1.0,0.0,,1.95,-0.15,,1,,2526,-1.0,0.0,0.0,0.0,-1.0,-1.0,-1.0,-1.0,-1.0,0,men,individual
23,Marsak Kyrylo,UKR,14,137.28,64.92,73.36,-1.0,9.7,owg2026,4S,2.0,0.0,,4.85,-4.85,F,1,,2526,-5.0,-5.0,-5.0,-5.0,-5.0,-5.0,-5.0,-5.0,-5.0,0,men,individual
23,Marsak Kyrylo,UKR,14,137.28,64.92,73.36,-1.0,14.6,owg2026,3A+2A+2A+SEQ,3.0,0.0,,16.77,2.17,,1,,2526,3.0,2.0,2.0,3.0,3.0,3.0,3.0,3.0,1.0,0,men,individual
23,Marsak Kyrylo,UKR,14,137.28,64.92,73.36,-1.0,1.1,owg2026,1A,4.0,0.0,,1.1,0.0,,1,,2526,0.0,0.0,0.0,0.0,-1.0,0.0,1.0,0.0,0.0,0,men,individual
23,Marsak Kyrylo,UKR,14,137.28,64.92,73.36,-1.0,2.5,owg2026,FCCoSp2,5.0,0.0,,2.71,0.21,,1,,2526,1.0,2.0,1.0,1.0,1.0,1.0,0.0,1.0,0.0,0,men,individual
23,Marsak Kyrylo,UKR,14,137.28,64.92,73.36,-1.0,7.92,owg2026,3Lz+2T,6.0,1.0,,8.59,0.67,,1,,2526,2.0,1.0,1.0,2.0,1.0,1.0,1.0,1.0,1.0,0,men,individual
23,Marsak Kyrylo,UKR,14,137.28,64.92,73.36,-1.0,5.39,owg2026,3Lo,7.0,1.0,,6.37,0.98,,1,,2526,2.0,2.0,2.0,2.0,2.0,3.0,2.0,2.0,2.0,0,men,individual
23,Marsak Kyrylo,UKR,14,137.28,64.92,73.36,-1.0,3.0,owg2026,ChSq1,8.0,0.0,,3.79,0.79,,1,,2526,2.0,2.0,0.0,1.0,2.0,2.0,2.0,1.0,1.0,0,men,individual
23,Marsak Kyrylo,UKR,14,137.28,64.92,73.36,-1.0,7.26,owg2026,3F+2T,9.0,1.0,,7.87,0.61,,1,,2526,1.0,1.0,1.0,1.0,0.0,1.0,2.0,2.0,1.0,0,men,individual
23,Marsak Kyrylo,UKR,14,137.28,64.92,73.36,-1.0,3.3,owg2026,StSq3,10.0,0.0,,3.72,0.42,,1,,2526,1.0,2.0,2.0,1.0,1.0,1.0,2.0,1.0,0.0,0,men,individual
23,Marsak Kyrylo,UKR,14,137.28,64.92,73.36,-1.0,3.0,owg2026,FSSp4,11.0,0.0,,3.56,0.56,,1,,2526,2.0,2.0,0.0,1.0,2.0,2.0,2.0,2.0,2.0,0,men,individual
23,Marsak Kyrylo,UKR,14,137.28,64.92,73.36,-1.0,3.0,owg2026,CCoSp3,12.0,0.0,,3.64,0.64,,1,,2526,2.0,2.0,2.0,2.0,2.0,2.0,3.0,3.0,2.0,0,men,individual
23,Marsak Kyrylo,UKR,14,137.28,64.92,73.36,-1.0,,owg2026,,,,3.33,7.36,,,0,Composition,2526,7.25,7.0,6.75,7.5,7.5,7.5,7.5,7.25,7.5,0,men,individual
23,Marsak Kyrylo,UKR,14,137.28,64.92,73.36,-1.0,,owg2026,,,,3.33,7.21,,,0,Presentation,2526,7.25,6.5,7.25,7.25,7.25,7.25,7.5,7.0,7.25,0,men,individual
23,Marsak Kyrylo,UKR,14,137.28,64.92,73.36,-1.0,,owg2026,,,,3.33,7.46,,,0,Skating Skills,2526,7.5,7.0,7.25,7.75,7.5,8.0,7.75,7.0,7.5,0,men,individual
24,Hagara Adam,SVK,5,122.08,61.91,62.17,-2.0,9.5,owg2026,4T,1.0,0.0,,4.75,-4.75,F,1,,2526,-5.0,-5.0,-5.0,-5.0,-5.0,-5.0,-5.0,-5.0,-5.0,0,men,individual
24,Hagara Adam,SVK,5,122.08,61.91,62.17,-2.0,9.3,owg2026,3Aq+2T,2.0,0.0,,7.7,-1.6,q,1,,2526,-2.0,-2.0,-2.0,-2.0,-2.0,-2.0,-2.0,-1.0,-2.0,0,men,individual
24,Hagara Adam,SVK,5,122.08,61.91,62.17,-2.0,8.0,owg2026,3A,3.0,0.0,,4.0,-4.0,F,1,,2526,-5.0,-5.0,-5.0,-5.0,-5.0,-5.0,-5.0,-5.0,-5.0,0,men,individual
24,Hagara Adam,SVK,5,122.08,61.91,62.17,-2.0,9.5,owg2026,3F!+3Tq,4.0,0.0,,7.99,-1.51,"!,q",1,,2526,-3.0,-3.0,-3.0,-3.0,-3.0,-2.0,-3.0,-2.0,-3.0,0,men,individual
24,Hagara Adam,SVK,5,122.08,61.91,62.17,-2.0,3.0,owg2026,CCoSp3,5.0,0.0,,3.04,0.04,,1,,2526,0.0,0.0,1.0,0.0,0.0,-1.0,0.0,1.0,0.0,0,men,individual
24,Hagara Adam,SVK,5,122.08,61.91,62.17,-2.0,3.3,owg2026,StSq3,6.0,0.0,,3.44,0.14,,1,,2526,0.0,1.0,1.0,0.0,0.0,0.0,1.0,1.0,0.0,0,men,individual
24,Hagara Adam,SVK,5,122.08,61.91,62.17,-2.0,13.75,owg2026,3Lz+2A+2A+SEQ,7.0,1.0,,14.68,0.93,,1,,2526,1.0,2.0,2.0,2.0,1.0,2.0,1.0,2.0,1.0,0,men,individual
24,Hagara Adam,SVK,5,122.08,61.91,62.17,-2.0,5.83,owg2026,3F!,8.0,1.0,,5.6,-0.23,!,1,,2526,0.0,-1.0,-1.0,0.0,0.0,0.0,-2.0,0.0,-1.0,0,men,individual
24,Hagara Adam,SVK,5,122.08,61.91,62.17,-2.0,1.87,owg2026,2Lo,9.0,1.0,,1.85,-0.02,,1,,2526,-1.0,0.0,0.0,-1.0,0.0,0.0,0.0,0.0,0.0,0,men,individual
24,Hagara Adam,SVK,5,122.08,61.91,62.17,-2.0,3.0,owg2026,FCCoSp3,10.0,0.0,,2.57,-0.43,,1,,2526,-1.0,-1.0,0.0,-2.0,-2.0,-2.0,-2.0,-2.0,0.0,0,men,individual
24,Hagara Adam,SVK,5,122.08,61.91,62.17,-2.0,3.0,owg2026,ChSq1,11.0,0.0,,3.29,0.29,,1,,2526,-1.0,1.0,1.0,1.0,0.0,0.0,1.0,0.0,1.0,0,men,individual
24,Hagara Adam,SVK,5,122.08,61.91,62.17,-2.0,3.0,owg2026,CSSp4,12.0,0.0,,3.0,0.0,,1,,2526,0.0,1.0,1.0,-1.0,-1.0,-2.0,0.0,0.0,1.0,0,men,individual
24,Hagara Adam,SVK,5,122.08,61.91,62.17,-2.0,,owg2026,,,,3.33,6.46,,,0,Composition,2526,6.0,5.75,6.5,6.25,6.5,6.75,7.25,6.5,6.75,0,men,individual
24,Hagara Adam,SVK,5,122.08,61.91,62.17,-2.0,,owg2026,,,,3.33,5.96,,,0,Presentation,2526,5.75,5.5,6.25,6.0,5.75,5.75,6.5,5.75,6.5,0,men,individual
24,Hagara Adam,SVK,5,122.08,61.91,62.17,-2.0,,owg2026,,,,3.33,6.25,,,0,Skating Skills,2526,6.25,6.0,6.25,6.25,6.25,6.25,6.75,6.0,6.5,0,men,individual
1,Liu Alysa,USA,22,150.2,77.74,72.46,0.0,5.3,owg2026,3F!,1.0,0.0,,6.21,0.91,!,1,,2526,1.0,2.0,1.0,1.0,2.0,3.0,2.0,2.0,2.0,0,women,individual
1,Liu Alysa,USA,22,150.2,77.74,72.46,0.0,10.1,owg2026,3Lz+3T,2.0,0.0,,11.53,1.43,,1,,2526,2.0,2.0,2.0,2.0,2.0,3.0,3.0,3.0,3.0,0,women,individual
1,Liu Alysa,USA,22,150.2,77.74,72.46,0.0,4.3,owg2026,3S,3.0,0.0,,5.59,1.29,,1,,2526,3.0,3.0,3.0,3.0,3.0,3.0,3.0,3.0,3.0,0,women,individual
1,Liu Alysa,USA,22,150.2,77.74,72.46,0.0,3.5,owg2026,CCoSp4,4.0,0.0,,4.75,1.25,,1,,2526,4.0,4.0,3.0,5.0,3.0,3.0,3.0,4.0,4.0,0,women,individual
1,Liu Alysa,USA,22,150.2,77.74,72.46,0.0,4.9,owg2026,3Lo,5.0,0.0,,6.37,1.47,,1,,2526,3.0,3.0,3.0,3.0,2.0,3.0,4.0,3.0,3.0,0,women,individual
1,Liu Alysa,USA,22,150.2,77.74,72.46,0.0,2.8,owg2026,FCSp3,6.0,0.0,,3.6,0.8,,1,,2526,4.0,4.0,1.0,2.0,2.0,3.0,3.0,4.0,2.0,0,women,individual
1,Liu Alysa,USA,22,150.2,77.74,72.46,0.0,11.55,owg2026,3Lz+2A+2T+SEQ,7.0,1.0,,12.98,1.43,,1,,2526,3.0,3.0,2.0,2.0,2.0,3.0,2.0,2.0,3.0,0,women,individual
1,Liu Alysa,USA,22,150.2,77.74,72.46,0.0,7.26,owg2026,3F!+2T,8.0,1.0,,7.87,0.61,!,1,,2526,1.0,1.0,1.0,0.0,1.0,2.0,1.0,1.0,2.0,0,women,individual
1,Liu Alysa,USA,22,150.2,77.74,72.46,0.0,3.63,owg2026,2A,9.0,1.0,,4.53,0.9,,1,,2526,3.0,3.0,2.0,2.0,3.0,3.0,3.0,3.0,2.0,0,women,individual
1,Liu Alysa,USA,22,150.2,77.74,72.46,0.0,3.9,owg2026,StSq4,10.0,0.0,,5.4,1.5,,1,,2526,3.0,4.0,3.0,4.0,4.0,5.0,4.0,4.0,4.0,0,women,individual
1,Liu Alysa,USA,22,150.2,77.74,72.46,0.0,3.0,owg2026,ChSq1,11.0,0.0,,4.86,1.86,,1,,2526,4.0,4.0,3.0,3.0,4.0,3.0,4.0,4.0,4.0,0,women,individual
1,Liu Alysa,USA,22,150.2,77.74,72.46,0.0,2.7,owg2026,LSp4,12.0,0.0,,4.05,1.35,,1,,2526,5.0,5.0,4.0,5.0,5.0,5.0,5.0,5.0,5.0,0,women,individual
1,Liu Alysa,USA,22,150.2,77.74,72.46,0.0,,owg2026,,,,2.67,8.96,,,0,Composition,2526,8.75,9.5,8.5,9.0,8.75,9.25,8.75,9.25,9.0,0,women,individual
1,Liu Alysa,USA,22,150.2,77.74,72.46,0.0,,owg2026,,,,2.67,9.32,,,0,Presentation,2526,9.25,9.5,8.75,9.5,9.0,9.5,9.25,9.5,9.25,0,women,individual
1,Liu Alysa,USA,22,150.2,77.74,72.46,0.0,,owg2026,,,,2.67,8.86,,,0,Skating Skills,2526,8.75,9.25,8.75,9.0,8.75,8.75,8.75,9.25,8.75,0,women,individual
2,Sakamoto Kaori,JPN,23,147.67,72.83,74.84,0.0,3.3,owg2026,2A,1.0,0.0,,4.9,1.6,,1,,2526,4.0,4.0,5.0,5.0,5.0,5.0,5.0,5.0,5.0,0,women,individual
2,Sakamoto Kaori,JPN,23,147.67,72.83,74.84,0.0,5.3,owg2026,3F,2.0,0.0,,6.97,1.67,,1,,2526,4.0,3.0,3.0,3.0,3.0,3.0,3.0,4.0,3.0,0,women,individual
2,Sakamoto Kaori,JPN,23,147.67,72.83,74.84,0.0,7.2,owg2026,3Lz+2T,3.0,0.0,,8.97,1.77,,1,,2526,3.0,3.0,2.0,3.0,3.0,3.0,3.0,3.0,3.0,0,women,individual
2,Sakamoto Kaori,JPN,23,147.67,72.83,74.84,0.0,3.0,owg2026,FSSp4,4.0,0.0,,3.99,0.99,,1,,2526,4.0,3.0,3.0,3.0,3.0,3.0,3.0,4.0,4.0,0,women,individual
2,Sakamoto Kaori,JPN,23,147.67,72.83,74.84,0.0,3.9,owg2026,StSq4,5.0,0.0,,5.63,1.73,,1,,2526,5.0,4.0,4.0,5.0,4.0,5.0,4.0,5.0,4.0,0,women,individual
2,Sakamoto Kaori,JPN,23,147.67,72.83,74.84,0.0,4.3,owg2026,3S,6.0,0.0,,6.02,1.72,,1,,2526,4.0,4.0,4.0,4.0,4.0,4.0,4.0,4.0,4.0,0,women,individual
2,Sakamoto Kaori,JPN,23,147.67,72.83,74.84,0.0,4.08,owg2026,3F+REP,7.0,1.0,,4.16,0.08,,1,,2526,1.0,0.0,-1.0,1.0,-1.0,-1.0,0.0,1.0,2.0,0,women,individual
2,Sakamoto Kaori,JPN,23,147.67,72.83,74.84,0.0,9.68,owg2026,2A+3T+2T,8.0,1.0,,11.06,1.38,,1,,2526,3.0,3.0,3.0,3.0,3.0,4.0,3.0,4.0,4.0,0,women,individual
2,Sakamoto Kaori,JPN,23,147.67,72.83,74.84,0.0,3.0,owg2026,ChSq1,9.0,0.0,,5.0,2.0,,1,,2526,4.0,4.0,4.0,5.0,4.0,4.0,4.0,4.0,4.0,0,women,individual
2,Sakamoto Kaori,JPN,23,147.67,72.83,74.84,0.0,5.39,owg2026,3Lo,10.0,1.0,,6.93,1.54,,1,,2526,3.0,4.0,2.0,2.0,3.0,4.0,3.0,4.0,3.0,0,women,individual
2,Sakamoto Kaori,JPN,23,147.67,72.83,74.84,0.0,3.5,owg2026,CCoSp4,11.0,0.0,,4.55,1.05,,1,,2526,3.0,4.0,3.0,3.0,3.0,2.0,2.0,3.0,4.0,0,women,individual
2,Sakamoto Kaori,JPN,23,147.67,72.83,74.84,0.0,3.5,owg2026,FCCoSp4,12.0,0.0,,4.65,1.15,,1,,2526,4.0,3.0,3.0,2.0,3.0,4.0,2.0,4.0,4.0,0,women,individual
2,Sakamoto Kaori,JPN,23,147.67,72.83,74.84,0.0,,owg2026,,,,2.67,9.21,,,0,Composition,2526,9.25,9.75,9.0,9.5,9.0,9.0,9.0,9.5,9.25,0,women,individual
2,Sakamoto Kaori,JPN,23,147.67,72.83,74.84,0.0,,owg2026,,,,2.67,9.43,,,0,Presentation,2526,9.5,9.75,8.75,9.5,9.25,9.25,9.25,9.75,9.5,0,women,individual
2,Sakamoto Kaori,JPN,23,147.67,72.83,74.84,0.0,,owg2026,,,,2.67,9.39,,,0,Skating Skills,2526,9.5,9.5,9.25,9.75,9.25,9.25,9.5,9.5,9.25,0,women,individual
3,Glenn Amber,USA,12,147.52,78.87,68.65,0.0,8.0,owg2026,3A,1.0,0.0,,10.4,2.4,,1,,2526,3.0,3.0,2.0,3.0,3.0,3.0,3.0,3.0,3.0,0,women,individual
3,Glenn Amber,USA,12,147.52,78.87,68.65,0.0,9.5,owg2026,3F+3T,2.0,0.0,,10.94,1.44,,1,,2526,3.0,2.0,2.0,2.0,3.0,3.0,3.0,3.0,3.0,0,women,individual
3,Glenn Amber,USA,12,147.52,78.87,68.65,0.0,7.2,owg2026,3Lz+2T,3.0,0.0,,8.13,0.93,,1,,2526,2.0,1.0,1.0,1.0,1.0,2.0,2.0,2.0,2.0,0,women,individual
3,Glenn Amber,USA,12,147.52,78.87,68.65,0.0,4.3,owg2026,3S,4.0,0.0,,5.16,0.86,,1,,2526,3.0,2.0,2.0,1.0,2.0,2.0,2.0,2.0,2.0,0,women,individual
3,Glenn Amber,USA,12,147.52,78.87,68.65,0.0,3.0,owg2026,FSSp4,5.0,0.0,,3.77,0.77,,1,,2526,3.0,2.0,3.0,1.0,3.0,2.0,2.0,3.0,3.0,0,women,individual
3,Glenn Amber,USA,12,147.52,78.87,68.65,0.0,12.65,owg2026,3Lo+2A+2A+SEQ,6.0,1.0,,13.98,1.33,,1,,2526,3.0,3.0,2.0,2.0,2.0,4.0,3.0,3.0,3.0,0,women,individual
3,Glenn Amber,USA,12,147.52,78.87,68.65,0.0,5.83,owg2026,3F,7.0,1.0,,6.97,1.14,,1,,2526,3.0,2.0,2.0,2.0,2.0,2.0,2.0,2.0,3.0,0,women,individual
3,Glenn Amber,USA,12,147.52,78.87,68.65,0.0,3.5,owg2026,CCoSp4,8.0,0.0,,4.55,1.05,,1,,2526,3.0,3.0,2.0,3.0,3.0,3.0,3.0,3.0,3.0,0,women,individual
3,Glenn Amber,USA,12,147.52,78.87,68.65,0.0,5.39,owg2026,3Lo,9.0,1.0,,3.85,-1.54,,1,,2526,-4.0,-4.0,-3.0,-3.0,-4.0,-5.0,-2.0,-2.0,0.0,0,women,individual
3,Glenn Amber,USA,12,147.52,78.87,68.65,0.0,2.6,owg2026,StSq2,10.0,0.0,,3.23,0.63,,1,,2526,3.0,2.0,2.0,1.0,3.0,2.0,2.0,3.0,3.0,0,women,individual
3,Glenn Amber,USA,12,147.52,78.87,68.65,0.0,3.0,owg2026,ChSq1,11.0,0.0,,4.5,1.5,,1,,2526,3.0,2.0,3.0,3.0,3.0,3.0,4.0,3.0,3.0,0,women,individual
3,Glenn Amber,USA,12,147.52,78.87,68.65,0.0,2.7,owg2026,LSp4,12.0,0.0,,3.39,0.69,,1,,2526,3.0,2.0,3.0,2.0,2.0,2.0,3.0,3.0,3.0,0,women,individual
3,Glenn Amber,USA,12,147.52,78.87,68.65,0.0,,owg2026,,,,2.67,8.43,,,0,Composition,2526,8.25,8.75,8.0,8.5,8.5,7.75,8.5,8.5,8.75,0,women,individual
3,Glenn Amber,USA,12,147.52,78.87,68.65,0.0,,owg2026,,,,2.67,8.64,,,0,Presentation,2526,8.75,8.5,8.5,8.25,9.0,8.5,8.75,8.75,8.75,0,women,individual
3,Glenn Amber,USA,12,147.52,78.87,68.65,0.0,,owg2026,,,,2.67,8.64,,,0,Skating Skills,2526,8.5,8.75,8.25,8.5,8.75,8.75,8.5,8.75,9.0,0,women,individual
4,Chiba Mone,JPN,21,143.88,74.46,69.42,0.0,9.5,owg2026,3F+3Tq,1.0,0.0,,9.05,-0.45,q,1,,2526,-1.0,0.0,-2.0,-2.0,-1.0,-1.0,0.0,0.0,-1.0,0,women,individual
4,Chiba Mone,JPN,21,143.88,74.46,69.42,0.0,4.9,owg2026,3Lo,2.0,0.0,,6.09,1.19,,1,,2526,3.0,2.0,2.0,2.0,2.0,3.0,3.0,3.0,2.0,0,women,individual
4,Chiba Mone,JPN,21,143.88,74.46,69.42,0.0,4.3,owg2026,3S,3.0,0.0,,5.53,1.23,,1,,2526,3.0,3.0,3.0,2.0,2.0,3.0,3.0,3.0,3.0,0,women,individual
4,Chiba Mone,JPN,21,143.88,74.46,69.42,0.0,3.3,owg2026,2A,4.0,0.0,,4.24,0.94,,1,,2526,3.0,3.0,3.0,2.0,3.0,3.0,3.0,2.0,3.0,0,women,individual
4,Chiba Mone,JPN,21,143.88,74.46,69.42,0.0,3.5,owg2026,FCCoSp4,5.0,0.0,,4.4,0.9,,1,,2526,4.0,3.0,0.0,2.0,2.0,3.0,2.0,3.0,3.0,0,women,individual
4,Chiba Mone,JPN,21,143.88,74.46,69.42,0.0,10.12,owg2026,3Lz+2A+SEQ,6.0,1.0,,11.64,1.52,,1,,2526,2.0,3.0,3.0,1.0,2.0,2.0,3.0,3.0,3.0,0,women,individual
4,Chiba Mone,JPN,21,143.88,74.46,69.42,0.0,9.79,owg2026,3Lzq+2T+2Loq,7.0,1.0,,7.77,-2.02,"q,q",1,,2526,-3.0,-3.0,-4.0,-4.0,-2.0,-4.0,-3.0,-4.0,-3.0,0,women,individual
4,Chiba Mone,JPN,21,143.88,74.46,69.42,0.0,5.83,owg2026,3F,8.0,1.0,,7.04,1.21,,1,,2526,3.0,3.0,2.0,1.0,2.0,3.0,2.0,2.0,2.0,0,women,individual
4,Chiba Mone,JPN,21,143.88,74.46,69.42,0.0,3.5,owg2026,CCoSp4,9.0,0.0,,4.55,1.05,,1,,2526,3.0,3.0,3.0,2.0,3.0,3.0,3.0,3.0,3.0,0,women,individual
4,Chiba Mone,JPN,21,143.88,74.46,69.42,0.0,3.9,owg2026,StSq4,10.0,0.0,,5.4,1.5,,1,,2526,4.0,3.0,4.0,3.0,4.0,4.0,4.0,4.0,4.0,0,women,individual
4,Chiba Mone,JPN,21,143.88,74.46,69.42,0.0,3.0,owg2026,ChSq1,11.0,0.0,,4.93,1.93,,1,,2526,5.0,4.0,4.0,3.0,3.0,4.0,4.0,4.0,4.0,0,women,individual
4,Chiba Mone,JPN,21,143.88,74.46,69.42,0.0,2.7,owg2026,LSp4,12.0,0.0,,3.82,1.12,,1,,2526,4.0,4.0,5.0,5.0,4.0,3.0,4.0,4.0,4.0,0,women,individual
4,Chiba Mone,JPN,21,143.88,74.46,69.42,0.0,,owg2026,,,,2.67,8.54,,,0,Composition,2526,8.5,8.5,8.5,8.5,8.75,8.0,8.5,8.5,8.75,0,women,individual
4,Chiba Mone,JPN,21,143.88,74.46,69.42,0.0,,owg2026,,,,2.67,8.64,,,0,Presentation,2526,8.75,8.75,8.25,8.25,8.75,8.5,9.0,8.75,8.75,0,women,individual
4,Chiba Mone,JPN,21,143.88,74.46,69.42,0.0,,owg2026,,,,2.67,8.82,,,0,Skating Skills,2526,9.0,9.0,9.0,8.5,8.5,8.75,8.75,8.75,9.0,0,women,individual
5,Petrosian Adeliia,AIN,20,141.64,76.93,65.71,-1.0,7.2,owg2026,3Lz!+2T,2.0,0.0,,7.62,0.42,!,1,,2526,1.0,1.0,1.0,1.0,0.0,0.0,1.0,-1.0,2.0,0,women,individual
5,Petrosian Adeliia,AIN,20,141.64,76.93,65.71,-1.0,4.3,owg2026,3S,3.0,0.0,,5.22,0.92,,1,,2526,2.0,3.0,3.0,2.0,2.0,2.0,2.0,2.0,2.0,0,women,individual
5,Petrosian Adeliia,AIN,20,141.64,76.93,65.71,-1.0,4.9,owg2026,3Lo,4.0,0.0,,6.02,1.12,,1,,2526,2.0,3.0,3.0,2.0,1.0,2.0,3.0,2.0,2.0,0,women,individual
5,Petrosian Adeliia,AIN,20,141.64,76.93,65.71,-1.0,3.2,owg2026,FCSp4,5.0,0.0,,4.34,1.14,,1,,2526,4.0,3.0,4.0,5.0,3.0,4.0,4.0,3.0,3.0,0,women,individual
5,Petrosian Adeliia,AIN,20,141.64,76.93,65.71,-1.0,13.75,owg2026,3Lz!+2A+2A+SEQ,6.0,1.0,,14.26,0.51,!,1,,2526,0.0,1.0,1.0,1.0,1.0,1.0,1.0,-1.0,2.0,0,women,individual
5,Petrosian Adeliia,AIN,20,141.64,76.93,65.71,-1.0,10.45,owg2026,3F+3T,7.0,1.0,,11.51,1.06,,1,,2526,2.0,2.0,3.0,2.0,1.0,3.0,1.0,2.0,2.0,0,women,individual
5,Petrosian Adeliia,AIN,20,141.64,76.93,65.71,-1.0,5.83,owg2026,3F,8.0,1.0,,6.74,0.91,,1,,2526,1.0,2.0,2.0,2.0,0.0,2.0,2.0,1.0,2.0,0,women,individual
5,Petrosian Adeliia,AIN,20,141.64,76.93,65.71,-1.0,2.7,owg2026,LSp4,9.0,0.0,,3.36,0.66,,1,,2526,3.0,2.0,3.0,3.0,1.0,1.0,3.0,3.0,2.0,0,women,individual
5,Petrosian Adeliia,AIN,20,141.64,76.93,65.71,-1.0,3.9,owg2026,StSq4,10.0,0.0,,4.96,1.06,,1,,2526,3.0,3.0,3.0,2.0,2.0,2.0,3.0,4.0,3.0,0,women,individual
5,Petrosian Adeliia,AIN,20,141.64,76.93,65.71,-1.0,3.0,owg2026,ChSq1,11.0,0.0,,4.5,1.5,,1,,2526,4.0,3.0,3.0,3.0,3.0,3.0,3.0,3.0,3.0,0,women,individual
5,Petrosian Adeliia,AIN,20,141.64,76.93,65.71,-1.0,3.5,owg2026,CCoSp4,12.0,0.0,,4.6,1.1,,1,,2526,3.0,3.0,4.0,4.0,3.0,3.0,3.0,3.0,3.0,0,women,individual
5,Petrosian Adeliia,AIN,20,141.64,76.93,65.71,-1.0,,owg2026,,,,2.67,8.18,,,0,Composition,2526,8.5,7.75,8.5,8.25,8.25,7.25,8.0,8.25,8.25,0,women,individual
5,Petrosian Adeliia,AIN,20,141.64,76.93,65.71,-1.0,,owg2026,,,,2.67,8.36,,,0,Presentation,2526,8.5,8.75,8.75,8.0,8.0,8.0,8.25,8.5,8.5,0,women,individual
5,Petrosian Adeliia,AIN,20,141.64,76.93,65.71,-1.0,,owg2026,,,,2.67,8.07,,,0,Skating Skills,2526,8.0,8.5,8.5,8.0,7.75,7.75,8.0,8.0,8.25,0,women,individual
6,Petrokina Niina,EST,15,141.19,74.82,66.37,0.0,7.5,owg2026,2A+3T,1.0,0.0,,8.52,1.02,,1,,2526,2.0,2.0,2.0,2.0,1.0,3.0,3.0,3.0,3.0,0,women,individual
6,Petrokina Niina,EST,15,141.19,74.82,66.37,0.0,5.9,owg2026,3Lz,2.0,0.0,,7.25,1.35,,1,,2526,2.0,2.0,3.0,2.0,1.0,3.0,2.0,3.0,2.0,0,women,individual
6,Petrokina Niina,EST,15,141.19,74.82,66.37,0.0,4.9,owg2026,3Lo,3.0,0.0,,5.81,0.91,,1,,2526,2.0,3.0,2.0,1.0,1.0,2.0,2.0,2.0,2.0,0,women,individual
6,Petrokina Niina,EST,15,141.19,74.82,66.37,0.0,5.3,owg2026,3F,4.0,0.0,,6.28,0.98,,1,,2526,2.0,3.0,2.0,1.0,0.0,2.0,2.0,2.0,2.0,0,women,individual
6,Petrokina Niina,EST,15,141.19,74.82,66.37,0.0,3.5,owg2026,FCCoSp4,5.0,0.0,,4.35,0.85,,1,,2526,3.0,2.0,2.0,2.0,2.0,3.0,1.0,3.0,3.0,0,women,individual
6,Petrokina Niina,EST,15,141.19,74.82,66.37,0.0,11.55,owg2026,3Lz+2A+2T+SEQ,6.0,1.0,,12.06,0.51,,1,,2526,1.0,1.0,0.0,1.0,0.0,1.0,1.0,1.0,1.0,0,women,individual
6,Petrokina Niina,EST,15,141.19,74.82,66.37,0.0,7.26,owg2026,3F+2T,7.0,1.0,,8.09,0.83,,1,,2526,1.0,1.0,2.0,1.0,1.0,2.0,2.0,2.0,2.0,0,women,individual
6,Petrokina Niina,EST,15,141.19,74.82,66.37,0.0,3.9,owg2026,StSq4,8.0,0.0,,5.01,1.11,,1,,2526,3.0,3.0,3.0,2.0,2.0,3.0,3.0,3.0,3.0,0,women,individual
6,Petrokina Niina,EST,15,141.19,74.82,66.37,0.0,4.73,owg2026,3S,9.0,1.0,,5.41,0.68,,1,,2526,1.0,2.0,2.0,0.0,1.0,2.0,1.0,2.0,2.0,0,women,individual
6,Petrokina Niina,EST,15,141.19,74.82,66.37,0.0,3.5,owg2026,CCoSp4,10.0,0.0,,4.25,0.75,,1,,2526,1.0,3.0,2.0,1.0,2.0,2.0,3.0,3.0,2.0,0,women,individual
6,Petrokina Niina,EST,15,141.19,74.82,66.37,0.0,3.0,owg2026,ChSq1,11.0,0.0,,4.43,1.43,,1,,2526,3.0,3.0,3.0,2.0,2.0,3.0,4.0,3.0,3.0,0,women,individual
6,Petrokina Niina,EST,15,141.19,74.82,66.37,0.0,2.7,owg2026,LSp4,12.0,0.0,,3.36,0.66,,1,,2526,3.0,2.0,3.0,2.0,2.0,1.0,3.0,3.0,2.0,0,women,individual
6,Petrokina Niina,EST,15,141.19,74.82,66.37,0.0,,owg2026,,,,2.67,8.36,,,0,Composition,2526,8.25,8.25,8.5,8.0,8.25,8.25,8.5,8.5,8.75,0,women,individual
6,Petrokina Niina,EST,15,141.19,74.82,66.37,0.0,,owg2026,,,,2.67,8.36,,,0,Presentation,2526,8.5,8.5,8.25,8.25,8.0,8.0,8.5,8.5,8.5,0,women,individual
6,Petrokina Niina,EST,15,141.19,74.82,66.37,0.0,,owg2026,,,,2.67,8.14,,,0,Skating Skills,2526,8.25,8.0,7.75,8.25,8.0,8.25,8.25,8.0,8.25,0,women,individual
7,Shin Jia,KOR,11,141.02,75.05,65.97,0.0,3.3,owg2026,2A,1.0,0.0,,4.34,1.04,,1,,2526,3.0,3.0,3.0,3.0,2.0,4.0,4.0,3.0,3.0,0,women,individual
7,Shin Jia,KOR,11,141.02,75.05,65.97,0.0,10.1,owg2026,3Lz+3T,2.0,0.0,,11.87,1.77,,1,,2526,3.0,3.0,3.0,3.0,3.0,3.0,2.0,3.0,3.0,0,women,individual
7,Shin Jia,KOR,11,141.02,75.05,65.97,0.0,4.3,owg2026,3S,3.0,0.0,,5.34,1.04,,1,,2526,3.0,2.0,2.0,3.0,2.0,3.0,3.0,2.0,2.0,0,women,individual
7,Shin Jia,KOR,11,141.02,75.05,65.97,0.0,4.9,owg2026,3Lo,4.0,0.0,,3.36,-1.54,,1,,2526,-3.0,-4.0,-3.0,-2.0,-3.0,-4.0,-3.0,-3.0,-3.0,0,women,individual
7,Shin Jia,KOR,11,141.02,75.05,65.97,0.0,3.0,owg2026,CCoSp3,5.0,0.0,,3.94,0.94,,1,,2526,3.0,3.0,3.0,3.0,3.0,3.0,4.0,4.0,2.0,0,women,individual
7,Shin Jia,KOR,11,141.02,75.05,65.97,0.0,9.13,owg2026,3F+2T+2Lo,6.0,1.0,,10.19,1.06,,1,,2526,2.0,2.0,2.0,1.0,2.0,3.0,2.0,2.0,2.0,0,women,individual
7,Shin Jia,KOR,11,141.02,75.05,65.97,0.0,9.46,owg2026,3F+2A+SEQ,7.0,1.0,,11.05,1.59,,1,,2526,3.0,3.0,3.0,2.0,3.0,3.0,3.0,3.0,3.0,0,women,individual
7,Shin Jia,KOR,11,141.02,75.05,65.97,0.0,6.49,owg2026,3Lz,8.0,1.0,,7.92,1.43,,1,,2526,2.0,3.0,2.0,2.0,3.0,3.0,2.0,2.0,3.0,0,women,individual
7,Shin Jia,KOR,11,141.02,75.05,65.97,0.0,2.3,owg2026,FCSp2,9.0,0.0,,2.6,0.3,,1,,2526,1.0,1.0,2.0,0.0,1.0,1.0,1.0,2.0,2.0,0,women,individual
7,Shin Jia,KOR,11,141.02,75.05,65.97,0.0,3.9,owg2026,StSq4,10.0,0.0,,5.18,1.28,,1,,2526,3.0,3.0,3.0,2.0,3.0,4.0,4.0,4.0,3.0,0,women,individual
7,Shin Jia,KOR,11,141.02,75.05,65.97,0.0,3.0,owg2026,ChSq1,11.0,0.0,,4.71,1.71,,1,,2526,3.0,3.0,4.0,4.0,4.0,3.0,4.0,3.0,3.0,0,women,individual
7,Shin Jia,KOR,11,141.02,75.05,65.97,0.0,3.5,owg2026,FCCoSp4,12.0,0.0,,4.55,1.05,,1,,2526,4.0,2.0,2.0,3.0,3.0,3.0,3.0,4.0,3.0,0,women,individual
7,Shin Jia,KOR,11,141.02,75.05,65.97,0.0,,owg2026,,,,2.67,8.14,,,0,Composition,2526,8.25,8.0,7.75,8.25,8.25,8.0,8.25,8.5,8.0,0,women,individual
7,Shin Jia,KOR,11,141.02,75.05,65.97,0.0,,owg2026,,,,2.67,8.25,,,0,Presentation,2526,8.0,8.75,7.25,8.5,8.5,7.75,8.25,8.25,8.5,0,women,individual
7,Shin Jia,KOR,11,141.02,75.05,65.97,0.0,,owg2026,,,,2.67,8.32,,,0,Skating Skills,2526,8.25,8.5,8.25,8.5,8.5,8.25,8.0,8.25,8.25,0,women,individual
8,Lee Haein,KOR,16,140.49,74.15,66.34,0.0,7.5,owg2026,2A+3T,1.0,0.0,,8.52,1.02,,1,,2526,3.0,3.0,2.0,2.0,2.0,2.0,3.0,3.0,2.0,0,women,individual
8,Lee Haein,KOR,16,140.49,74.15,66.34,0.0,8.9,owg2026,3Lz!+2T+2Lo,2.0,0.0,,9.07,0.17,!,1,,2526,1.0,-1.0,0.0,0.0,1.0,0.0,0.0,0.0,1.0,0,women,individual
8,Lee Haein,KOR,16,140.49,74.15,66.34,0.0,4.3,owg2026,3S,3.0,0.0,,5.22,0.92,,1,,2526,3.0,2.0,2.0,1.0,2.0,3.0,2.0,2.0,2.0,0,women,individual
8,Lee Haein,KOR,16,140.49,74.15,66.34,0.0,4.9,owg2026,3Lo,4.0,0.0,,5.88,0.98,,1,,2526,2.0,3.0,2.0,2.0,2.0,2.0,2.0,2.0,2.0,0,women,individual
8,Lee Haein,KOR,16,140.49,74.15,66.34,0.0,3.2,owg2026,FCSp4,5.0,0.0,,4.16,0.96,,1,,2526,3.0,3.0,2.0,3.0,3.0,3.0,3.0,3.0,3.0,0,women,individual
8,Lee Haein,KOR,16,140.49,74.15,66.34,0.0,3.0,owg2026,ChSq1,6.0,0.0,,4.29,1.29,,1,,2526,3.0,3.0,2.0,2.0,3.0,2.0,2.0,3.0,3.0,0,women,individual
8,Lee Haein,KOR,16,140.49,74.15,66.34,0.0,6.49,owg2026,3Lz!,7.0,1.0,,6.91,0.42,!,1,,2526,1.0,0.0,1.0,1.0,1.0,-1.0,0.0,1.0,1.0,0,women,individual
8,Lee Haein,KOR,16,140.49,74.15,66.34,0.0,9.46,owg2026,3F+2A+SEQ,8.0,1.0,,10.6,1.14,,1,,2526,3.0,3.0,2.0,2.0,2.0,2.0,2.0,2.0,2.0,0,women,individual
8,Lee Haein,KOR,16,140.49,74.15,66.34,0.0,5.83,owg2026,3Fq,9.0,1.0,,5.22,-0.61,q,1,,2526,-1.0,-2.0,-2.0,-1.0,0.0,-1.0,-1.0,-1.0,-1.0,0,women,individual
8,Lee Haein,KOR,16,140.49,74.15,66.34,0.0,3.5,owg2026,FCCoSp4,10.0,0.0,,4.4,0.9,,1,,2526,2.0,2.0,3.0,2.0,3.0,3.0,2.0,3.0,3.0,0,women,individual
8,Lee Haein,KOR,16,140.49,74.15,66.34,0.0,3.9,owg2026,StSq4,11.0,0.0,,5.18,1.28,,1,,2526,4.0,3.0,3.0,3.0,4.0,3.0,3.0,3.0,4.0,0,women,individual
8,Lee Haein,KOR,16,140.49,74.15,66.34,0.0,3.5,owg2026,CCoSp4,12.0,0.0,,4.7,1.2,,1,,2526,3.0,4.0,5.0,3.0,3.0,3.0,2.0,4.0,4.0,0,women,individual
8,Lee Haein,KOR,16,140.49,74.15,66.34,0.0,,owg2026,,,,2.67,8.21,,,0,Composition,2526,8.25,8.0,8.25,8.5,8.25,8.0,8.25,8.0,8.75,0,women,individual
8,Lee Haein,KOR,16,140.49,74.15,66.34,0.0,,owg2026,,,,2.67,8.32,,,0,Presentation,2526,8.25,8.5,8.0,8.5,8.5,8.5,8.0,7.75,8.75,0,women,individual
8,Lee Haein,KOR,16,140.49,74.15,66.34,0.0,,owg2026,,,,2.67,8.32,,,0,Skating Skills,2526,8.75,8.25,8.0,8.25,8.5,8.25,8.0,8.5,8.5,0,women,individual
9,Nakai Ami,JPN,24,140.45,72.53,67.92,0.0,8.0,owg2026,3A,1.0,0.0,,9.71,1.71,,1,,2526,2.0,3.0,3.0,2.0,2.0,1.0,2.0,1.0,3.0,0,women,individual
9,Nakai Ami,JPN,24,140.45,72.53,67.92,0.0,6.2,owg2026,3Lo+2T,2.0,0.0,,7.39,1.19,,1,,2526,3.0,3.0,2.0,2.0,2.0,3.0,2.0,3.0,2.0,0,women,individual
9,Nakai Ami,JPN,24,140.45,72.53,67.92,0.0,7.2,owg2026,3Lz+2T,3.0,0.0,,5.35,-1.85,,1,,2526,-3.0,-3.0,-3.0,-4.0,-3.0,-4.0,-3.0,-3.0,-2.0,0,women,individual
9,Nakai Ami,JPN,24,140.45,72.53,67.92,0.0,4.3,owg2026,3S,4.0,0.0,,5.28,0.98,,1,,2526,2.0,2.0,3.0,3.0,2.0,2.0,2.0,2.0,3.0,0,women,individual
9,Nakai Ami,JPN,24,140.45,72.53,67.92,0.0,3.0,owg2026,FSSp4,5.0,0.0,,3.86,0.86,,1,,2526,3.0,2.0,3.0,2.0,3.0,3.0,3.0,3.0,3.0,0,women,individual
9,Nakai Ami,JPN,24,140.45,72.53,67.92,0.0,3.0,owg2026,ChSq1,6.0,0.0,,4.5,1.5,,1,,2526,3.0,2.0,3.0,3.0,3.0,3.0,3.0,3.0,3.0,0,women,individual
9,Nakai Ami,JPN,24,140.45,72.53,67.92,0.0,13.75,owg2026,3Lz+2A+2A+SEQ,7.0,1.0,,15.01,1.26,,1,,2526,2.0,3.0,3.0,2.0,2.0,2.0,2.0,2.0,2.0,0,women,individual
9,Nakai Ami,JPN,24,140.45,72.53,67.92,0.0,5.83,owg2026,3F!q,8.0,1.0,,4.77,-1.06,"!,q",1,,2526,-2.0,-3.0,-2.0,-2.0,-2.0,-1.0,-2.0,-2.0,-2.0,0,women,individual
9,Nakai Ami,JPN,24,140.45,72.53,67.92,0.0,5.39,owg2026,3Loq,9.0,1.0,,5.11,-0.28,q,1,,2526,-1.0,-1.0,-1.0,-1.0,-1.0,1.0,0.0,0.0,0.0,0,women,individual
9,Nakai Ami,JPN,24,140.45,72.53,67.92,0.0,3.9,owg2026,StSq4,10.0,0.0,,5.07,1.17,,1,,2526,3.0,3.0,4.0,3.0,3.0,3.0,3.0,3.0,3.0,0,women,individual
9,Nakai Ami,JPN,24,140.45,72.53,67.92,0.0,2.7,owg2026,LSp4,11.0,0.0,,3.36,0.66,,1,,2526,3.0,2.0,3.0,2.0,2.0,3.0,3.0,2.0,2.0,0,women,individual
9,Nakai Ami,JPN,24,140.45,72.53,67.92,0.0,2.25,owg2026,CCoSp3V,12.0,0.0,,3.12,0.87,,1,,2526,4.0,4.0,4.0,4.0,3.0,3.0,4.0,4.0,4.0,0,women,individual
9,Nakai Ami,JPN,24,140.45,72.53,67.92,0.0,,owg2026,,,,2.67,8.29,,,0,Composition,2526,8.5,8.0,8.25,8.5,8.25,8.0,8.25,8.25,8.5,0,women,individual
9,Nakai Ami,JPN,24,140.45,72.53,67.92,0.0,,owg2026,,,,2.67,8.54,,,0,Presentation,2526,8.5,8.5,8.5,8.75,8.75,8.25,8.5,8.5,8.5,0,women,individual
9,Nakai Ami,JPN,24,140.45,72.53,67.92,0.0,,owg2026,,,,2.67,8.61,,,0,Skating Skills,2526,9.0,8.25,8.75,8.75,8.5,8.75,8.5,8.25,8.75,0,women,individual
10,Samodelkina Sofia,KAZ,13,138.99,73.77,65.22,0.0,3.3,owg2026,2A,1.0,0.0,,4.34,1.04,,1,,2526,3.0,3.0,3.0,4.0,2.0,4.0,3.0,3.0,3.0,0,women,individual
10,Samodelkina Sofia,KAZ,13,138.99,73.77,65.22,0.0,5.3,owg2026,3F,2.0,0.0,,6.74,1.44,,1,,2526,2.0,3.0,2.0,3.0,2.0,3.0,3.0,3.0,3.0,0,women,individual
10,Samodelkina Sofia,KAZ,13,138.99,73.77,65.22,0.0,5.9,owg2026,3Lz,3.0,0.0,,7.16,1.26,,1,,2526,2.0,2.0,3.0,2.0,2.0,3.0,2.0,2.0,2.0,0,women,individual
10,Samodelkina Sofia,KAZ,13,138.99,73.77,65.22,0.0,4.6,owg2026,2A+2T,4.0,0.0,,5.21,0.61,,1,,2526,2.0,2.0,2.0,1.0,1.0,2.0,2.0,2.0,2.0,0,women,individual
10,Samodelkina Sofia,KAZ,13,138.99,73.77,65.22,0.0,3.2,owg2026,FCSp4,5.0,0.0,,3.79,0.59,,1,,2526,2.0,2.0,2.0,1.0,2.0,1.0,2.0,2.0,2.0,0,women,individual
10,Samodelkina Sofia,KAZ,13,138.99,73.77,65.22,0.0,3.3,owg2026,StSq3,6.0,0.0,,3.96,0.66,,1,,2526,2.0,2.0,2.0,1.0,2.0,2.0,2.0,2.0,2.0,0,women,individual
10,Samodelkina Sofia,KAZ,13,138.99,73.77,65.22,0.0,11.77,owg2026,3Lz+1Eu+3S,7.0,1.0,,13.46,1.69,,1,,2526,3.0,3.0,3.0,2.0,2.0,3.0,3.0,3.0,3.0,0,women,individual
10,Samodelkina Sofia,KAZ,13,138.99,73.77,65.22,0.0,10.45,owg2026,3F+3T,8.0,1.0,,11.59,1.14,,1,,2526,2.0,2.0,2.0,2.0,2.0,3.0,2.0,2.0,3.0,0,women,individual
10,Samodelkina Sofia,KAZ,13,138.99,73.77,65.22,0.0,5.39,owg2026,3Lo,9.0,1.0,,6.58,1.19,,1,,2526,3.0,3.0,2.0,1.0,2.0,2.0,3.0,2.0,3.0,0,women,individual
10,Samodelkina Sofia,KAZ,13,138.99,73.77,65.22,0.0,3.0,owg2026,ChSq1,10.0,0.0,,4.57,1.57,,1,,2526,3.0,3.0,4.0,3.0,4.0,3.0,3.0,3.0,3.0,0,women,individual
10,Samodelkina Sofia,KAZ,13,138.99,73.77,65.22,0.0,2.4,owg2026,LSp3,11.0,0.0,,2.81,0.41,,1,,2526,3.0,2.0,3.0,1.0,2.0,-1.0,2.0,2.0,0.0,0,women,individual
10,Samodelkina Sofia,KAZ,13,138.99,73.77,65.22,0.0,3.0,owg2026,CCoSp3,12.0,0.0,,3.56,0.56,,1,,2526,1.0,3.0,2.0,1.0,2.0,2.0,2.0,2.0,2.0,0,women,individual
10,Samodelkina Sofia,KAZ,13,138.99,73.77,65.22,0.0,,owg2026,,,,2.67,8.0,,,0,Composition,2526,7.75,7.75,8.0,8.25,8.25,8.0,8.0,7.5,8.25,0,women,individual
10,Samodelkina Sofia,KAZ,13,138.99,73.77,65.22,0.0,,owg2026,,,,2.67,8.29,,,0,Presentation,2526,8.5,8.25,8.25,8.0,8.5,8.25,8.25,8.0,8.5,0,women,individual
10,Samodelkina Sofia,KAZ,13,138.99,73.77,65.22,0.0,,owg2026,,,,2.67,8.14,,,0,Skating Skills,2526,8.25,8.0,7.75,8.25,8.5,8.25,8.5,7.75,8.0,0,women,individual
11,Gubanova Anastasiia,GEO,19,138.22,71.39,66.83,0.0,9.5,owg2026,3F+3T,1.0,0.0,,11.01,1.51,,1,,2526,2.0,3.0,3.0,3.0,2.0,3.0,3.0,3.0,3.0,0,women,individual
11,Gubanova Anastasiia,GEO,19,138.22,71.39,66.83,0.0,4.9,owg2026,3Lo,2.0,0.0,,6.16,1.26,,1,,2526,3.0,3.0,3.0,3.0,2.0,3.0,2.0,2.0,2.0,0,women,individual
11,Gubanova Anastasiia,GEO,19,138.22,71.39,66.83,0.0,5.9,owg2026,3Lz,3.0,0.0,,4.21,-1.69,,1,,2526,-3.0,-3.0,-3.0,-2.0,-3.0,-4.0,-3.0,-3.0,-2.0,0,women,individual
11,Gubanova Anastasiia,GEO,19,138.22,71.39,66.83,0.0,4.3,owg2026,3S,4.0,0.0,,5.16,0.86,,1,,2526,2.0,2.0,2.0,2.0,2.0,2.0,2.0,1.0,2.0,0,women,individual
11,Gubanova Anastasiia,GEO,19,138.22,71.39,66.83,0.0,3.2,owg2026,FCSp4,5.0,0.0,,4.11,0.91,,1,,2526,3.0,3.0,3.0,3.0,2.0,1.0,3.0,3.0,3.0,0,women,individual
11,Gubanova Anastasiia,GEO,19,138.22,71.39,66.83,0.0,11.55,owg2026,3Lz+2A+2T+SEQ,6.0,1.0,,12.56,1.01,,1,,2526,2.0,1.0,2.0,2.0,1.0,2.0,2.0,2.0,1.0,0,women,individual
11,Gubanova Anastasiia,GEO,19,138.22,71.39,66.83,0.0,7.26,owg2026,3F+2T,7.0,1.0,,8.32,1.06,,1,,2526,2.0,2.0,2.0,2.0,2.0,2.0,2.0,2.0,2.0,0,women,individual
11,Gubanova Anastasiia,GEO,19,138.22,71.39,66.83,0.0,3.63,owg2026,2A,8.0,1.0,,4.1,0.47,,1,,2526,2.0,2.0,2.0,1.0,1.0,1.0,2.0,1.0,1.0,0,women,individual
11,Gubanova Anastasiia,GEO,19,138.22,71.39,66.83,0.0,3.3,owg2026,StSq3,9.0,0.0,,4.29,0.99,,1,,2526,3.0,3.0,3.0,3.0,3.0,3.0,4.0,3.0,3.0,0,women,individual
11,Gubanova Anastasiia,GEO,19,138.22,71.39,66.83,0.0,3.0,owg2026,ChSq1,10.0,0.0,,4.36,1.36,,1,,2526,3.0,3.0,3.0,3.0,2.0,2.0,3.0,3.0,2.0,0,women,individual
11,Gubanova Anastasiia,GEO,19,138.22,71.39,66.83,0.0,3.5,owg2026,CCoSp4,11.0,0.0,,4.0,0.5,,1,,2526,1.0,2.0,0.0,2.0,2.0,2.0,0.0,2.0,1.0,0,women,individual
11,Gubanova Anastasiia,GEO,19,138.22,71.39,66.83,0.0,2.5,owg2026,SSp4,12.0,0.0,,3.11,0.61,,1,,2526,3.0,3.0,3.0,3.0,2.0,2.0,2.0,2.0,2.0,0,women,individual
11,Gubanova Anastasiia,GEO,19,138.22,71.39,66.83,0.0,,owg2026,,,,2.67,8.21,,,0,Composition,2526,8.25,8.5,8.75,8.75,8.0,7.0,8.25,7.5,8.25,0,women,individual
11,Gubanova Anastasiia,GEO,19,138.22,71.39,66.83,0.0,,owg2026,,,,2.67,8.5,,,0,Presentation,2526,8.5,8.75,9.0,8.75,8.25,8.0,8.5,8.25,8.5,0,women,individual
11,Gubanova Anastasiia,GEO,19,138.22,71.39,66.83,0.0,,owg2026,,,,2.67,8.32,,,0,Skating Skills,2526,8.5,8.25,8.5,8.5,8.5,7.75,8.25,8.0,8.25,0,women,individual
12,Gutmann Lara Naki,ITA,7,134.19,69.73,64.46,0.0,10.7,owg2026,3Lz+1Eu+3S,1.0,0.0,,11.88,1.18,,1,,2526,2.0,2.0,2.0,2.0,2.0,3.0,1.0,2.0,2.0,0,women,individual
12,Gutmann Lara Naki,ITA,7,134.19,69.73,64.46,0.0,5.3,owg2026,3F,2.0,0.0,,6.59,1.29,,1,,2526,2.0,3.0,2.0,3.0,2.0,3.0,2.0,2.0,3.0,0,women,individual
12,Gutmann Lara Naki,ITA,7,134.19,69.73,64.46,0.0,6.2,owg2026,3Loq+2T,3.0,0.0,,5.22,-0.98,q,1,,2526,-2.0,-2.0,-3.0,-3.0,-1.0,-3.0,-1.0,-2.0,-1.0,0,women,individual
12,Gutmann Lara Naki,ITA,7,134.19,69.73,64.46,0.0,4.9,owg2026,3Loq,4.0,0.0,,3.99,-0.91,q,1,,2526,-2.0,-2.0,-2.0,-2.0,-2.0,-3.0,-1.0,-2.0,-1.0,0,women,individual
12,Gutmann Lara Naki,ITA,7,134.19,69.73,64.46,0.0,2.6,owg2026,CSp4,5.0,0.0,,3.12,0.52,,1,,2526,2.0,2.0,2.0,2.0,2.0,2.0,2.0,2.0,2.0,0,women,individual
12,Gutmann Lara Naki,ITA,7,134.19,69.73,64.46,0.0,3.5,owg2026,CCoSp4,6.0,0.0,,4.2,0.7,,1,,2526,3.0,2.0,2.0,2.0,2.0,2.0,1.0,2.0,2.0,0,women,individual
12,Gutmann Lara Naki,ITA,7,134.19,69.73,64.46,0.0,6.49,owg2026,3Lz,7.0,1.0,,8.09,1.6,,1,,2526,3.0,3.0,3.0,2.0,2.0,3.0,3.0,2.0,3.0,0,women,individual
12,Gutmann Lara Naki,ITA,7,134.19,69.73,64.46,0.0,8.25,owg2026,3T+2A+SEQ,8.0,1.0,,8.73,0.48,,1,,2526,2.0,1.0,1.0,1.0,1.0,1.0,1.0,0.0,2.0,0,women,individual
12,Gutmann Lara Naki,ITA,7,134.19,69.73,64.46,0.0,3.63,owg2026,2A,9.0,1.0,,4.34,0.71,,1,,2526,2.0,2.0,2.0,2.0,2.0,3.0,2.0,2.0,3.0,0,women,individual
12,Gutmann Lara Naki,ITA,7,134.19,69.73,64.46,0.0,3.9,owg2026,StSq4,10.0,0.0,,4.85,0.95,,1,,2526,2.0,2.0,2.0,2.0,3.0,3.0,2.0,3.0,3.0,0,women,individual
12,Gutmann Lara Naki,ITA,7,134.19,69.73,64.46,0.0,3.0,owg2026,ChSq1,11.0,0.0,,4.57,1.57,,1,,2526,4.0,3.0,3.0,3.0,3.0,4.0,3.0,3.0,3.0,0,women,individual
12,Gutmann Lara Naki,ITA,7,134.19,69.73,64.46,0.0,3.5,owg2026,FCCoSp4,12.0,0.0,,4.15,0.65,,1,,2526,2.0,1.0,2.0,1.0,2.0,3.0,2.0,2.0,2.0,0,women,individual
12,Gutmann Lara Naki,ITA,7,134.19,69.73,64.46,0.0,,owg2026,,,,2.67,8.04,,,0,Composition,2526,8.0,8.0,8.25,8.0,8.0,7.75,7.75,8.25,8.5,0,women,individual
12,Gutmann Lara Naki,ITA,7,134.19,69.73,64.46,0.0,,owg2026,,,,2.67,8.21,,,0,Presentation,2526,8.25,8.5,8.0,8.25,8.25,8.5,7.75,8.0,8.25,0,women,individual
12,Gutmann Lara Naki,ITA,7,134.19,69.73,64.46,0.0,,owg2026,,,,2.67,7.89,,,0,Skating Skills,2526,7.75,8.25,7.75,8.25,7.75,8.0,7.5,7.75,8.0,0,women,individual
13,Levito Isabeau,USA,17,131.96,64.5,68.46,-1.0,5.3,owg2026,3F,1.0,0.0,,2.65,-2.65,F,1,,2526,-5.0,-5.0,-5.0,-5.0,-5.0,-5.0,-5.0,-5.0,-5.0,0,women,individual
13,Levito Isabeau,USA,17,131.96,64.5,68.46,-1.0,3.3,owg2026,2A,2.0,0.0,,4.24,0.94,,1,,2526,2.0,3.0,3.0,2.0,3.0,3.0,3.0,3.0,3.0,0,women,individual
13,Levito Isabeau,USA,17,131.96,64.5,68.46,-1.0,4.9,owg2026,3Lo,3.0,0.0,,6.3,1.4,,1,,2526,3.0,3.0,3.0,2.0,2.0,3.0,3.0,3.0,3.0,0,women,individual
13,Levito Isabeau,USA,17,131.96,64.5,68.46,-1.0,4.3,owg2026,3S,4.0,0.0,,5.22,0.92,,1,,2526,3.0,3.0,2.0,1.0,2.0,2.0,2.0,2.0,2.0,0,women,individual
13,Levito Isabeau,USA,17,131.96,64.5,68.46,-1.0,3.5,owg2026,FCCoSp4,5.0,0.0,,4.5,1.0,,1,,2526,3.0,3.0,3.0,3.0,3.0,0.0,4.0,3.0,2.0,0,women,individual
13,Levito Isabeau,USA,17,131.96,64.5,68.46,-1.0,9.46,owg2026,3F+2A+SEQ,6.0,1.0,,10.37,0.91,,1,,2526,2.0,3.0,2.0,2.0,1.0,2.0,1.0,0.0,2.0,0,women,individual
13,Levito Isabeau,USA,17,131.96,64.5,68.46,-1.0,8.69,owg2026,3Loq+2T+2Lo,7.0,1.0,,8.13,-0.56,q,1,,2526,-1.0,-2.0,-1.0,-2.0,-1.0,-1.0,-1.0,-1.0,-1.0,0,women,individual
13,Levito Isabeau,USA,17,131.96,64.5,68.46,-1.0,6.49,owg2026,3Lzq,8.0,1.0,,5.98,-0.51,q,1,,2526,-1.0,-1.0,-1.0,-1.0,-1.0,0.0,0.0,-1.0,-1.0,0,women,individual
13,Levito Isabeau,USA,17,131.96,64.5,68.46,-1.0,2.7,owg2026,LSp4,9.0,0.0,,3.12,0.42,,1,,2526,2.0,1.0,2.0,1.0,1.0,2.0,2.0,3.0,1.0,0,women,individual
13,Levito Isabeau,USA,17,131.96,64.5,68.46,-1.0,3.0,owg2026,ChSq1,10.0,0.0,,4.86,1.86,,1,,2526,4.0,3.0,4.0,3.0,3.0,4.0,5.0,4.0,4.0,0,women,individual
13,Levito Isabeau,USA,17,131.96,64.5,68.46,-1.0,3.3,owg2026,StSq3,11.0,0.0,,4.43,1.13,,1,,2526,4.0,3.0,3.0,2.0,3.0,4.0,4.0,3.0,4.0,0,women,individual
13,Levito Isabeau,USA,17,131.96,64.5,68.46,-1.0,3.5,owg2026,CCoSp4,12.0,0.0,,4.7,1.2,,1,,2526,3.0,3.0,4.0,4.0,3.0,3.0,4.0,4.0,3.0,0,women,individual
13,Levito Isabeau,USA,17,131.96,64.5,68.46,-1.0,,owg2026,,,,2.67,8.75,,,0,Composition,2526,9.25,8.75,9.0,8.5,8.5,8.75,8.75,8.5,9.0,0,women,individual
13,Levito Isabeau,USA,17,131.96,64.5,68.46,-1.0,,owg2026,,,,2.67,8.5,,,0,Presentation,2526,8.75,8.25,8.5,8.25,8.5,8.25,8.75,8.5,8.75,0,women,individual
13,Levito Isabeau,USA,17,131.96,64.5,68.46,-1.0,,owg2026,,,,2.67,8.39,,,0,Skating Skills,2526,8.5,8.5,8.75,8.0,8.25,8.5,8.5,8.0,8.5,0,women,individual
14,Pinzarrone Nina,BEL,14,131.33,67.63,63.7,0.0,10.1,owg2026,3Lz+3T,1.0,0.0,,11.03,0.93,,1,,2526,1.0,2.0,2.0,1.0,0.0,2.0,1.0,2.0,2.0,0,women,individual
14,Pinzarrone Nina,BEL,14,131.33,67.63,63.7,0.0,5.3,owg2026,3Fq,2.0,0.0,,4.69,-0.61,q,1,,2526,-1.0,-2.0,-1.0,-2.0,-1.0,-1.0,-1.0,-1.0,-1.0,0,women,individual
14,Pinzarrone Nina,BEL,14,131.33,67.63,63.7,0.0,3.92,owg2026,3Lo<,3.0,0.0,,2.97,-0.95,<,1,,2526,-3.0,-2.0,-2.0,-3.0,-3.0,-3.0,-2.0,-2.0,-2.0,0,women,individual
14,Pinzarrone Nina,BEL,14,131.33,67.63,63.7,0.0,3.3,owg2026,2A,4.0,0.0,,3.77,0.47,,1,,2526,0.0,2.0,2.0,1.0,1.0,2.0,2.0,1.0,1.0,0,women,individual
14,Pinzarrone Nina,BEL,14,131.33,67.63,63.7,0.0,3.5,owg2026,FCCoSp4,5.0,0.0,,4.4,0.9,,1,,2526,3.0,2.0,3.0,2.0,2.0,3.0,3.0,2.0,3.0,0,women,individual
14,Pinzarrone Nina,BEL,14,131.33,67.63,63.7,0.0,11.55,owg2026,3Lz+2A+2T+SEQ,6.0,1.0,,11.55,0.0,,1,,2526,0.0,0.0,0.0,0.0,-2.0,0.0,0.0,0.0,1.0,0,women,individual
14,Pinzarrone Nina,BEL,14,131.33,67.63,63.7,0.0,6.82,owg2026,3Loq+2T,7.0,1.0,,6.19,-0.63,q,1,,2526,-2.0,-2.0,-1.0,-2.0,-1.0,-1.0,-1.0,-1.0,-1.0,0,women,individual
14,Pinzarrone Nina,BEL,14,131.33,67.63,63.7,0.0,3.9,owg2026,StSq4,8.0,0.0,,4.96,1.06,,1,,2526,2.0,3.0,2.0,3.0,2.0,3.0,3.0,3.0,3.0,0,women,individual
14,Pinzarrone Nina,BEL,14,131.33,67.63,63.7,0.0,4.73,owg2026,3S,9.0,1.0,,5.41,0.68,,1,,2526,1.0,2.0,2.0,0.0,1.0,1.0,2.0,2.0,2.0,0,women,individual
14,Pinzarrone Nina,BEL,14,131.33,67.63,63.7,0.0,3.5,owg2026,CCoSp4,10.0,0.0,,4.7,1.2,,1,,2526,4.0,4.0,2.0,3.0,3.0,1.0,4.0,4.0,4.0,0,women,individual
14,Pinzarrone Nina,BEL,14,131.33,67.63,63.7,0.0,3.0,owg2026,ChSq1,11.0,0.0,,4.57,1.57,,1,,2526,2.0,3.0,3.0,3.0,3.0,2.0,4.0,4.0,4.0,0,women,individual
14,Pinzarrone Nina,BEL,14,131.33,67.63,63.7,0.0,2.4,owg2026,LSp3,12.0,0.0,,3.39,0.99,,1,,2526,5.0,3.0,4.0,4.0,4.0,3.0,5.0,5.0,4.0,0,women,individual
14,Pinzarrone Nina,BEL,14,131.33,67.63,63.7,0.0,,owg2026,,,,2.67,7.93,,,0,Composition,2526,8.0,8.0,7.75,8.5,8.0,7.75,7.75,7.75,8.25,0,women,individual
14,Pinzarrone Nina,BEL,14,131.33,67.63,63.7,0.0,,owg2026,,,,2.67,8.11,,,0,Presentation,2526,8.0,7.75,8.0,8.25,8.0,8.0,8.25,8.25,8.25,0,women,individual
14,Pinzarrone Nina,BEL,14,131.33,67.63,63.7,0.0,,owg2026,,,,2.67,7.82,,,0,Skating Skills,2526,7.75,8.25,7.75,8.0,7.75,7.75,7.75,8.0,7.75,0,women,individual
15,Hendrickx Loena,BEL,18,128.72,61.49,67.23,0.0,10.1,owg2026,3Lz!+3T,1.0,0.0,,10.61,0.51,!,1,,2526,1.0,0.0,1.0,0.0,2.0,0.0,1.0,1.0,2.0,0,women,individual
15,Hendrickx Loena,BEL,18,128.72,61.49,67.23,0.0,6.6,owg2026,3F+2T,2.0,0.0,,7.58,0.98,,1,,2526,1.0,2.0,2.0,1.0,2.0,3.0,2.0,2.0,2.0,0,women,individual
15,Hendrickx Loena,BEL,18,128.72,61.49,67.23,0.0,0.5,owg2026,1F,3.0,0.0,,0.5,0.0,,1,,2526,0.0,0.0,0.0,0.0,0.0,0.0,0.0,0.0,-1.0,0,women,individual
15,Hendrickx Loena,BEL,18,128.72,61.49,67.23,0.0,3.3,owg2026,2A,4.0,0.0,,3.91,0.61,,1,,2526,2.0,2.0,2.0,1.0,2.0,2.0,2.0,1.0,2.0,0,women,individual
15,Hendrickx Loena,BEL,18,128.72,61.49,67.23,0.0,3.5,owg2026,CCoSp4,5.0,0.0,,4.45,0.95,,1,,2526,3.0,3.0,3.0,3.0,2.0,2.0,2.0,3.0,3.0,0,women,individual
15,Hendrickx Loena,BEL,18,128.72,61.49,67.23,0.0,3.9,owg2026,StSq4,6.0,0.0,,5.07,1.17,,1,,2526,3.0,3.0,3.0,3.0,3.0,3.0,3.0,3.0,3.0,0,women,individual
15,Hendrickx Loena,BEL,18,128.72,61.49,67.23,0.0,9.79,owg2026,3Lz!+2T+2Loq,7.0,1.0,,8.27,-1.52,"!,q",1,,2526,-3.0,-3.0,-3.0,-3.0,-2.0,-3.0,-2.0,-2.0,-2.0,0,women,individual
15,Hendrickx Loena,BEL,18,128.72,61.49,67.23,0.0,3.63,owg2026,2A,8.0,1.0,,4.29,0.66,,1,,2526,2.0,2.0,2.0,1.0,2.0,2.0,2.0,2.0,2.0,0,women,individual
15,Hendrickx Loena,BEL,18,128.72,61.49,67.23,0.0,4.73,owg2026,3S,9.0,1.0,,5.41,0.68,,1,,2526,2.0,2.0,2.0,1.0,0.0,2.0,1.0,1.0,2.0,0,women,individual
15,Hendrickx Loena,BEL,18,128.72,61.49,67.23,0.0,3.0,owg2026,FCCoSp3,10.0,0.0,,3.47,0.47,,1,,2526,3.0,2.0,1.0,1.0,1.0,2.0,1.0,2.0,2.0,0,women,individual
15,Hendrickx Loena,BEL,18,128.72,61.49,67.23,0.0,3.0,owg2026,ChSq1,11.0,0.0,,4.64,1.64,,1,,2526,4.0,3.0,4.0,4.0,3.0,3.0,3.0,3.0,3.0,0,women,individual
15,Hendrickx Loena,BEL,18,128.72,61.49,67.23,0.0,2.4,owg2026,LSp3,12.0,0.0,,3.29,0.89,,1,,2526,3.0,3.0,4.0,5.0,4.0,4.0,3.0,4.0,4.0,0,women,individual
15,Hendrickx Loena,BEL,18,128.72,61.49,67.23,0.0,,owg2026,,,,2.67,8.32,,,0,Composition,2526,8.5,8.25,8.25,8.5,8.25,8.0,8.0,8.5,8.5,0,women,individual
15,Hendrickx Loena,BEL,18,128.72,61.49,67.23,0.0,,owg2026,,,,2.67,8.5,,,0,Presentation,2526,8.5,8.75,8.25,8.5,8.25,8.75,8.0,8.75,8.5,0,women,individual
15,Hendrickx Loena,BEL,18,128.72,61.49,67.23,0.0,,owg2026,,,,2.67,8.36,,,0,Skating Skills,2526,8.5,8.0,8.5,8.25,8.5,8.75,8.25,8.25,8.25,0,women,individual
16,Sauter Julia,ROU,9,127.8,66.28,61.52,0.0,5.9,owg2026,3Lz,1.0,0.0,,7.67,1.77,,1,,2526,3.0,3.0,3.0,3.0,3.0,3.0,3.0,3.0,3.0,0,women,individual
16,Sauter Julia,ROU,9,127.8,66.28,61.52,0.0,6.2,owg2026,3Lo+2T,2.0,0.0,,6.76,0.56,,1,,2526,1.0,1.0,1.0,0.0,0.0,1.0,2.0,2.0,2.0,0,women,individual
16,Sauter Julia,ROU,9,127.8,66.28,61.52,0.0,7.2,owg2026,3T+2T+2Lo,3.0,0.0,,7.74,0.54,,1,,2526,1.0,1.0,1.0,1.0,1.0,2.0,2.0,1.0,2.0,0,women,individual
16,Sauter Julia,ROU,9,127.8,66.28,61.52,0.0,7.6,owg2026,3S+2A+SEQ,4.0,0.0,,7.6,0.0,,1,,2526,1.0,-1.0,0.0,0.0,0.0,0.0,0.0,0.0,0.0,0,women,individual
16,Sauter Julia,ROU,9,127.8,66.28,61.52,0.0,3.9,owg2026,StSq4,5.0,0.0,,4.74,0.84,,1,,2526,3.0,2.0,2.0,2.0,2.0,2.0,3.0,2.0,2.0,0,women,individual
16,Sauter Julia,ROU,9,127.8,66.28,61.52,0.0,5.39,owg2026,3Lo,6.0,1.0,,6.16,0.77,,1,,2526,2.0,1.0,1.0,1.0,1.0,3.0,2.0,2.0,2.0,0,women,individual
16,Sauter Julia,ROU,9,127.8,66.28,61.52,0.0,3.5,owg2026,CCoSp4,7.0,0.0,,4.15,0.65,,1,,2526,3.0,0.0,2.0,2.0,1.0,3.0,2.0,2.0,1.0,0,women,individual
16,Sauter Julia,ROU,9,127.8,66.28,61.52,0.0,4.73,owg2026,3S,8.0,1.0,,5.41,0.68,,1,,2526,1.0,2.0,1.0,1.0,1.0,2.0,2.0,2.0,2.0,0,women,individual
16,Sauter Julia,ROU,9,127.8,66.28,61.52,0.0,3.63,owg2026,2A,9.0,1.0,,4.24,0.61,,1,,2526,2.0,2.0,2.0,1.0,0.0,2.0,2.0,2.0,2.0,0,women,individual
16,Sauter Julia,ROU,9,127.8,66.28,61.52,0.0,3.0,owg2026,FSSp4,10.0,0.0,,3.64,0.64,,1,,2526,2.0,2.0,2.0,2.0,2.0,3.0,1.0,3.0,2.0,0,women,individual
16,Sauter Julia,ROU,9,127.8,66.28,61.52,0.0,3.5,owg2026,FCCoSp4,11.0,0.0,,4.1,0.6,,1,,2526,1.0,2.0,2.0,2.0,2.0,1.0,2.0,3.0,1.0,0,women,individual
16,Sauter Julia,ROU,9,127.8,66.28,61.52,0.0,3.0,owg2026,ChSq1,12.0,0.0,,4.07,1.07,,1,,2526,2.0,3.0,2.0,2.0,2.0,2.0,3.0,2.0,2.0,0,women,individual
16,Sauter Julia,ROU,9,127.8,66.28,61.52,0.0,,owg2026,,,,2.67,7.54,,,0,Composition,2526,7.5,7.25,7.25,7.5,7.75,7.75,7.5,7.75,7.5,0,women,individual
16,Sauter Julia,ROU,9,127.8,66.28,61.52,0.0,,owg2026,,,,2.67,7.86,,,0,Presentation,2526,7.75,7.0,7.75,7.75,8.0,8.0,8.0,8.25,7.75,0,women,individual
16,Sauter Julia,ROU,9,127.8,66.28,61.52,0.0,,owg2026,,,,2.67,7.64,,,0,Skating Skills,2526,7.75,7.5,7.25,7.75,7.5,8.25,7.75,7.75,7.5,0,women,individual
17,Karhunen Iida,FIN,10,127.73,68.43,59.3,0.0,4.3,owg2026,3S,1.0,0.0,,5.1,0.8,,1,,2526,3.0,2.0,2.0,2.0,1.0,2.0,2.0,2.0,1.0,0,women,individual
17,Karhunen Iida,FIN,10,127.73,68.43,59.3,0.0,9.5,owg2026,3F+3Tq,2.0,0.0,,8.89,-0.61,q,1,,2526,-1.0,-1.0,-1.0,-2.0,-1.0,0.0,-2.0,-1.0,-1.0,0,women,individual
17,Karhunen Iida,FIN,10,127.73,68.43,59.3,0.0,5.9,owg2026,3Lz,3.0,0.0,,6.49,0.59,,1,,2526,1.0,2.0,1.0,0.0,0.0,2.0,1.0,1.0,1.0,0,women,individual
17,Karhunen Iida,FIN,10,127.73,68.43,59.3,0.0,3.5,owg2026,CCoSp4,4.0,0.0,,4.5,1.0,,1,,2526,3.0,3.0,3.0,3.0,3.0,2.0,3.0,3.0,2.0,0,women,individual
17,Karhunen Iida,FIN,10,127.73,68.43,59.3,0.0,3.0,owg2026,ChSq1,5.0,0.0,,4.07,1.07,,1,,2526,2.0,3.0,2.0,2.0,2.0,2.0,2.0,3.0,2.0,0,women,individual
17,Karhunen Iida,FIN,10,127.73,68.43,59.3,0.0,5.3,owg2026,3F,6.0,0.0,,5.91,0.61,,1,,2526,1.0,2.0,1.0,1.0,0.0,1.0,2.0,1.0,1.0,0,women,individual
17,Karhunen Iida,FIN,10,127.73,68.43,59.3,0.0,9.79,owg2026,3Lz+2T+2Lo,7.0,1.0,,9.96,0.17,,1,,2526,1.0,0.0,0.0,0.0,-1.0,1.0,1.0,0.0,0.0,0,women,individual
17,Karhunen Iida,FIN,10,127.73,68.43,59.3,0.0,9.02,owg2026,3Lo+2A+SEQ,8.0,1.0,,9.37,0.35,,1,,2526,1.0,1.0,0.0,0.0,0.0,1.0,2.0,0.0,2.0,0,women,individual
17,Karhunen Iida,FIN,10,127.73,68.43,59.3,0.0,3.63,owg2026,2A,9.0,1.0,,2.64,-0.99,,1,,2526,-3.0,-3.0,-3.0,-3.0,-3.0,-4.0,-3.0,-3.0,-3.0,0,women,individual
17,Karhunen Iida,FIN,10,127.73,68.43,59.3,0.0,3.3,owg2026,StSq3,10.0,0.0,,3.87,0.57,,1,,2526,3.0,2.0,2.0,1.0,1.0,2.0,2.0,2.0,1.0,0,women,individual
17,Karhunen Iida,FIN,10,127.73,68.43,59.3,0.0,3.5,owg2026,FCCoSp4,11.0,0.0,,4.2,0.7,,1,,2526,2.0,3.0,2.0,1.0,1.0,3.0,2.0,2.0,2.0,0,women,individual
17,Karhunen Iida,FIN,10,127.73,68.43,59.3,0.0,2.7,owg2026,LSp4,12.0,0.0,,3.43,0.73,,1,,2526,4.0,3.0,3.0,2.0,2.0,2.0,4.0,3.0,2.0,0,women,individual
17,Karhunen Iida,FIN,10,127.73,68.43,59.3,0.0,,owg2026,,,,2.67,7.5,,,0,Composition,2526,8.0,7.5,7.5,7.25,7.5,7.75,7.25,7.75,7.25,0,women,individual
17,Karhunen Iida,FIN,10,127.73,68.43,59.3,0.0,,owg2026,,,,2.67,7.39,,,0,Presentation,2526,7.75,7.0,7.0,7.5,7.5,7.0,7.5,8.0,7.5,0,women,individual
17,Karhunen Iida,FIN,10,127.73,68.43,59.3,0.0,,owg2026,,,,2.67,7.32,,,0,Skating Skills,2526,7.25,7.75,7.0,7.25,7.25,7.5,7.0,7.5,7.5,0,women,individual
18,Mikutina Olga,AUT,8,123.87,64.06,59.81,0.0,10.1,owg2026,3Lz+3Tq,1.0,0.0,,9.26,-0.84,q,1,,2526,-1.0,-2.0,-1.0,-2.0,-1.0,-1.0,-2.0,-2.0,-1.0,0,women,individual
18,Mikutina Olga,AUT,8,123.87,64.06,59.81,0.0,4.9,owg2026,3Lo,2.0,0.0,,5.67,0.77,,1,,2526,1.0,2.0,2.0,2.0,1.0,2.0,1.0,1.0,2.0,0,women,individual
18,Mikutina Olga,AUT,8,123.87,64.06,59.81,0.0,6.6,owg2026,3F+2T,3.0,0.0,,7.58,0.98,,1,,2526,2.0,2.0,2.0,1.0,2.0,2.0,2.0,1.0,2.0,0,women,individual
18,Mikutina Olga,AUT,8,123.87,64.06,59.81,0.0,3.3,owg2026,2A,4.0,0.0,,3.58,0.28,,1,,2526,1.0,1.0,0.0,1.0,0.0,1.0,1.0,1.0,2.0,0,women,individual
18,Mikutina Olga,AUT,8,123.87,64.06,59.81,0.0,3.2,owg2026,FCSp4,5.0,0.0,,4.07,0.87,,1,,2526,3.0,2.0,3.0,3.0,2.0,3.0,2.0,3.0,3.0,0,women,individual
18,Mikutina Olga,AUT,8,123.87,64.06,59.81,0.0,3.0,owg2026,ChSq1,6.0,0.0,,4.29,1.29,,1,,2526,2.0,3.0,3.0,2.0,3.0,3.0,2.0,2.0,3.0,0,women,individual
18,Mikutina Olga,AUT,8,123.87,64.06,59.81,0.0,9.13,owg2026,3Lzq+1A+2T+SEQ,7.0,1.0,,8.2,-0.93,q,1,,2526,-2.0,-1.0,-1.0,-2.0,-2.0,-1.0,-2.0,-2.0,-1.0,0,women,individual
18,Mikutina Olga,AUT,8,123.87,64.06,59.81,0.0,5.83,owg2026,3Fq,8.0,1.0,,5.22,-0.61,q,1,,2526,-1.0,-1.0,-1.0,-2.0,-1.0,0.0,-2.0,-1.0,-1.0,0,women,individual
18,Mikutina Olga,AUT,8,123.87,64.06,59.81,0.0,4.73,owg2026,3Sq,9.0,1.0,,3.99,-0.74,q,1,,2526,-2.0,-1.0,-1.0,-1.0,-2.0,-2.0,-2.0,-2.0,-2.0,0,women,individual
18,Mikutina Olga,AUT,8,123.87,64.06,59.81,0.0,3.5,owg2026,FCCoSp4,10.0,0.0,,4.4,0.9,,1,,2526,2.0,2.0,3.0,3.0,2.0,3.0,3.0,2.0,3.0,0,women,individual
18,Mikutina Olga,AUT,8,123.87,64.06,59.81,0.0,3.3,owg2026,StSq3,11.0,0.0,,4.1,0.8,,1,,2526,2.0,2.0,2.0,2.0,2.0,3.0,3.0,3.0,3.0,0,women,individual
18,Mikutina Olga,AUT,8,123.87,64.06,59.81,0.0,3.5,owg2026,CCoSp4,12.0,0.0,,3.7,0.2,,1,,2526,0.0,0.0,-1.0,1.0,1.0,1.0,1.0,0.0,1.0,0,women,individual
18,Mikutina Olga,AUT,8,123.87,64.06,59.81,0.0,,owg2026,,,,2.67,7.54,,,0,Composition,2526,7.0,7.5,7.75,7.5,7.75,7.5,7.25,7.5,8.0,0,women,individual
18,Mikutina Olga,AUT,8,123.87,64.06,59.81,0.0,,owg2026,,,,2.67,7.5,,,0,Presentation,2526,7.75,7.25,7.5,7.25,7.75,7.5,7.0,7.5,7.75,0,women,individual
18,Mikutina Olga,AUT,8,123.87,64.06,59.81,0.0,,owg2026,,,,2.67,7.36,,,0,Skating Skills,2526,7.5,6.75,7.25,7.5,7.5,7.75,7.0,7.25,7.5,0,women,individual
19,Zhang Ruiyang,CHN,5,118.65,61.54,57.11,0.0,6.6,owg2026,3F+2T,1.0,0.0,,7.28,0.68,,1,,2526,1.0,2.0,1.0,1.0,1.0,2.0,2.0,1.0,0.0,0,women,individual
19,Zhang Ruiyang,CHN,5,118.65,61.54,57.11,0.0,8.5,owg2026,3S+3Tq,2.0,0.0,,7.95,-0.55,q,1,,2526,-1.0,-2.0,-1.0,-2.0,-1.0,-1.0,-2.0,-1.0,-1.0,0,women,individual
19,Zhang Ruiyang,CHN,5,118.65,61.54,57.11,0.0,4.9,owg2026,3Lo,3.0,0.0,,5.53,0.63,,1,,2526,1.0,1.0,2.0,0.0,1.0,3.0,1.0,2.0,1.0,0,women,individual
19,Zhang Ruiyang,CHN,5,118.65,61.54,57.11,0.0,3.3,owg2026,2A,4.0,0.0,,3.77,0.47,,1,,2526,1.0,2.0,2.0,0.0,1.0,3.0,2.0,1.0,1.0,0,women,individual
19,Zhang Ruiyang,CHN,5,118.65,61.54,57.11,0.0,3.5,owg2026,FCCoSp4,5.0,0.0,,3.9,0.4,,1,,2526,1.0,1.0,1.0,0.0,1.0,1.0,2.0,2.0,1.0,0,women,individual
19,Zhang Ruiyang,CHN,5,118.65,61.54,57.11,0.0,3.0,owg2026,ChSq1,6.0,0.0,,4.21,1.21,,1,,2526,2.0,3.0,2.0,2.0,3.0,3.0,2.0,3.0,2.0,0,women,individual
19,Zhang Ruiyang,CHN,5,118.65,61.54,57.11,0.0,5.83,owg2026,3Fq,7.0,1.0,,4.77,-1.06,q,1,,2526,-2.0,-2.0,-2.0,-2.0,-2.0,-2.0,-2.0,-2.0,-2.0,0,women,individual
19,Zhang Ruiyang,CHN,5,118.65,61.54,57.11,0.0,4.73,owg2026,3S,8.0,1.0,,5.41,0.68,,1,,2526,2.0,2.0,2.0,1.0,1.0,3.0,2.0,1.0,1.0,0,women,individual
19,Zhang Ruiyang,CHN,5,118.65,61.54,57.11,0.0,6.16,owg2026,2A+1Eu+2F,9.0,1.0,,6.3,0.14,,1,,2526,1.0,0.0,1.0,0.0,0.0,2.0,0.0,0.0,1.0,0,women,individual
19,Zhang Ruiyang,CHN,5,118.65,61.54,57.11,0.0,3.5,owg2026,CCoSp4,10.0,0.0,,4.2,0.7,,1,,2526,2.0,2.0,2.0,2.0,2.0,1.0,2.0,3.0,2.0,0,women,individual
19,Zhang Ruiyang,CHN,5,118.65,61.54,57.11,0.0,3.9,owg2026,StSq4,11.0,0.0,,4.9,1.0,,1,,2526,2.0,3.0,2.0,2.0,3.0,4.0,3.0,3.0,2.0,0,women,individual
19,Zhang Ruiyang,CHN,5,118.65,61.54,57.11,0.0,2.7,owg2026,LSp4,12.0,0.0,,3.32,0.62,,1,,2526,2.0,2.0,2.0,1.0,2.0,3.0,3.0,3.0,2.0,0,women,individual
19,Zhang Ruiyang,CHN,5,118.65,61.54,57.11,0.0,,owg2026,,,,2.67,7.11,,,0,Composition,2526,6.5,7.25,7.5,7.0,7.25,7.25,7.0,7.5,6.25,0,women,individual
19,Zhang Ruiyang,CHN,5,118.65,61.54,57.11,0.0,,owg2026,,,,2.67,7.21,,,0,Presentation,2526,6.75,7.75,7.0,7.0,7.5,7.75,7.0,7.5,6.5,0,women,individual
19,Zhang Ruiyang,CHN,5,118.65,61.54,57.11,0.0,,owg2026,,,,2.67,7.07,,,0,Skating Skills,2526,7.0,7.5,7.25,6.75,7.0,7.75,6.75,7.25,6.75,0,women,individual
20,Kaiser Livia,SUI,2,115.83,62.95,53.88,-1.0,10.1,owg2026,3Lz+3T,1.0,0.0,,11.7,1.6,,1,,2526,3.0,3.0,2.0,2.0,3.0,3.0,2.0,3.0,3.0,0,women,individual
20,Kaiser Livia,SUI,2,115.83,62.95,53.88,-1.0,5.3,owg2026,3F,2.0,0.0,,4.54,-0.76,,1,,2526,-1.0,-1.0,-2.0,-2.0,-1.0,-3.0,-2.0,-1.0,1.0,0,women,individual
20,Kaiser Livia,SUI,2,115.83,62.95,53.88,-1.0,6.2,owg2026,3Lo+2T,3.0,0.0,,6.41,0.21,,1,,2526,1.0,0.0,0.0,0.0,0.0,1.0,1.0,0.0,1.0,0,women,individual
20,Kaiser Livia,SUI,2,115.83,62.95,53.88,-1.0,4.3,owg2026,3S,4.0,0.0,,4.61,0.31,,1,,2526,1.0,0.0,1.0,0.0,0.0,1.0,1.0,1.0,1.0,0,women,individual
20,Kaiser Livia,SUI,2,115.83,62.95,53.88,-1.0,3.5,owg2026,CCoSp4,5.0,0.0,,3.85,0.35,,1,,2526,2.0,1.0,1.0,1.0,1.0,-1.0,1.0,2.0,0.0,0,women,individual
20,Kaiser Livia,SUI,2,115.83,62.95,53.88,-1.0,11.55,owg2026,3Lz+2A+2T+SEQ,6.0,1.0,,12.48,0.93,,1,,2526,2.0,1.0,2.0,1.0,0.0,2.0,2.0,1.0,2.0,0,women,individual
20,Kaiser Livia,SUI,2,115.83,62.95,53.88,-1.0,5.39,owg2026,3Lo,7.0,1.0,,5.95,0.56,,1,,2526,1.0,1.0,1.0,1.0,1.0,2.0,2.0,1.0,1.0,0,women,individual
20,Kaiser Livia,SUI,2,115.83,62.95,53.88,-1.0,2.6,owg2026,StSq2,9.0,0.0,,2.9,0.3,,1,,2526,2.0,1.0,0.0,1.0,1.0,1.0,1.0,2.0,1.0,0,women,individual
20,Kaiser Livia,SUI,2,115.83,62.95,53.88,-1.0,2.25,owg2026,FCCoSp3V,10.0,0.0,,2.25,0.0,,1,,2526,1.0,0.0,0.0,-1.0,0.0,-1.0,0.0,0.0,1.0,0,women,individual
20,Kaiser Livia,SUI,2,115.83,62.95,53.88,-1.0,3.0,owg2026,ChSq1,11.0,0.0,,3.57,0.57,,1,,2526,1.0,1.0,1.0,2.0,0.0,2.0,1.0,1.0,1.0,0,women,individual
20,Kaiser Livia,SUI,2,115.83,62.95,53.88,-1.0,2.4,owg2026,LSp3,12.0,0.0,,2.71,0.31,,1,,2526,1.0,0.0,2.0,1.0,1.0,0.0,2.0,2.0,2.0,0,women,individual
20,Kaiser Livia,SUI,2,115.83,62.95,53.88,-1.0,,owg2026,,,,2.67,6.61,,,0,Composition,2526,7.5,6.5,6.25,7.25,6.25,6.75,6.75,6.5,6.25,0,women,individual
20,Kaiser Livia,SUI,2,115.83,62.95,53.88,-1.0,,owg2026,,,,2.67,6.75,,,0,Presentation,2526,7.25,6.75,6.5,7.0,6.75,6.5,7.0,6.75,6.5,0,women,individual
20,Kaiser Livia,SUI,2,115.83,62.95,53.88,-1.0,,owg2026,,,,2.67,6.82,,,0,Skating Skills,2526,7.0,6.0,6.5,7.0,6.75,7.5,6.5,7.25,6.75,0,women,individual
21,Kurakova Ekaterina,POL,6,113.23,56.6,56.63,0.0,9.2,owg2026,3Lz+2A+SEQ,1.0,0.0,,9.87,0.67,,1,,2526,1.0,1.0,2.0,0.0,1.0,2.0,1.0,1.0,1.0,0,women,individual
21,Kurakova Ekaterina,POL,6,113.23,56.6,56.63,0.0,5.9,owg2026,3Lzq,2.0,0.0,,4.8,-1.1,q,1,,2526,-2.0,-2.0,-1.0,-2.0,-1.0,-2.0,-2.0,-2.0,-2.0,0,women,individual
21,Kurakova Ekaterina,POL,6,113.23,56.6,56.63,0.0,3.92,owg2026,3Lo<,3.0,0.0,,1.96,-1.96,<,1,,2526,-5.0,-5.0,-5.0,-5.0,-4.0,-5.0,-5.0,-5.0,-5.0,0,women,individual
21,Kurakova Ekaterina,POL,6,113.23,56.6,56.63,0.0,7.2,owg2026,3T+2T+2Lo,4.0,0.0,,7.5,0.3,,1,,2526,1.0,1.0,1.0,0.0,0.0,1.0,1.0,0.0,1.0,0,women,individual
21,Kurakova Ekaterina,POL,6,113.23,56.6,56.63,0.0,1.88,owg2026,CCoSp2V,5.0,0.0,,2.07,0.19,,1,,2526,2.0,1.0,1.0,0.0,2.0,0.0,1.0,1.0,1.0,0,women,individual
21,Kurakova Ekaterina,POL,6,113.23,56.6,56.63,0.0,5.83,owg2026,3Fq,6.0,1.0,,4.92,-0.91,q,1,,2526,-2.0,-2.0,-1.0,-2.0,-1.0,-1.0,-2.0,-2.0,-2.0,0,women,individual
21,Kurakova Ekaterina,POL,6,113.23,56.6,56.63,0.0,6.82,owg2026,3Lo+2T,7.0,1.0,,6.82,0.0,,1,,2526,1.0,0.0,0.0,0.0,0.0,0.0,0.0,0.0,0.0,0,women,individual
21,Kurakova Ekaterina,POL,6,113.23,56.6,56.63,0.0,3.63,owg2026,2A,8.0,1.0,,3.72,0.09,,1,,2526,1.0,1.0,0.0,0.0,0.0,0.0,0.0,0.0,1.0,0,women,individual
21,Kurakova Ekaterina,POL,6,113.23,56.6,56.63,0.0,3.5,owg2026,FCCoSp4,9.0,0.0,,4.1,0.6,,1,,2526,3.0,1.0,2.0,0.0,2.0,2.0,2.0,1.0,2.0,0,women,individual
21,Kurakova Ekaterina,POL,6,113.23,56.6,56.63,0.0,3.0,owg2026,ChSq1,10.0,0.0,,4.14,1.14,,1,,2526,3.0,2.0,2.0,3.0,2.0,3.0,2.0,2.0,2.0,0,women,individual
21,Kurakova Ekaterina,POL,6,113.23,56.6,56.63,0.0,3.3,owg2026,StSq3,11.0,0.0,,3.96,0.66,,1,,2526,2.0,2.0,2.0,1.0,2.0,3.0,2.0,2.0,2.0,0,women,individual
21,Kurakova Ekaterina,POL,6,113.23,56.6,56.63,0.0,2.4,owg2026,LSp3,12.0,0.0,,2.74,0.34,,1,,2526,2.0,1.0,2.0,1.0,1.0,1.0,1.0,2.0,2.0,0,women,individual
21,Kurakova Ekaterina,POL,6,113.23,56.6,56.63,0.0,,owg2026,,,,2.67,6.96,,,0,Composition,2526,7.5,7.0,6.5,7.0,7.25,6.25,6.75,7.0,7.25,0,women,individual
21,Kurakova Ekaterina,POL,6,113.23,56.6,56.63,0.0,,owg2026,,,,2.67,7.18,,,0,Presentation,2526,7.75,7.75,6.75,7.0,7.5,6.75,7.0,6.75,7.5,0,women,individual
21,Kurakova Ekaterina,POL,6,113.23,56.6,56.63,0.0,,owg2026,,,,2.67,7.07,,,0,Skating Skills,2526,7.5,6.75,7.25,6.5,7.25,7.25,6.5,7.5,7.0,0,women,individual
22,Schild Lorine,FRA,1,111.45,59.41,52.04,0.0,10.1,owg2026,3Lz+3T,1.0,0.0,,9.0,-1.1,,1,,2526,-1.0,-2.0,-2.0,-2.0,-1.0,-3.0,-2.0,-2.0,-2.0,0,women,individual
22,Schild Lorine,FRA,1,111.45,59.41,52.04,0.0,4.24,owg2026,3Fe,2.0,0.0,,2.85,-1.39,e,1,,2526,-2.0,-3.0,-3.0,-4.0,-4.0,-4.0,-2.0,-3.0,-4.0,0,women,individual
22,Schild Lorine,FRA,1,111.45,59.41,52.04,0.0,5.9,owg2026,3Lz,3.0,0.0,,6.32,0.42,,1,,2526,1.0,1.0,1.0,0.0,0.0,2.0,1.0,1.0,0.0,0,women,individual
22,Schild Lorine,FRA,1,111.45,59.41,52.04,0.0,3.5,owg2026,FCCoSp4,4.0,0.0,,3.9,0.4,,1,,2526,1.0,1.0,1.0,1.0,1.0,2.0,1.0,0.0,2.0,0,women,individual
22,Schild Lorine,FRA,1,111.45,59.41,52.04,0.0,3.3,owg2026,2A,5.0,0.0,,3.68,0.38,,1,,2526,1.0,1.0,1.0,0.0,0.0,2.0,2.0,2.0,1.0,0,women,individual
22,Schild Lorine,FRA,1,111.45,59.41,52.04,0.0,3.0,owg2026,ChSq1,6.0,0.0,,3.57,0.57,,1,,2526,2.0,1.0,1.0,1.0,1.0,2.0,1.0,1.0,1.0,0,women,individual
22,Schild Lorine,FRA,1,111.45,59.41,52.04,0.0,9.02,owg2026,3Lo+2A+SEQ,7.0,1.0,,7.55,-1.47,,1,,2526,-3.0,-3.0,-2.0,-3.0,-3.0,-4.0,-3.0,-3.0,-3.0,0,women,individual
22,Schild Lorine,FRA,1,111.45,59.41,52.04,0.0,8.25,owg2026,3Lo+2T+2T,8.0,1.0,,8.18,-0.07,,1,,2526,1.0,-1.0,0.0,0.0,-2.0,0.0,0.0,0.0,0.0,0,women,individual
22,Schild Lorine,FRA,1,111.45,59.41,52.04,0.0,4.73,owg2026,3Sq,9.0,1.0,,3.87,-0.86,q,1,,2526,-2.0,-2.0,-2.0,-2.0,-2.0,-2.0,-2.0,-2.0,-2.0,0,women,individual
22,Schild Lorine,FRA,1,111.45,59.41,52.04,0.0,3.5,owg2026,CCoSp4,10.0,0.0,,3.7,0.2,,1,,2526,1.0,0.0,1.0,1.0,0.0,0.0,1.0,1.0,0.0,0,women,individual
22,Schild Lorine,FRA,1,111.45,59.41,52.04,0.0,3.3,owg2026,StSq3,11.0,0.0,,3.63,0.33,,1,,2526,2.0,0.0,1.0,1.0,1.0,1.0,1.0,1.0,1.0,0,women,individual
22,Schild Lorine,FRA,1,111.45,59.41,52.04,0.0,2.7,owg2026,LSp4,12.0,0.0,,3.16,0.46,,1,,2526,2.0,1.0,2.0,1.0,1.0,2.0,2.0,2.0,2.0,0,women,individual
22,Schild Lorine,FRA,1,111.45,59.41,52.04,0.0,,owg2026,,,,2.67,6.46,,,0,Composition,2526,7.25,6.0,7.0,6.75,6.5,6.25,6.5,6.25,6.0,0,women,individual
22,Schild Lorine,FRA,1,111.45,59.41,52.04,0.0,,owg2026,,,,2.67,6.39,,,0,Presentation,2526,6.75,6.25,6.75,6.75,6.0,6.75,6.25,6.0,6.0,0,women,individual
22,Schild Lorine,FRA,1,111.45,59.41,52.04,0.0,,owg2026,,,,2.67,6.64,,,0,Skating Skills,2526,7.5,5.75,6.5,7.0,6.25,7.25,6.5,6.75,6.25,0,women,individual
23,Repond Kimmy,SUI,4,100.34,51.21,53.13,-4.0,4.3,owg2026,3S,4.0,0.0,,4.55,0.25,,1,,2526,1.0,2.0,-1.0,-3.0,0.0,2.0,1.0,0.0,1.0,0,women,individual
23,Repond Kimmy,SUI,4,100.34,51.21,53.13,-4.0,1.88,owg2026,FCCoSp2V,5.0,0.0,,1.96,0.08,,1,,2526,2.0,0.0,0.0,-1.0,0.0,1.0,1.0,0.0,1.0,0,women,individual
23,Repond Kimmy,SUI,4,100.34,51.21,53.13,-4.0,3.0,owg2026,ChSq1,6.0,0.0,,3.93,0.93,,1,,2526,2.0,2.0,1.0,2.0,2.0,2.0,2.0,1.0,2.0,0,women,individual
23,Repond Kimmy,SUI,4,100.34,51.21,53.13,-4.0,8.29,owg2026,3Loq+2A<+SEQ,7.0,1.0,,6.26,-2.03,"q,<",1,,2526,-4.0,-5.0,-4.0,-4.0,-4.0,-5.0,-4.0,-4.0,-4.0,0,women,individual
23,Repond Kimmy,SUI,4,100.34,51.21,53.13,-4.0,8.03,owg2026,3S+2T+2Lo,8.0,1.0,,8.21,0.18,,1,,2526,1.0,0.0,1.0,0.0,0.0,1.0,0.0,0.0,1.0,0,women,individual
23,Repond Kimmy,SUI,4,100.34,51.21,53.13,-4.0,5.39,owg2026,3Lo,9.0,1.0,,6.02,0.63,,1,,2526,1.0,1.0,2.0,1.0,0.0,2.0,1.0,1.0,2.0,0,women,individual
23,Repond Kimmy,SUI,4,100.34,51.21,53.13,-4.0,2.4,owg2026,LSp3,10.0,0.0,,2.71,0.31,,1,,2526,2.0,0.0,1.0,1.0,1.0,1.0,1.0,2.0,2.0,0,women,individual
23,Repond Kimmy,SUI,4,100.34,51.21,53.13,-4.0,3.3,owg2026,StSq3,11.0,0.0,,3.91,0.61,,1,,2526,2.0,2.0,1.0,2.0,1.0,2.0,2.0,2.0,2.0,0,women,individual
23,Repond Kimmy,SUI,4,100.34,51.21,53.13,-4.0,3.5,owg2026,CCoSp4,12.0,0.0,,4.2,0.7,,1,,2526,2.0,2.0,2.0,2.0,1.0,2.0,2.0,2.0,2.0,0,women,individual
23,Repond Kimmy,SUI,4,100.34,51.21,53.13,-4.0,,owg2026,,,,2.67,6.79,,,0,Composition,2526,7.0,7.0,5.75,7.25,6.5,7.0,6.0,7.25,6.75,0,women,individual
23,Repond Kimmy,SUI,4,100.34,51.21,53.13,-4.0,,owg2026,,,,2.67,6.32,,,0,Presentation,2526,6.5,6.75,5.25,6.5,6.25,6.0,5.5,6.75,6.75,0,women,individual
23,Repond Kimmy,SUI,4,100.34,51.21,53.13,-4.0,,owg2026,,,,2.67,6.79,,,0,Skating Skills,2526,7.25,6.25,6.25,7.0,6.75,7.0,6.25,7.25,7.0,0,women,individual
24,Seniuk Mariia,ISR,3,94.0,44.64,50.36,-1.0,3.3,owg2026,2A,1.0,0.0,,3.77,0.47,,1,,2526,1.0,2.0,2.0,2.0,0.0,1.0,1.0,2.0,1.0,0,women,individual
24,Seniuk Mariia,ISR,3,94.0,44.64,50.36,-1.0,9.5,owg2026,3F+3Tq,2.0,0.0,,8.59,-0.91,q,1,,2526,-2.0,-2.0,-1.0,-2.0,-2.0,2.0,-2.0,-2.0,-1.0,0,women,individual
24,Seniuk Mariia,ISR,3,94.0,44.64,50.36,-1.0,1.3,owg2026,2S,3.0,0.0,,1.3,0.0,,1,,2526,0.0,0.0,0.0,0.0,0.0,1.0,0.0,0.0,0.0,0,women,individual
24,Seniuk Mariia,ISR,3,94.0,44.64,50.36,-1.0,3.0,owg2026,ChSq1,4.0,0.0,,3.79,0.79,,1,,2526,2.0,2.0,1.0,2.0,1.0,0.0,1.0,2.0,2.0,0,women,individual
24,Seniuk Mariia,ISR,3,94.0,44.64,50.36,-1.0,4.9,owg2026,3Lo,5.0,0.0,,2.45,-2.45,F,1,,2526,-5.0,-5.0,-5.0,-5.0,-5.0,-5.0,-5.0,-5.0,-5.0,0,women,individual
24,Seniuk Mariia,ISR,3,94.0,44.64,50.36,-1.0,3.5,owg2026,CCoSp4,6.0,0.0,,4.3,0.8,,1,,2526,3.0,2.0,3.0,3.0,2.0,1.0,2.0,2.0,2.0,0,women,individual
24,Seniuk Mariia,ISR,3,94.0,44.64,50.36,-1.0,5.19,owg2026,3Lze,7.0,1.0,,3.7,-1.49,e,1,,2526,-2.0,-3.0,-3.0,-4.0,-4.0,-4.0,-2.0,-3.0,-3.0,0,women,individual
24,Seniuk Mariia,ISR,3,94.0,44.64,50.36,-1.0,5.19,owg2026,3Lzeq+A+SEQ,8.0,1.0,,2.83,-2.36,"e,q",1,,2526,-5.0,-5.0,-5.0,-5.0,-5.0,-5.0,-5.0,-5.0,-5.0,0,women,individual
24,Seniuk Mariia,ISR,3,94.0,44.64,50.36,-1.0,7.26,owg2026,3F+2T,9.0,1.0,,5.44,-1.82,,1,,2526,-3.0,-4.0,-3.0,-4.0,-3.0,-4.0,-4.0,-3.0,-3.0,0,women,individual
24,Seniuk Mariia,ISR,3,94.0,44.64,50.36,-1.0,2.3,owg2026,FCSp2,10.0,0.0,,2.5,0.2,,1,,2526,1.0,0.0,1.0,2.0,0.0,0.0,1.0,2.0,1.0,0,women,individual
24,Seniuk Mariia,ISR,3,94.0,44.64,50.36,-1.0,2.6,owg2026,StSq2,11.0,0.0,,2.71,0.11,,1,,2526,-1.0,0.0,1.0,0.0,0.0,0.0,1.0,2.0,1.0,0,women,individual
24,Seniuk Mariia,ISR,3,94.0,44.64,50.36,-1.0,3.0,owg2026,FCCoSp3,12.0,0.0,,3.26,0.26,,1,,2526,1.0,0.0,1.0,1.0,0.0,1.0,1.0,1.0,1.0,0,women,individual
24,Seniuk Mariia,ISR,3,94.0,44.64,50.36,-1.0,,owg2026,,,,2.67,6.29,,,0,Composition,2526,6.5,6.0,6.5,6.5,6.25,5.75,6.25,6.75,6.0,0,women,individual
24,Seniuk Mariia,ISR,3,94.0,44.64,50.36,-1.0,,owg2026,,,,2.67,6.07,,,0,Presentation,2526,7.0,5.75,6.25,6.25,5.75,5.0,6.0,6.75,5.75,0,women,individual
24,Seniuk Mariia,ISR,3,94.0,44.64,50.36,-1.0,,owg2026,,,,2.67,6.5,,,0,Skating Skills,2526,6.5,6.5,6.75,6.25,6.5,6.75,6.25,7.25,6.25,0,women,individual
1,Malinin Ilia,USA,28,108.16,62.35,45.81,0.0,11.0,owg2026,4F,1.0,0.0,,14.77,3.77,,1,,2526,4.0,4.0,4.0,4.0,3.0,3.0,2.0,3.0,3.0,1,men,individual
1,Malinin Ilia,USA,28,108.16,62.35,45.81,0.0,8.0,owg2026,3A,2.0,0.0,,9.6,1.6,,1,,2526,2.0,3.0,2.0,2.0,2.0,2.0,1.0,2.0,2.0,1,men,individual
1,Malinin Ilia,USA,28,108.16,62.35,45.81,0.0,3.2,owg2026,CCSp4,3.0,0.0,,3.43,0.23,,1,,2526,0.0,0.0,2.0,2.0,2.0,1.0,0.0,0.0,0.0,1,men,individual
1,Malinin Ilia,USA,28,108.16,62.35,45.81,0.0,17.27,owg2026,4Lz+3T,4.0,1.0,,22.03,4.76,,1,,2526,4.0,4.0,4.0,3.0,4.0,5.0,4.0,5.0,4.0,1,men,individual
1,Malinin Ilia,USA,28,108.16,62.35,45.81,0.0,2.6,owg2026,FSSp3,5.0,0.0,,3.16,0.56,,1,,2526,1.0,2.0,2.0,3.0,3.0,2.0,1.0,2.0,3.0,1,men,individual
1,Malinin Ilia,USA,28,108.16,62.35,45.81,0.0,3.3,owg2026,StSq3,6.0,0.0,,4.86,1.56,,1,,2526,4.0,4.0,5.0,5.0,3.0,5.0,5.0,5.0,5.0,1,men,individual
1,Malinin Ilia,USA,28,108.16,62.35,45.81,0.0,3.5,owg2026,CCoSp4,7.0,0.0,,4.5,1.0,,1,,2526,3.0,3.0,3.0,4.0,3.0,3.0,1.0,2.0,3.0,1,men,individual
1,Malinin Ilia,USA,28,108.16,62.35,45.81,0.0,,owg2026,,,,1.67,9.11,,,0,Composition,2526,9.25,9.25,9.25,9.0,8.75,9.25,9.0,8.5,9.5,1,men,individual
1,Malinin Ilia,USA,28,108.16,62.35,45.81,0.0,,owg2026,,,,1.67,9.25,,,0,Presentation,2526,9.25,9.0,9.5,10.0,9.0,9.5,8.75,9.0,9.5,1,men,individual
1,Malinin Ilia,USA,28,108.16,62.35,45.81,0.0,,owg2026,,,,1.67,9.07,,,0,Skating Skills,2526,9.5,8.75,9.25,9.5,8.75,9.0,8.5,8.75,9.5,1,men,individual
2,Kagiyama Yuma,JPN,29,103.07,56.5,46.57,0.0,13.7,owg2026,4T+3T,1.0,0.0,,17.77,4.07,,1,,2526,4.0,4.0,5.0,5.0,5.0,4.0,3.0,4.0,4.0,1,men,individual
2,Kagiyama Yuma,JPN,29,103.07,56.5,46.57,0.0,9.7,owg2026,4S,2.0,0.0,,13.58,3.88,,1,,2526,4.0,5.0,5.0,4.0,4.0,4.0,3.0,3.0,4.0,1,men,individual
2,Kagiyama Yuma,JPN,29,103.07,56.5,46.57,0.0,3.2,owg2026,CCSp4,3.0,0.0,,4.16,0.96,,1,,2526,4.0,4.0,3.0,2.0,3.0,3.0,2.0,3.0,3.0,1,men,individual
2,Kagiyama Yuma,JPN,29,103.07,56.5,46.57,0.0,8.8,owg2026,3A,4.0,1.0,,6.4,-2.4,,1,,2526,-3.0,-3.0,-3.0,-3.0,-2.0,-2.0,-4.0,-3.0,-4.0,1,men,individual
2,Kagiyama Yuma,JPN,29,103.07,56.5,46.57,0.0,3.0,owg2026,FSSp4,5.0,0.0,,3.94,0.94,,1,,2526,3.0,3.0,3.0,4.0,4.0,3.0,3.0,3.0,2.0,1,men,individual
2,Kagiyama Yuma,JPN,29,103.07,56.5,46.57,0.0,3.9,owg2026,StSq4,6.0,0.0,,5.85,1.95,,1,,2526,4.0,5.0,5.0,5.0,5.0,5.0,5.0,5.0,5.0,1,men,individual
2,Kagiyama Yuma,JPN,29,103.07,56.5,46.57,0.0,3.5,owg2026,CCoSp4,7.0,0.0,,4.8,1.3,,1,,2526,4.0,4.0,4.0,4.0,4.0,3.0,4.0,3.0,3.0,1,men,individual
2,Kagiyama Yuma,JPN,29,103.07,56.5,46.57,0.0,,owg2026,,,,1.67,9.36,,,0,Composition,2526,9.5,9.5,9.25,9.5,9.25,9.0,9.25,9.5,9.25,1,men,individual
2,Kagiyama Yuma,JPN,29,103.07,56.5,46.57,0.0,,owg2026,,,,1.67,9.14,,,0,Presentation,2526,9.25,9.25,8.75,9.5,9.0,9.0,8.75,9.25,9.5,1,men,individual
2,Kagiyama Yuma,JPN,29,103.07,56.5,46.57,0.0,,owg2026,,,,1.67,9.39,,,0,Skating Skills,2526,9.5,9.25,9.25,9.5,9.25,9.5,9.25,9.5,9.5,1,men,individual
3,Siao Him Fa Adam,FRA,25,102.55,57.27,45.28,0.0,13.7,owg2026,4T+3T,1.0,0.0,,16.96,3.26,,1,,2526,3.0,4.0,4.0,4.0,4.0,3.0,3.0,3.0,3.0,1,men,individual
3,Siao Him Fa Adam,FRA,25,102.55,57.27,45.28,0.0,8.0,owg2026,3A,2.0,0.0,,10.06,2.06,,1,,2526,2.0,3.0,3.0,3.0,3.0,2.0,2.0,2.0,3.0,1,men,individual
3,Siao Him Fa Adam,FRA,25,102.55,57.27,45.28,0.0,9.7,owg2026,4S,3.0,0.0,,13.03,3.33,,1,,2526,4.0,3.0,3.0,5.0,4.0,4.0,3.0,3.0,3.0,1,men,individual
3,Siao Him Fa Adam,FRA,25,102.55,57.27,45.28,0.0,3.2,owg2026,FCSp4,4.0,0.0,,4.02,0.82,,1,,2526,3.0,3.0,2.0,2.0,3.0,3.0,2.0,2.0,3.0,1,men,individual
3,Siao Him Fa Adam,FRA,25,102.55,57.27,45.28,0.0,3.5,owg2026,CCoSp4,5.0,0.0,,4.4,0.9,,1,,2526,3.0,4.0,3.0,3.0,3.0,2.0,2.0,2.0,2.0,1,men,individual
3,Siao Him Fa Adam,FRA,25,102.55,57.27,45.28,0.0,3.3,owg2026,StSq3,6.0,0.0,,4.81,1.51,,1,,2526,5.0,4.0,5.0,5.0,5.0,5.0,4.0,4.0,4.0,1,men,individual
3,Siao Him Fa Adam,FRA,25,102.55,57.27,45.28,0.0,3.0,owg2026,CSSp4,7.0,0.0,,3.99,0.99,,1,,2526,1.0,3.0,4.0,4.0,4.0,3.0,3.0,3.0,3.0,1,men,individual
3,Siao Him Fa Adam,FRA,25,102.55,57.27,45.28,0.0,,owg2026,,,,1.67,9.04,,,0,Composition,2526,9.25,8.75,9.0,9.5,9.5,8.75,8.5,8.75,9.25,1,men,individual
3,Siao Him Fa Adam,FRA,25,102.55,57.27,45.28,0.0,,owg2026,,,,1.67,9.18,,,0,Presentation,2526,9.25,9.0,9.25,9.5,9.5,9.25,8.75,8.5,9.25,1,men,individual
3,Siao Him Fa Adam,FRA,25,102.55,57.27,45.28,0.0,,owg2026,,,,1.67,8.89,,,0,Skating Skills,2526,9.0,8.75,8.75,9.75,9.25,8.5,8.75,8.75,9.0,1,men,individual
4,Grassl Daniel,ITA,20,93.46,52.73,40.73,0.0,15.7,owg2026,4Lz+3T,1.0,0.0,,16.03,0.33,,1,,2526,0.0,2.0,0.0,0.0,0.0,1.0,0.0,0.0,1.0,1,men,individual
4,Grassl Daniel,ITA,20,93.46,52.73,40.73,0.0,10.5,owg2026,4Loq,2.0,0.0,,9.3,-1.2,q,1,,2526,-2.0,0.0,-1.0,-1.0,-1.0,-1.0,-2.0,-2.0,0.0,1,men,individual
4,Grassl Daniel,ITA,20,93.46,52.73,40.73,0.0,8.8,owg2026,3A,3.0,1.0,,10.63,1.83,,1,,2526,2.0,4.0,3.0,2.0,3.0,2.0,2.0,2.0,2.0,1,men,individual
4,Grassl Daniel,ITA,20,93.46,52.73,40.73,0.0,3.0,owg2026,FSSp4,4.0,0.0,,3.69,0.69,,1,,2526,2.0,3.0,3.0,2.0,2.0,2.0,2.0,2.0,3.0,1,men,individual
4,Grassl Daniel,ITA,20,93.46,52.73,40.73,0.0,3.9,owg2026,StSq4,5.0,0.0,,4.9,1.0,,1,,2526,2.0,4.0,3.0,3.0,3.0,2.0,2.0,2.0,3.0,1,men,individual
4,Grassl Daniel,ITA,20,93.46,52.73,40.73,0.0,3.2,owg2026,CCSp4,6.0,0.0,,3.98,0.78,,1,,2526,2.0,4.0,2.0,2.0,2.0,2.0,3.0,3.0,3.0,1,men,individual
4,Grassl Daniel,ITA,20,93.46,52.73,40.73,0.0,3.5,owg2026,CCoSp4,7.0,0.0,,4.2,0.7,,1,,2526,2.0,3.0,2.0,2.0,1.0,2.0,2.0,2.0,2.0,1,men,individual
4,Grassl Daniel,ITA,20,93.46,52.73,40.73,0.0,,owg2026,,,,1.67,8.18,,,0,Composition,2526,8.0,8.75,8.0,8.0,8.5,8.0,8.25,8.0,8.5,1,men,individual
4,Grassl Daniel,ITA,20,93.46,52.73,40.73,0.0,,owg2026,,,,1.67,8.25,,,0,Presentation,2526,8.0,8.5,8.25,8.0,8.25,8.25,8.25,8.25,8.5,1,men,individual
4,Grassl Daniel,ITA,20,93.46,52.73,40.73,0.0,,owg2026,,,,1.67,7.96,,,0,Skating Skills,2526,7.75,8.5,8.0,7.5,8.0,7.5,8.0,8.0,8.5,1,men,individual
5,Shaidorov Mikhail,KAZ,27,92.94,52.45,40.49,0.0,15.7,owg2026,4Lzq+3T,1.0,0.0,,15.37,-0.33,q,1,,2526,-2.0,-1.0,-1.0,0.0,0.0,0.0,0.0,0.0,0.0,1,men,individual
5,Shaidorov Mikhail,KAZ,27,92.94,52.45,40.49,0.0,8.0,owg2026,3A,2.0,0.0,,9.14,1.14,,1,,2526,1.0,2.0,2.0,2.0,1.0,1.0,1.0,1.0,3.0,1,men,individual
5,Shaidorov Mikhail,KAZ,27,92.94,52.45,40.49,0.0,2.8,owg2026,FCSp3,3.0,0.0,,3.12,0.32,,1,,2526,1.0,3.0,1.0,0.0,1.0,1.0,1.0,1.0,2.0,1,men,individual
5,Shaidorov Mikhail,KAZ,27,92.94,52.45,40.49,0.0,10.45,owg2026,4T,4.0,1.0,,13.16,2.71,,1,,2526,2.0,3.0,3.0,3.0,4.0,3.0,2.0,2.0,4.0,1,men,individual
5,Shaidorov Mikhail,KAZ,27,92.94,52.45,40.49,0.0,3.3,owg2026,StSq3,5.0,0.0,,3.91,0.61,,1,,2526,1.0,3.0,1.0,1.0,2.0,2.0,2.0,2.0,3.0,1,men,individual
5,Shaidorov Mikhail,KAZ,27,92.94,52.45,40.49,0.0,3.5,owg2026,CCoSp4,6.0,0.0,,4.15,0.65,,1,,2526,2.0,2.0,0.0,1.0,2.0,2.0,2.0,2.0,2.0,1,men,individual
5,Shaidorov Mikhail,KAZ,27,92.94,52.45,40.49,0.0,3.0,owg2026,CSSp4,7.0,0.0,,3.6,0.6,,1,,2526,1.0,3.0,2.0,2.0,1.0,2.0,2.0,2.0,3.0,1,men,individual
5,Shaidorov Mikhail,KAZ,27,92.94,52.45,40.49,0.0,,owg2026,,,,1.67,8.0,,,0,Composition,2526,7.25,8.5,7.75,7.5,8.0,8.25,8.25,7.75,8.5,1,men,individual
5,Shaidorov Mikhail,KAZ,27,92.94,52.45,40.49,0.0,,owg2026,,,,1.67,8.14,,,0,Presentation,2526,7.5,8.25,8.0,8.25,8.25,8.25,8.0,8.0,8.75,1,men,individual
5,Shaidorov Mikhail,KAZ,27,92.94,52.45,40.49,0.0,,owg2026,,,,1.67,8.11,,,0,Skating Skills,2526,7.75,8.25,8.0,8.0,8.25,8.0,8.0,8.25,8.75,1,men,individual
6,Cha Junhwan,KOR,15,92.72,50.08,42.64,0.0,9.7,owg2026,4S,1.0,0.0,,12.89,3.19,,1,,2526,3.0,3.0,3.0,3.0,4.0,4.0,3.0,4.0,3.0,1,men,individual
6,Cha Junhwan,KOR,15,92.72,50.08,42.64,0.0,10.8,owg2026,3Lz+3Lo,2.0,0.0,,12.4,1.6,,1,,2526,2.0,3.0,3.0,2.0,3.0,3.0,2.0,3.0,3.0,1,men,individual
6,Cha Junhwan,KOR,15,92.72,50.08,42.64,0.0,3.2,owg2026,FCSp4,3.0,0.0,,3.66,0.46,,1,,2526,1.0,1.0,2.0,1.0,2.0,2.0,1.0,2.0,1.0,1,men,individual
6,Cha Junhwan,KOR,15,92.72,50.08,42.64,0.0,8.8,owg2026,3Aq,4.0,1.0,,8.11,-0.69,q,1,,2526,-2.0,-2.0,0.0,-1.0,0.0,0.0,-2.0,0.0,-1.0,1,men,individual
6,Cha Junhwan,KOR,15,92.72,50.08,42.64,0.0,3.0,owg2026,CSSp4,5.0,0.0,,3.56,0.56,,1,,2526,0.0,3.0,3.0,1.0,2.0,1.0,1.0,2.0,3.0,1,men,individual
6,Cha Junhwan,KOR,15,92.72,50.08,42.64,0.0,3.3,owg2026,StSq3,6.0,0.0,,4.71,1.41,,1,,2526,4.0,3.0,4.0,4.0,5.0,4.0,5.0,5.0,4.0,1,men,individual
6,Cha Junhwan,KOR,15,92.72,50.08,42.64,0.0,3.5,owg2026,CCoSp4,7.0,0.0,,4.75,1.25,,1,,2526,3.0,3.0,4.0,3.0,4.0,4.0,3.0,4.0,4.0,1,men,individual
6,Cha Junhwan,KOR,15,92.72,50.08,42.64,0.0,,owg2026,,,,1.67,8.39,,,0,Composition,2526,8.0,8.0,8.5,8.0,8.25,8.5,8.75,9.0,8.75,1,men,individual
6,Cha Junhwan,KOR,15,92.72,50.08,42.64,0.0,,owg2026,,,,1.67,8.64,,,0,Presentation,2526,8.25,8.0,8.5,8.5,8.75,8.75,9.25,9.5,8.5,1,men,individual
6,Cha Junhwan,KOR,15,92.72,50.08,42.64,0.0,,owg2026,,,,1.67,8.5,,,0,Skating Skills,2526,8.0,8.25,8.75,8.25,8.5,8.25,9.0,9.25,8.5,1,men,individual
7,Aymoz Kevin,FRA,22,92.64,48.55,44.09,0.0,13.7,owg2026,4T+3T,1.0,0.0,,15.87,2.17,,1,,2526,2.0,2.0,3.0,3.0,2.0,3.0,2.0,2.0,2.0,1,men,individual
7,Aymoz Kevin,FRA,22,92.64,48.55,44.09,0.0,8.0,owg2026,3A,2.0,0.0,,9.83,1.83,,1,,2526,2.0,3.0,3.0,3.0,2.0,2.0,2.0,2.0,2.0,1,men,individual
7,Aymoz Kevin,FRA,22,92.64,48.55,44.09,0.0,3.2,owg2026,CCSp4,3.0,0.0,,2.83,-0.37,,1,,2526,-2.0,-1.0,-1.0,-2.0,-1.0,0.0,-1.0,-2.0,2.0,1,men,individual
7,Aymoz Kevin,FRA,22,92.64,48.55,44.09,0.0,6.49,owg2026,3Lz,4.0,1.0,,6.91,0.42,,1,,2526,1.0,1.0,1.0,1.0,0.0,1.0,0.0,0.0,1.0,1,men,individual
7,Aymoz Kevin,FRA,22,92.64,48.55,44.09,0.0,2.6,owg2026,FSSp3,5.0,0.0,,3.34,0.74,,1,,2526,3.0,3.0,3.0,3.0,2.0,3.0,3.0,2.0,3.0,1,men,individual
7,Aymoz Kevin,FRA,22,92.64,48.55,44.09,0.0,3.9,owg2026,StSq4,6.0,0.0,,5.52,1.62,,1,,2526,4.0,4.0,5.0,5.0,4.0,4.0,4.0,4.0,4.0,1,men,individual
7,Aymoz Kevin,FRA,22,92.64,48.55,44.09,0.0,3.5,owg2026,CCoSp4,7.0,0.0,,4.25,0.75,,1,,2526,2.0,3.0,3.0,2.0,3.0,2.0,0.0,1.0,2.0,1,men,individual
7,Aymoz Kevin,FRA,22,92.64,48.55,44.09,0.0,,owg2026,,,,1.67,8.75,,,0,Composition,2526,8.5,8.75,8.75,9.0,8.75,8.5,8.75,8.75,9.0,1,men,individual
7,Aymoz Kevin,FRA,22,92.64,48.55,44.09,0.0,,owg2026,,,,1.67,9.04,,,0,Presentation,2526,8.75,9.25,9.0,9.75,9.25,9.0,9.0,8.75,9.0,1,men,individual
7,Aymoz Kevin,FRA,22,92.64,48.55,44.09,0.0,,owg2026,,,,1.67,8.61,,,0,Skating Skills,2526,8.5,8.5,8.5,8.75,8.75,8.5,8.75,8.5,8.75,1,men,individual
8,Torgashev Andrew,USA,14,88.94,48.56,40.38,0.0,9.5,owg2026,4T,1.0,0.0,,11.54,2.04,,1,,2526,2.0,3.0,2.0,2.0,2.0,2.0,2.0,2.0,3.0,1,men,individual
8,Torgashev Andrew,USA,14,88.94,48.56,40.38,0.0,8.0,owg2026,3A,2.0,0.0,,10.17,2.17,,1,,2526,1.0,3.0,3.0,3.0,3.0,3.0,2.0,2.0,3.0,1,men,individual
8,Torgashev Andrew,USA,14,88.94,48.56,40.38,0.0,2.8,owg2026,CCSp3,3.0,0.0,,3.32,0.52,,1,,2526,0.0,2.0,2.0,2.0,2.0,2.0,1.0,2.0,2.0,1,men,individual
8,Torgashev Andrew,USA,14,88.94,48.56,40.38,0.0,10.45,owg2026,3F+3T,4.0,1.0,,11.43,0.98,,1,,2526,1.0,2.0,3.0,3.0,2.0,2.0,1.0,1.0,2.0,1,men,individual
8,Torgashev Andrew,USA,14,88.94,48.56,40.38,0.0,2.6,owg2026,FSSp3,5.0,0.0,,3.31,0.71,,1,,2526,2.0,2.0,3.0,3.0,3.0,3.0,3.0,2.0,3.0,1,men,individual
8,Torgashev Andrew,USA,14,88.94,48.56,40.38,0.0,3.3,owg2026,StSq3,6.0,0.0,,4.24,0.94,,1,,2526,2.0,2.0,4.0,3.0,3.0,3.0,3.0,3.0,3.0,1,men,individual
8,Torgashev Andrew,USA,14,88.94,48.56,40.38,0.0,3.5,owg2026,CCoSp4,7.0,0.0,,4.55,1.05,,1,,2526,2.0,2.0,4.0,4.0,3.0,3.0,3.0,3.0,3.0,1,men,individual
8,Torgashev Andrew,USA,14,88.94,48.56,40.38,0.0,,owg2026,,,,1.67,7.89,,,0,Composition,2526,7.5,7.75,8.25,8.0,8.0,8.0,7.75,7.5,8.25,1,men,individual
8,Torgashev Andrew,USA,14,88.94,48.56,40.38,0.0,,owg2026,,,,1.67,8.11,,,0,Presentation,2526,7.75,8.0,8.5,8.25,7.75,8.5,8.0,8.0,8.25,1,men,individual
8,Torgashev Andrew,USA,14,88.94,48.56,40.38,0.0,,owg2026,,,,1.67,8.18,,,0,Skating Skills,2526,7.25,7.75,8.5,8.25,8.25,8.25,8.5,7.75,8.5,1,men,individual
9,Sato Shun,JPN,24,88.7,46.77,41.93,0.0,11.5,owg2026,4Lz,1.0,0.0,,14.13,2.63,,1,,2526,3.0,3.0,3.0,2.0,2.0,2.0,1.0,1.0,3.0,1,men,individual
9,Sato Shun,JPN,24,88.7,46.77,41.93,0.0,10.8,owg2026,4T+2T,2.0,0.0,,8.09,-2.71,,1,,2526,-3.0,-2.0,-3.0,-2.0,-4.0,-2.0,-3.0,-3.0,-4.0,1,men,individual
9,Sato Shun,JPN,24,88.7,46.77,41.93,0.0,3.0,owg2026,CSSp4,3.0,0.0,,3.6,0.6,,1,,2526,2.0,2.0,2.0,2.0,2.0,2.0,2.0,1.0,3.0,1,men,individual
9,Sato Shun,JPN,24,88.7,46.77,41.93,0.0,2.8,owg2026,FCSp3,4.0,0.0,,3.28,0.48,,1,,2526,1.0,3.0,2.0,1.0,1.0,2.0,2.0,2.0,2.0,1,men,individual
9,Sato Shun,JPN,24,88.7,46.77,41.93,0.0,8.8,owg2026,3A,5.0,1.0,,10.06,1.26,,1,,2526,2.0,3.0,2.0,2.0,1.0,2.0,0.0,0.0,2.0,1,men,individual
9,Sato Shun,JPN,24,88.7,46.77,41.93,0.0,3.3,owg2026,StSq3,6.0,0.0,,4.01,0.71,,1,,2526,2.0,2.0,3.0,2.0,2.0,2.0,2.0,2.0,3.0,1,men,individual
9,Sato Shun,JPN,24,88.7,46.77,41.93,0.0,3.0,owg2026,CCoSp3,7.0,0.0,,3.6,0.6,,1,,2526,3.0,3.0,2.0,1.0,2.0,3.0,1.0,1.0,2.0,1,men,individual
9,Sato Shun,JPN,24,88.7,46.77,41.93,0.0,,owg2026,,,,1.67,8.39,,,0,Composition,2526,8.5,8.5,8.5,7.75,8.5,8.5,8.0,8.25,8.75,1,men,individual
9,Sato Shun,JPN,24,88.7,46.77,41.93,0.0,,owg2026,,,,1.67,8.18,,,0,Presentation,2526,8.5,8.75,8.0,8.25,8.25,8.0,7.75,7.75,8.5,1,men,individual
9,Sato Shun,JPN,24,88.7,46.77,41.93,0.0,,owg2026,,,,1.67,8.54,,,0,Skating Skills,2526,8.75,8.75,8.5,8.75,8.75,8.25,7.75,8.0,8.75,1,men,individual
10,Gogolev Stephen,CAN,7,87.41,48.23,39.18,0.0,13.7,owg2026,4T+3T,1.0,0.0,,15.6,1.9,,1,,2526,2.0,2.0,2.0,2.0,2.0,3.0,2.0,2.0,2.0,1,men,individual
10,Gogolev Stephen,CAN,7,87.41,48.23,39.18,0.0,9.7,owg2026,4S,2.0,0.0,,10.53,0.83,,1,,2526,1.0,1.0,0.0,1.0,1.0,1.0,0.0,1.0,1.0,1,men,individual
10,Gogolev Stephen,CAN,7,87.41,48.23,39.18,0.0,2.5,owg2026,CCoSp2,3.0,0.0,,2.79,0.29,,1,,2526,1.0,1.0,1.0,1.0,0.0,2.0,1.0,1.0,2.0,1,men,individual
10,Gogolev Stephen,CAN,7,87.41,48.23,39.18,0.0,8.8,owg2026,3A,4.0,1.0,,7.31,-1.49,,1,,2526,-3.0,-3.0,-2.0,-1.0,-3.0,-1.0,-1.0,-1.0,-2.0,1,men,individual
10,Gogolev Stephen,CAN,7,87.41,48.23,39.18,0.0,3.2,owg2026,FCSp4,5.0,0.0,,3.7,0.5,,1,,2526,1.0,2.0,1.0,1.0,2.0,2.0,2.0,2.0,1.0,1,men,individual
10,Gogolev Stephen,CAN,7,87.41,48.23,39.18,0.0,3.9,owg2026,StSq4,6.0,0.0,,4.79,0.89,,1,,2526,2.0,2.0,2.0,3.0,3.0,2.0,2.0,3.0,2.0,1,men,individual
10,Gogolev Stephen,CAN,7,87.41,48.23,39.18,0.0,3.0,owg2026,CSSp4,7.0,0.0,,3.51,0.51,,1,,2526,0.0,2.0,2.0,1.0,2.0,3.0,2.0,2.0,1.0,1,men,individual
10,Gogolev Stephen,CAN,7,87.41,48.23,39.18,0.0,,owg2026,,,,1.67,7.93,,,0,Composition,2526,7.25,7.75,7.75,7.75,8.0,8.25,8.25,8.0,8.0,1,men,individual
10,Gogolev Stephen,CAN,7,87.41,48.23,39.18,0.0,,owg2026,,,,1.67,7.71,,,0,Presentation,2526,7.5,7.5,7.5,8.0,8.0,7.75,8.25,7.5,7.75,1,men,individual
10,Gogolev Stephen,CAN,7,87.41,48.23,39.18,0.0,,owg2026,,,,1.67,7.82,,,0,Skating Skills,2526,7.5,7.5,8.0,8.0,7.5,8.0,7.75,8.0,8.25,1,men,individual
11,Marsak Kyrylo,UKR,8,86.89,49.2,37.69,0.0,9.7,owg2026,4S,1.0,0.0,,12.61,2.91,,1,,2526,3.0,3.0,3.0,3.0,3.0,3.0,3.0,3.0,3.0,1,men,individual
11,Marsak Kyrylo,UKR,8,86.89,49.2,37.69,0.0,8.0,owg2026,3A,2.0,0.0,,10.29,2.29,,1,,2526,3.0,3.0,3.0,3.0,2.0,3.0,2.0,3.0,3.0,1,men,individual
11,Marsak Kyrylo,UKR,8,86.89,49.2,37.69,0.0,2.8,owg2026,CCSp3,3.0,0.0,,2.96,0.16,,1,,2526,0.0,1.0,1.0,1.0,1.0,-1.0,0.0,0.0,1.0,1,men,individual
11,Marsak Kyrylo,UKR,8,86.89,49.2,37.69,0.0,11.11,owg2026,3Lz+3T,4.0,1.0,,12.21,1.1,,1,,2526,2.0,2.0,2.0,1.0,2.0,1.0,2.0,2.0,2.0,1,men,individual
11,Marsak Kyrylo,UKR,8,86.89,49.2,37.69,0.0,2.6,owg2026,FSSp3,5.0,0.0,,2.97,0.37,,1,,2526,2.0,2.0,2.0,2.0,2.0,0.0,0.0,1.0,1.0,1,men,individual
11,Marsak Kyrylo,UKR,8,86.89,49.2,37.69,0.0,3.9,owg2026,StSq4,6.0,0.0,,4.51,0.61,,1,,2526,1.0,0.0,1.0,1.0,3.0,2.0,1.0,3.0,2.0,1,men,individual
11,Marsak Kyrylo,UKR,8,86.89,49.2,37.69,0.0,3.5,owg2026,CCoSp4,7.0,0.0,,3.65,0.15,,1,,2526,0.0,-2.0,0.0,0.0,2.0,1.0,0.0,1.0,1.0,1,men,individual
11,Marsak Kyrylo,UKR,8,86.89,49.2,37.69,0.0,,owg2026,,,,1.67,7.39,,,0,Composition,2526,7.5,7.0,7.0,7.75,7.5,7.25,7.25,8.25,7.5,1,men,individual
11,Marsak Kyrylo,UKR,8,86.89,49.2,37.69,0.0,,owg2026,,,,1.67,7.57,,,0,Presentation,2526,7.25,7.25,7.25,7.75,8.0,7.75,7.0,8.25,7.75,1,men,individual
11,Marsak Kyrylo,UKR,8,86.89,49.2,37.69,0.0,,owg2026,,,,1.67,7.61,,,0,Skating Skills,2526,7.5,7.25,7.25,8.0,8.0,7.5,6.75,8.0,7.75,1,men,individual
12,Gumennik Petr,AIN,1,86.72,48.43,38.29,0.0,12.3,owg2026,4F+2T,1.0,0.0,,10.73,-1.57,,1,,2526,0.0,-2.0,-1.0,-2.0,-2.0,-1.0,-1.0,-2.0,-1.0,1,men,individual
12,Gumennik Petr,AIN,1,86.72,48.43,38.29,0.0,11.5,owg2026,4Lz,2.0,0.0,,12.49,0.99,,1,,2526,2.0,1.0,1.0,1.0,-1.0,2.0,0.0,0.0,1.0,1,men,individual
12,Gumennik Petr,AIN,1,86.72,48.43,38.29,0.0,3.2,owg2026,FCSp4,3.0,0.0,,3.25,0.05,,1,,2526,2.0,-1.0,0.0,0.0,1.0,2.0,-1.0,0.0,-1.0,1,men,individual
12,Gumennik Petr,AIN,1,86.72,48.43,38.29,0.0,8.8,owg2026,3A,4.0,1.0,,9.94,1.14,,1,,2526,3.0,1.0,2.0,1.0,0.0,2.0,1.0,2.0,1.0,1,men,individual
12,Gumennik Petr,AIN,1,86.72,48.43,38.29,0.0,3.0,owg2026,CSSp4,5.0,0.0,,3.3,0.3,,1,,2526,2.0,0.0,1.0,1.0,0.0,2.0,1.0,1.0,1.0,1,men,individual
12,Gumennik Petr,AIN,1,86.72,48.43,38.29,0.0,3.9,owg2026,StSq4,6.0,0.0,,4.57,0.67,,1,,2526,3.0,1.0,2.0,2.0,1.0,1.0,2.0,2.0,2.0,1,men,individual
12,Gumennik Petr,AIN,1,86.72,48.43,38.29,0.0,3.5,owg2026,CCoSp4,7.0,0.0,,4.15,0.65,,1,,2526,3.0,1.0,2.0,2.0,0.0,3.0,2.0,1.0,2.0,1,men,individual
12,Gumennik Petr,AIN,1,86.72,48.43,38.29,0.0,,owg2026,,,,1.67,7.61,,,0,Composition,2526,8.5,7.0,7.75,7.25,7.75,7.5,7.5,7.75,7.75,1,men,individual
12,Gumennik Petr,AIN,1,86.72,48.43,38.29,0.0,,owg2026,,,,1.67,7.57,,,0,Presentation,2526,8.5,6.75,8.0,7.5,7.5,7.75,7.25,7.5,7.5,1,men,individual
12,Gumennik Petr,AIN,1,86.72,48.43,38.29,0.0,,owg2026,,,,1.67,7.75,,,0,Skating Skills,2526,8.5,7.25,8.25,8.0,7.5,7.75,7.25,7.75,7.75,1,men,individual
13,Jin Boyang,CHN,12,86.55,47.79,38.76,0.0,9.5,owg2026,4T,1.0,0.0,,11.54,2.04,,1,,2526,2.0,2.0,2.0,2.0,2.0,2.0,3.0,2.0,3.0,1,men,individual
13,Jin Boyang,CHN,12,86.55,47.79,38.76,0.0,8.0,owg2026,3A,2.0,0.0,,9.6,1.6,,1,,2526,2.0,3.0,2.0,2.0,2.0,2.0,2.0,2.0,2.0,1,men,individual
13,Jin Boyang,CHN,12,86.55,47.79,38.76,0.0,3.2,owg2026,FCSp4,3.0,0.0,,3.66,0.46,,1,,2526,1.0,2.0,1.0,1.0,1.0,2.0,1.0,2.0,2.0,1,men,individual
13,Jin Boyang,CHN,12,86.55,47.79,38.76,0.0,11.11,owg2026,3Lz+3T,4.0,1.0,,12.12,1.01,,1,,2526,1.0,2.0,2.0,1.0,1.0,2.0,2.0,2.0,3.0,1,men,individual
13,Jin Boyang,CHN,12,86.55,47.79,38.76,0.0,3.5,owg2026,CCoSp4,5.0,0.0,,4.1,0.6,,1,,2526,2.0,2.0,1.0,1.0,2.0,2.0,1.0,2.0,2.0,1,men,individual
13,Jin Boyang,CHN,12,86.55,47.79,38.76,0.0,3.3,owg2026,StSq3,6.0,0.0,,4.01,0.71,,1,,2526,2.0,2.0,2.0,2.0,3.0,2.0,2.0,2.0,3.0,1,men,individual
13,Jin Boyang,CHN,12,86.55,47.79,38.76,0.0,2.3,owg2026,CSSp2,7.0,0.0,,2.76,0.46,,1,,2526,1.0,2.0,2.0,2.0,2.0,2.0,2.0,2.0,3.0,1,men,individual
13,Jin Boyang,CHN,12,86.55,47.79,38.76,0.0,,owg2026,,,,1.67,7.75,,,0,Composition,2526,7.5,7.5,8.0,7.5,7.5,7.25,8.5,8.0,8.25,1,men,individual
13,Jin Boyang,CHN,12,86.55,47.79,38.76,0.0,,owg2026,,,,1.67,7.71,,,0,Presentation,2526,7.5,7.25,7.75,7.75,7.5,7.5,8.0,8.0,8.0,1,men,individual
13,Jin Boyang,CHN,12,86.55,47.79,38.76,0.0,,owg2026,,,,1.67,7.75,,,0,Skating Skills,2526,7.75,7.5,8.0,8.0,7.0,7.75,7.5,7.75,8.25,1,men,individual
14,Naumov Maxim,USA,2,85.65,47.77,37.88,0.0,9.7,owg2026,4S,1.0,0.0,,11.78,2.08,,1,,2526,2.0,2.0,2.0,2.0,2.0,3.0,2.0,2.0,3.0,1,men,individual
14,Naumov Maxim,USA,2,85.65,47.77,37.88,0.0,8.0,owg2026,3A,2.0,0.0,,7.54,-0.46,,1,,2526,0.0,-1.0,-1.0,-1.0,0.0,0.0,-1.0,-2.0,0.0,1,men,individual
14,Naumov Maxim,USA,2,85.65,47.77,37.88,0.0,3.2,owg2026,CCSp4,3.0,0.0,,3.84,0.64,,1,,2526,2.0,2.0,2.0,2.0,2.0,2.0,1.0,2.0,2.0,1,men,individual
14,Naumov Maxim,USA,2,85.65,47.77,37.88,0.0,11.11,owg2026,3Lz+3T,4.0,1.0,,12.46,1.35,,1,,2526,1.0,2.0,2.0,3.0,2.0,3.0,2.0,2.0,3.0,1,men,individual
14,Naumov Maxim,USA,2,85.65,47.77,37.88,0.0,3.9,owg2026,StSq4,5.0,0.0,,4.79,0.89,,1,,2526,2.0,1.0,2.0,2.0,3.0,3.0,3.0,2.0,2.0,1,men,individual
14,Naumov Maxim,USA,2,85.65,47.77,37.88,0.0,3.5,owg2026,CCoSp4,6.0,0.0,,4.15,0.65,,1,,2526,2.0,1.0,2.0,2.0,2.0,3.0,2.0,1.0,2.0,1,men,individual
14,Naumov Maxim,USA,2,85.65,47.77,37.88,0.0,3.0,owg2026,FSSp4,7.0,0.0,,3.21,0.21,,1,,2526,-1.0,1.0,1.0,2.0,1.0,2.0,0.0,-2.0,1.0,1,men,individual
14,Naumov Maxim,USA,2,85.65,47.77,37.88,0.0,,owg2026,,,,1.67,7.29,,,0,Composition,2526,8.0,6.75,7.25,7.0,6.25,7.5,7.5,7.5,7.5,1,men,individual
14,Naumov Maxim,USA,2,85.65,47.77,37.88,0.0,,owg2026,,,,1.67,7.71,,,0,Presentation,2526,7.75,6.75,7.75,7.75,7.0,8.25,8.0,8.0,7.75,1,men,individual
14,Naumov Maxim,USA,2,85.65,47.77,37.88,0.0,,owg2026,,,,1.67,7.68,,,0,Skating Skills,2526,7.75,7.0,7.5,8.25,7.5,8.0,7.75,7.75,7.5,1,men,individual
15,Egadze Nika,GEO,26,85.11,45.85,39.26,0.0,13.9,owg2026,4S+3T,1.0,0.0,,15.29,1.39,,1,,2526,3.0,3.0,1.0,1.0,2.0,0.0,1.0,1.0,1.0,1,men,individual
15,Egadze Nika,GEO,26,85.11,45.85,39.26,0.0,9.5,owg2026,4T,2.0,0.0,,6.38,-3.12,,1,,2526,-3.0,-3.0,-3.0,-3.0,-3.0,-3.0,-4.0,-4.0,-4.0,1,men,individual
15,Egadze Nika,GEO,26,85.11,45.85,39.26,0.0,3.2,owg2026,FCSp4,3.0,0.0,,3.66,0.46,,1,,2526,2.0,2.0,2.0,1.0,1.0,1.0,1.0,0.0,2.0,1,men,individual
15,Egadze Nika,GEO,26,85.11,45.85,39.26,0.0,8.8,owg2026,3A,4.0,1.0,,9.49,0.69,,1,,2526,2.0,1.0,2.0,1.0,1.0,0.0,0.0,0.0,1.0,1,men,individual
15,Egadze Nika,GEO,26,85.11,45.85,39.26,0.0,3.0,owg2026,CSSp4,5.0,0.0,,3.34,0.34,,1,,2526,3.0,1.0,2.0,3.0,-1.0,0.0,0.0,0.0,2.0,1,men,individual
15,Egadze Nika,GEO,26,85.11,45.85,39.26,0.0,3.3,owg2026,StSq3,6.0,0.0,,3.44,0.14,,1,,2526,0.0,0.0,0.0,1.0,1.0,1.0,0.0,1.0,-1.0,1,men,individual
15,Egadze Nika,GEO,26,85.11,45.85,39.26,0.0,3.5,owg2026,CCoSp4,7.0,0.0,,4.25,0.75,,1,,2526,3.0,2.0,2.0,1.0,3.0,2.0,2.0,2.0,2.0,1,men,individual
15,Egadze Nika,GEO,26,85.11,45.85,39.26,0.0,,owg2026,,,,1.67,7.93,,,0,Composition,2526,8.5,7.75,8.0,7.5,8.25,7.75,7.75,8.0,8.0,1,men,individual
15,Egadze Nika,GEO,26,85.11,45.85,39.26,0.0,,owg2026,,,,1.67,7.79,,,0,Presentation,2526,8.25,7.0,7.75,8.0,8.0,7.5,7.5,7.75,8.0,1,men,individual
15,Egadze Nika,GEO,26,85.11,45.85,39.26,0.0,,owg2026,,,,1.67,7.79,,,0,Skating Skills,2526,8.5,7.75,7.75,7.75,8.0,7.5,7.5,7.75,8.0,1,men,individual
16,Rizzo Matteo,ITA,18,84.3,42.49,41.81,0.0,9.5,owg2026,4T,1.0,0.0,,6.79,-2.71,,1,,2526,-3.0,-3.0,-3.0,-2.0,-3.0,-2.0,-3.0,-3.0,-3.0,1,men,individual
16,Rizzo Matteo,ITA,18,84.3,42.49,41.81,0.0,10.1,owg2026,3Lz+3T,2.0,0.0,,11.36,1.26,,1,,2526,2.0,3.0,2.0,3.0,2.0,2.0,2.0,2.0,2.0,1,men,individual
16,Rizzo Matteo,ITA,18,84.3,42.49,41.81,0.0,8.8,owg2026,3A,3.0,1.0,,10.63,1.83,,1,,2526,2.0,3.0,3.0,3.0,2.0,2.0,2.0,2.0,2.0,1,men,individual
16,Rizzo Matteo,ITA,18,84.3,42.49,41.81,0.0,3.0,owg2026,CCoSp3,4.0,0.0,,3.77,0.77,,1,,2526,2.0,3.0,2.0,3.0,3.0,3.0,2.0,2.0,3.0,1,men,individual
16,Rizzo Matteo,ITA,18,84.3,42.49,41.81,0.0,3.3,owg2026,StSq3,5.0,0.0,,4.29,0.99,,1,,2526,2.0,3.0,3.0,4.0,3.0,3.0,3.0,3.0,3.0,1,men,individual
16,Rizzo Matteo,ITA,18,84.3,42.49,41.81,0.0,2.8,owg2026,CCSp3,6.0,0.0,,2.64,-0.16,,1,,2526,-2.0,0.0,0.0,-2.0,3.0,-1.0,0.0,0.0,-1.0,1,men,individual
16,Rizzo Matteo,ITA,18,84.3,42.49,41.81,0.0,2.6,owg2026,FSSp3,7.0,0.0,,3.01,0.41,,1,,2526,0.0,1.0,2.0,2.0,2.0,1.0,2.0,1.0,2.0,1,men,individual
16,Rizzo Matteo,ITA,18,84.3,42.49,41.81,0.0,,owg2026,,,,1.67,8.46,,,0,Composition,2526,8.25,8.5,8.5,8.75,8.5,8.0,8.5,8.5,8.5,1,men,individual
16,Rizzo Matteo,ITA,18,84.3,42.49,41.81,0.0,,owg2026,,,,1.67,8.29,,,0,Presentation,2526,7.75,8.5,8.25,8.5,8.25,8.25,8.25,8.0,8.5,1,men,individual
16,Rizzo Matteo,ITA,18,84.3,42.49,41.81,0.0,,owg2026,,,,1.67,8.29,,,0,Skating Skills,2526,8.0,8.25,8.25,9.0,8.25,8.25,8.5,8.25,8.25,1,men,individual
17,Vasiljevs Deniss,LAT,17,82.44,42.34,40.1,0.0,8.0,owg2026,3A,1.0,0.0,,9.49,1.49,,1,,2526,2.0,2.0,2.0,2.0,2.0,2.0,1.0,1.0,2.0,1,men,individual
17,Vasiljevs Deniss,LAT,17,82.44,42.34,40.1,0.0,10.1,owg2026,3Lz+3T,2.0,0.0,,11.7,1.6,,1,,2526,3.0,3.0,3.0,3.0,3.0,3.0,2.0,2.0,2.0,1,men,individual
17,Vasiljevs Deniss,LAT,17,82.44,42.34,40.1,0.0,2.8,owg2026,CCSp3,3.0,0.0,,2.76,-0.04,,1,,2526,0.0,0.0,0.0,0.0,0.0,-1.0,1.0,0.0,-1.0,1,men,individual
17,Vasiljevs Deniss,LAT,17,82.44,42.34,40.1,0.0,5.83,owg2026,3F,4.0,1.0,,6.89,1.06,,1,,2526,2.0,2.0,3.0,2.0,2.0,2.0,2.0,2.0,2.0,1,men,individual
17,Vasiljevs Deniss,LAT,17,82.44,42.34,40.1,0.0,3.3,owg2026,StSq3,5.0,0.0,,3.91,0.61,,1,,2526,3.0,2.0,2.0,1.0,3.0,1.0,2.0,1.0,2.0,1,men,individual
17,Vasiljevs Deniss,LAT,17,82.44,42.34,40.1,0.0,3.5,owg2026,CCoSp4,6.0,0.0,,4.25,0.75,,1,,2526,3.0,3.0,2.0,2.0,2.0,2.0,2.0,2.0,2.0,1,men,individual
17,Vasiljevs Deniss,LAT,17,82.44,42.34,40.1,0.0,3.0,owg2026,FSSp4,7.0,0.0,,3.34,0.34,,1,,2526,1.0,2.0,2.0,1.0,1.0,-1.0,1.0,1.0,1.0,1,men,individual
17,Vasiljevs Deniss,LAT,17,82.44,42.34,40.1,0.0,,owg2026,,,,1.67,7.86,,,0,Composition,2526,8.25,7.75,8.25,7.75,7.25,7.75,8.25,7.5,7.75,1,men,individual
17,Vasiljevs Deniss,LAT,17,82.44,42.34,40.1,0.0,,owg2026,,,,1.67,8.11,,,0,Presentation,2526,8.25,8.25,8.5,8.0,7.75,8.25,8.5,7.75,7.75,1,men,individual
17,Vasiljevs Deniss,LAT,17,82.44,42.34,40.1,0.0,,owg2026,,,,1.67,8.04,,,0,Skating Skills,2526,8.0,8.25,8.25,8.25,7.5,8.0,8.5,7.5,8.0,1,men,individual
18,Selevko Aleksandr,EST,19,82.02,41.33,41.69,-1.0,9.5,owg2026,4T,1.0,0.0,,12.08,2.58,,1,,2526,3.0,3.0,3.0,3.0,4.0,2.0,2.0,2.0,3.0,1,men,individual
18,Selevko Aleksandr,EST,19,82.02,41.33,41.69,-1.0,8.0,owg2026,3A,2.0,0.0,,10.17,2.17,,1,,2526,2.0,3.0,3.0,4.0,2.0,3.0,3.0,3.0,2.0,1,men,individual
18,Selevko Aleksandr,EST,19,82.02,41.33,41.69,-1.0,3.0,owg2026,FSSp4,3.0,0.0,,3.81,0.81,,1,,2526,1.0,2.0,3.0,3.0,3.0,2.0,3.0,3.0,3.0,1,men,individual
18,Selevko Aleksandr,EST,19,82.02,41.33,41.69,-1.0,5.9,owg2026,3Lz+COMBO,4.0,0.0,,2.95,-2.95,F,1,,2526,-5.0,-5.0,-5.0,-5.0,-5.0,-5.0,-5.0,-5.0,-5.0,1,men,individual
18,Selevko Aleksandr,EST,19,82.02,41.33,41.69,-1.0,3.3,owg2026,StSq3,5.0,0.0,,4.48,1.18,,1,,2526,3.0,2.0,4.0,5.0,4.0,3.0,4.0,4.0,3.0,1,men,individual
18,Selevko Aleksandr,EST,19,82.02,41.33,41.69,-1.0,3.2,owg2026,CCSp4,6.0,0.0,,3.79,0.59,,1,,2526,1.0,1.0,2.0,2.0,2.0,2.0,3.0,2.0,2.0,1,men,individual
18,Selevko Aleksandr,EST,19,82.02,41.33,41.69,-1.0,3.5,owg2026,CCoSp4,7.0,0.0,,4.05,0.55,,1,,2526,2.0,0.0,2.0,2.0,2.0,1.0,2.0,0.0,2.0,1,men,individual
18,Selevko Aleksandr,EST,19,82.02,41.33,41.69,-1.0,,owg2026,,,,1.67,8.36,,,0,Composition,2526,8.5,8.0,8.25,8.75,7.5,8.0,8.75,8.75,8.25,1,men,individual
18,Selevko Aleksandr,EST,19,82.02,41.33,41.69,-1.0,,owg2026,,,,1.67,8.32,,,0,Presentation,2526,8.25,7.75,7.75,9.0,8.5,8.5,8.5,8.25,8.5,1,men,individual
18,Selevko Aleksandr,EST,19,82.02,41.33,41.69,-1.0,,owg2026,,,,1.67,8.29,,,0,Skating Skills,2526,8.0,8.25,8.25,8.5,8.25,8.25,8.5,8.5,8.0,1,men,individual
19,Britschgi Lukas,SUI,21,80.87,40.61,40.26,0.0,9.5,owg2026,4T,1.0,0.0,,5.16,-4.34,,1,,2526,-5.0,-4.0,-5.0,-4.0,-4.0,-3.0,-5.0,-5.0,-5.0,1,men,individual
19,Britschgi Lukas,SUI,21,80.87,40.61,40.26,0.0,8.0,owg2026,3A,2.0,0.0,,10.29,2.29,,1,,2526,2.0,3.0,3.0,4.0,3.0,3.0,3.0,3.0,2.0,1,men,individual
19,Britschgi Lukas,SUI,21,80.87,40.61,40.26,0.0,3.0,owg2026,CSSp4,3.0,0.0,,3.86,0.86,,1,,2526,2.0,3.0,3.0,4.0,3.0,3.0,3.0,3.0,2.0,1,men,individual
19,Britschgi Lukas,SUI,21,80.87,40.61,40.26,0.0,11.11,owg2026,3Lz+3T,4.0,1.0,,12.21,1.1,,1,,2526,1.0,2.0,2.0,1.0,2.0,2.0,2.0,2.0,2.0,1,men,individual
19,Britschgi Lukas,SUI,21,80.87,40.61,40.26,0.0,2.3,owg2026,FCSp2,5.0,0.0,,1.97,-0.33,,1,,2526,-2.0,-2.0,-1.0,-2.0,-1.0,-1.0,-3.0,-1.0,1.0,1,men,individual
19,Britschgi Lukas,SUI,21,80.87,40.61,40.26,0.0,3.3,owg2026,StSq3,6.0,0.0,,3.72,0.42,,1,,2526,1.0,3.0,1.0,1.0,2.0,1.0,1.0,1.0,2.0,1,men,individual
19,Britschgi Lukas,SUI,21,80.87,40.61,40.26,0.0,3.5,owg2026,CCoSp4,7.0,0.0,,3.4,-0.1,,1,,2526,0.0,0.0,0.0,-1.0,0.0,0.0,-1.0,-1.0,2.0,1,men,individual
19,Britschgi Lukas,SUI,21,80.87,40.61,40.26,0.0,,owg2026,,,,1.67,8.04,,,0,Composition,2526,7.75,8.5,7.75,8.75,8.0,8.0,7.75,8.0,8.25,1,men,individual
19,Britschgi Lukas,SUI,21,80.87,40.61,40.26,0.0,,owg2026,,,,1.67,7.96,,,0,Presentation,2526,7.5,8.25,7.5,8.75,8.0,8.5,7.25,7.5,8.5,1,men,individual
19,Britschgi Lukas,SUI,21,80.87,40.61,40.26,0.0,,owg2026,,,,1.67,8.11,,,0,Skating Skills,2526,7.5,8.5,8.25,8.75,8.5,8.0,7.5,7.75,8.25,1,men,individual
20,Hagara Adam,SVK,16,80.3,45.17,35.13,0.0,9.5,owg2026,4T,1.0,0.0,,10.72,1.22,,1,,2526,2.0,2.0,1.0,1.0,2.0,1.0,1.0,1.0,1.0,1,men,individual
20,Hagara Adam,SVK,16,80.3,45.17,35.13,0.0,8.0,owg2026,3A,2.0,0.0,,9.83,1.83,,1,,2526,2.0,2.0,2.0,1.0,3.0,3.0,2.0,3.0,2.0,1,men,individual
20,Hagara Adam,SVK,16,80.3,45.17,35.13,0.0,2.8,owg2026,FCSp3,3.0,0.0,,3.0,0.2,,1,,2526,1.0,1.0,0.0,0.0,1.0,1.0,1.0,0.0,1.0,1,men,individual
20,Hagara Adam,SVK,16,80.3,45.17,35.13,0.0,11.11,owg2026,3Lz+3T,4.0,1.0,,11.53,0.42,,1,,2526,1.0,1.0,1.0,0.0,0.0,1.0,0.0,1.0,1.0,1,men,individual
20,Hagara Adam,SVK,16,80.3,45.17,35.13,0.0,3.5,owg2026,CCoSp4,5.0,0.0,,3.6,0.1,,1,,2526,2.0,0.0,-1.0,0.0,1.0,0.0,0.0,-1.0,2.0,1,men,individual
20,Hagara Adam,SVK,16,80.3,45.17,35.13,0.0,3.3,owg2026,StSq3,6.0,0.0,,3.49,0.19,,1,,2526,1.0,0.0,0.0,-1.0,1.0,0.0,1.0,1.0,1.0,1,men,individual
20,Hagara Adam,SVK,16,80.3,45.17,35.13,0.0,3.0,owg2026,CSSp4,7.0,0.0,,3.0,0.0,,1,,2526,0.0,0.0,0.0,0.0,0.0,0.0,1.0,0.0,0.0,1,men,individual
20,Hagara Adam,SVK,16,80.3,45.17,35.13,0.0,,owg2026,,,,1.67,7.11,,,0,Composition,2526,7.25,7.0,6.75,5.5,7.25,7.25,7.0,7.25,7.5,1,men,individual
20,Hagara Adam,SVK,16,80.3,45.17,35.13,0.0,,owg2026,,,,1.67,6.93,,,0,Presentation,2526,7.5,6.75,6.5,6.0,7.0,7.0,6.75,7.0,7.5,1,men,individual
20,Hagara Adam,SVK,16,80.3,45.17,35.13,0.0,,owg2026,,,,1.67,7.0,,,0,Skating Skills,2526,7.75,7.0,6.75,6.0,7.0,7.0,6.5,7.25,7.5,1,men,individual
21,Samoilov Vladimir,POL,11,77.57,40.88,36.69,0.0,9.7,owg2026,4S,1.0,0.0,,6.93,-2.77,,1,,2526,-3.0,-3.0,-3.0,-2.0,-3.0,-2.0,-3.0,-3.0,-3.0,1,men,individual
21,Samoilov Vladimir,POL,11,77.57,40.88,36.69,0.0,8.0,owg2026,3A,2.0,0.0,,8.8,0.8,,1,,2526,1.0,1.0,0.0,1.0,1.0,1.0,2.0,1.0,1.0,1,men,individual
21,Samoilov Vladimir,POL,11,77.57,40.88,36.69,0.0,3.2,owg2026,CCSp4,3.0,0.0,,3.79,0.59,,1,,2526,1.0,1.0,2.0,2.0,2.0,3.0,2.0,2.0,2.0,1,men,individual
21,Samoilov Vladimir,POL,11,77.57,40.88,36.69,0.0,11.11,owg2026,3Lz+3T,4.0,1.0,,11.28,0.17,,1,,2526,1.0,1.0,0.0,0.0,0.0,1.0,-1.0,0.0,0.0,1,men,individual
21,Samoilov Vladimir,POL,11,77.57,40.88,36.69,0.0,2.6,owg2026,FSSp3,5.0,0.0,,2.75,0.15,,1,,2526,0.0,0.0,1.0,1.0,0.0,2.0,1.0,0.0,1.0,1,men,individual
21,Samoilov Vladimir,POL,11,77.57,40.88,36.69,0.0,2.6,owg2026,StSq2,6.0,0.0,,3.08,0.48,,1,,2526,1.0,2.0,2.0,1.0,2.0,2.0,2.0,2.0,2.0,1,men,individual
21,Samoilov Vladimir,POL,11,77.57,40.88,36.69,0.0,3.5,owg2026,CCoSp4,7.0,0.0,,4.25,0.75,,1,,2526,2.0,2.0,2.0,2.0,3.0,2.0,2.0,2.0,3.0,1,men,individual
21,Samoilov Vladimir,POL,11,77.57,40.88,36.69,0.0,,owg2026,,,,1.67,7.25,,,0,Composition,2526,7.0,7.25,7.0,6.75,7.5,7.75,7.0,7.5,7.5,1,men,individual
21,Samoilov Vladimir,POL,11,77.57,40.88,36.69,0.0,,owg2026,,,,1.67,7.29,,,0,Presentation,2526,7.0,7.25,7.25,7.25,7.75,7.25,7.5,7.25,7.25,1,men,individual
21,Samoilov Vladimir,POL,11,77.57,40.88,36.69,0.0,,owg2026,,,,1.67,7.43,,,0,Skating Skills,2526,7.25,7.5,7.5,7.5,7.5,7.5,7.0,7.25,7.5,1,men,individual
22,Miura Kao,JPN,23,76.77,37.44,40.33,-1.0,5.5,owg2026,2S+3T,1.0,0.0,,6.04,0.54,,1,,2526,1.0,1.0,2.0,2.0,2.0,1.0,1.0,1.0,1.0,1,men,individual
22,Miura Kao,JPN,23,76.77,37.44,40.33,-1.0,8.0,owg2026,3A,2.0,0.0,,10.4,2.4,,1,,2526,2.0,4.0,2.0,4.0,3.0,3.0,3.0,3.0,3.0,1,men,individual
22,Miura Kao,JPN,23,76.77,37.44,40.33,-1.0,3.2,owg2026,FCSp4,3.0,0.0,,3.75,0.55,,1,,2526,2.0,2.0,2.0,1.0,0.0,2.0,2.0,1.0,2.0,1,men,individual
22,Miura Kao,JPN,23,76.77,37.44,40.33,-1.0,10.45,owg2026,4T,4.0,1.0,,5.7,-4.75,F,1,,2526,-5.0,-5.0,-5.0,-5.0,-5.0,-5.0,-5.0,-5.0,-5.0,1,men,individual
22,Miura Kao,JPN,23,76.77,37.44,40.33,-1.0,3.5,owg2026,CCoSp4,5.0,0.0,,4.5,1.0,,1,,2526,3.0,3.0,2.0,2.0,3.0,3.0,3.0,3.0,3.0,1,men,individual
22,Miura Kao,JPN,23,76.77,37.44,40.33,-1.0,3.3,owg2026,StSq3,6.0,0.0,,4.29,0.99,,1,,2526,3.0,3.0,3.0,2.0,3.0,3.0,3.0,3.0,3.0,1,men,individual
22,Miura Kao,JPN,23,76.77,37.44,40.33,-1.0,2.3,owg2026,CSSp2,7.0,0.0,,2.76,0.46,,1,,2526,1.0,3.0,2.0,2.0,2.0,2.0,2.0,2.0,2.0,1,men,individual
22,Miura Kao,JPN,23,76.77,37.44,40.33,-1.0,,owg2026,,,,1.67,8.0,,,0,Composition,2526,7.75,8.25,8.0,7.75,7.5,8.25,8.0,8.0,8.25,1,men,individual
22,Miura Kao,JPN,23,76.77,37.44,40.33,-1.0,,owg2026,,,,1.67,7.79,,,0,Presentation,2526,7.75,8.5,7.5,8.25,7.25,7.5,7.75,7.75,8.0,1,men,individual
22,Miura Kao,JPN,23,76.77,37.44,40.33,-1.0,,owg2026,,,,1.67,8.36,,,0,Skating Skills,2526,8.0,8.5,8.25,8.5,8.5,8.25,8.25,8.25,8.5,1,men,individual
23,Carrillo Donovan,MEX,5,75.56,39.71,36.85,-1.0,13.9,owg2026,4Sq+3T,1.0,0.0,,12.51,-1.39,q,1,,2526,-2.0,-2.0,-1.0,-1.0,-1.0,-2.0,-1.0,0.0,-2.0,1,men,individual
23,Carrillo Donovan,MEX,5,75.56,39.71,36.85,-1.0,3.2,owg2026,FCSp4,3.0,0.0,,4.07,0.87,,1,,2526,2.0,2.0,3.0,3.0,3.0,2.0,4.0,3.0,3.0,1,men,individual
23,Carrillo Donovan,MEX,5,75.56,39.71,36.85,-1.0,6.49,owg2026,3Lz,4.0,1.0,,7.5,1.01,,1,,2526,1.0,2.0,2.0,3.0,1.0,2.0,2.0,2.0,1.0,1,men,individual
23,Carrillo Donovan,MEX,5,75.56,39.71,36.85,-1.0,3.0,owg2026,CSSp4,5.0,0.0,,3.56,0.56,,1,,2526,2.0,2.0,1.0,1.0,2.0,1.0,3.0,3.0,2.0,1,men,individual
23,Carrillo Donovan,MEX,5,75.56,39.71,36.85,-1.0,3.9,owg2026,StSq4,6.0,0.0,,4.62,0.72,,1,,2526,1.0,1.0,2.0,3.0,1.0,2.0,2.0,3.0,2.0,1,men,individual
23,Carrillo Donovan,MEX,5,75.56,39.71,36.85,-1.0,3.5,owg2026,CCoSp4,7.0,0.0,,4.25,0.75,,1,,2526,2.0,2.0,3.0,3.0,2.0,2.0,2.0,2.0,2.0,1,men,individual
23,Carrillo Donovan,MEX,5,75.56,39.71,36.85,-1.0,,owg2026,,,,1.67,7.32,,,0,Composition,2526,6.25,6.75,7.5,7.25,7.0,7.75,7.75,8.0,7.25,1,men,individual
23,Carrillo Donovan,MEX,5,75.56,39.71,36.85,-1.0,,owg2026,,,,1.67,7.61,,,0,Presentation,2526,6.75,7.0,7.5,8.0,7.25,7.75,8.25,8.0,7.75,1,men,individual
23,Carrillo Donovan,MEX,5,75.56,39.71,36.85,-1.0,,owg2026,,,,1.67,7.14,,,0,Skating Skills,2526,6.25,6.75,7.25,7.75,6.5,7.25,7.25,7.75,7.25,1,men,individual
24,Li Yu-Hsiang,TPE,6,72.41,39.84,32.57,0.0,5.3,owg2026,3F,1.0,0.0,,6.21,0.91,,1,,2526,2.0,-1.0,2.0,1.0,1.0,2.0,2.0,2.0,2.0,1,men,individual
24,Li Yu-Hsiang,TPE,6,72.41,39.84,32.57,0.0,8.0,owg2026,3Aq,2.0,0.0,,6.29,-1.71,q,1,,2526,-3.0,-2.0,-2.0,-3.0,-2.0,-2.0,-2.0,-2.0,-2.0,1,men,individual
24,Li Yu-Hsiang,TPE,6,72.41,39.84,32.57,0.0,3.2,owg2026,CCSp4,3.0,0.0,,3.11,-0.09,,1,,2526,1.0,-2.0,0.0,0.0,-1.0,0.0,1.0,0.0,-2.0,1,men,individual
24,Li Yu-Hsiang,TPE,6,72.41,39.84,32.57,0.0,3.0,owg2026,FSSp4,4.0,0.0,,3.39,0.39,,1,,2526,1.0,1.0,1.0,1.0,1.0,2.0,2.0,1.0,2.0,1,men,individual
24,Li Yu-Hsiang,TPE,6,72.41,39.84,32.57,0.0,11.11,owg2026,3Lz+3T,5.0,1.0,,12.29,1.18,,1,,2526,1.0,2.0,2.0,2.0,2.0,2.0,2.0,2.0,2.0,1,men,individual
24,Li Yu-Hsiang,TPE,6,72.41,39.84,32.57,0.0,3.9,owg2026,StSq4,6.0,0.0,,4.35,0.45,,1,,2526,1.0,1.0,1.0,0.0,2.0,2.0,1.0,1.0,1.0,1,men,individual
24,Li Yu-Hsiang,TPE,6,72.41,39.84,32.57,0.0,3.5,owg2026,CCoSp4,7.0,0.0,,4.2,0.7,,1,,2526,2.0,1.0,2.0,1.0,1.0,3.0,3.0,2.0,3.0,1,men,individual
24,Li Yu-Hsiang,TPE,6,72.41,39.84,32.57,0.0,,owg2026,,,,1.67,6.36,,,0,Composition,2526,6.25,6.25,6.0,5.5,6.25,6.5,6.25,7.0,7.0,1,men,individual
24,Li Yu-Hsiang,TPE,6,72.41,39.84,32.57,0.0,,owg2026,,,,1.67,6.64,,,0,Presentation,2526,6.5,6.0,6.5,6.5,6.5,6.75,6.75,7.0,7.0,1,men,individual
24,Li Yu-Hsiang,TPE,6,72.41,39.84,32.57,0.0,,owg2026,,,,1.67,6.5,,,0,Skating Skills,2526,6.5,6.25,6.25,6.75,6.75,6.25,6.25,6.75,7.0,1,men,individual
25,Guarino Sabate Tomas,ESP,4,69.8,34.25,35.55,0.0,8.0,owg2026,3Aq,1.0,0.0,,4.0,-4.0,q,1,,2526,-5.0,-5.0,-5.0,-4.0,-5.0,-5.0,-5.0,-5.0,-5.0,1,men,individual
25,Guarino Sabate Tomas,ESP,4,69.8,34.25,35.55,0.0,5.3,owg2026,3F!,2.0,0.0,,5.45,0.15,!,1,,2526,0.0,0.0,1.0,0.0,-1.0,1.0,0.0,1.0,0.0,1,men,individual
25,Guarino Sabate Tomas,ESP,4,69.8,34.25,35.55,0.0,3.5,owg2026,CCoSp4,3.0,0.0,,4.1,0.6,,1,,2526,1.0,2.0,1.0,3.0,1.0,2.0,2.0,2.0,2.0,1,men,individual
25,Guarino Sabate Tomas,ESP,4,69.8,34.25,35.55,0.0,11.11,owg2026,3Lz+3Tq,4.0,1.0,,10.1,-1.01,q,1,,2526,-2.0,-2.0,-1.0,-1.0,-2.0,-2.0,-2.0,-2.0,-1.0,1,men,individual
25,Guarino Sabate Tomas,ESP,4,69.8,34.25,35.55,0.0,3.2,owg2026,CCSp4,5.0,0.0,,3.34,0.14,,1,,2526,-1.0,-1.0,1.0,0.0,0.0,1.0,1.0,1.0,1.0,1,men,individual
25,Guarino Sabate Tomas,ESP,4,69.8,34.25,35.55,0.0,3.3,owg2026,StSq3,6.0,0.0,,3.96,0.66,,1,,2526,2.0,2.0,2.0,3.0,3.0,2.0,1.0,2.0,1.0,1,men,individual
25,Guarino Sabate Tomas,ESP,4,69.8,34.25,35.55,0.0,3.0,owg2026,FSSp4,7.0,0.0,,3.3,0.3,,1,,2526,1.0,1.0,1.0,1.0,1.0,1.0,2.0,1.0,1.0,1,men,individual
25,Guarino Sabate Tomas,ESP,4,69.8,34.25,35.55,0.0,,owg2026,,,,1.67,7.11,,,0,Composition,2526,6.5,6.75,7.0,7.5,7.75,7.0,7.25,7.25,7.0,1,men,individual
25,Guarino Sabate Tomas,ESP,4,69.8,34.25,35.55,0.0,,owg2026,,,,1.67,7.36,,,0,Presentation,2526,6.75,7.25,7.25,8.0,8.0,7.25,7.0,7.5,7.25,1,men,individual
25,Guarino Sabate Tomas,ESP,4,69.8,34.25,35.55,0.0,,owg2026,,,,1.67,6.82,,,0,Skating Skills,2526,6.5,6.5,6.5,7.5,7.5,6.5,6.75,7.25,6.75,1,men,individual
26,Kim Hyungyeom,KOR,9,69.3,37.92,32.38,-1.0,9.5,owg2026,4T,1.0,0.0,,9.36,-0.14,,1,,2526,0.0,0.0,-1.0,0.0,-1.0,1.0,-1.0,1.0,0.0,1,men,individual
26,Kim Hyungyeom,KOR,9,69.3,37.92,32.38,-1.0,3.2,owg2026,FCSp4,3.0,0.0,,3.38,0.18,,1,,2526,0.0,1.0,1.0,0.0,0.0,0.0,2.0,1.0,1.0,1,men,individual
26,Kim Hyungyeom,KOR,9,69.3,37.92,32.38,-1.0,11.11,owg2026,3Lz+3T,4.0,1.0,,12.04,0.93,,1,,2526,1.0,1.0,1.0,2.0,2.0,2.0,1.0,2.0,2.0,1,men,individual
26,Kim Hyungyeom,KOR,9,69.3,37.92,32.38,-1.0,3.3,owg2026,StSq3,5.0,0.0,,3.58,0.28,,1,,2526,0.0,-1.0,0.0,0.0,2.0,1.0,1.0,2.0,2.0,1,men,individual
26,Kim Hyungyeom,KOR,9,69.3,37.92,32.38,-1.0,3.5,owg2026,CCoSp4,6.0,0.0,,4.0,0.5,,1,,2526,1.0,1.0,1.0,1.0,1.0,2.0,2.0,2.0,2.0,1,men,individual
26,Kim Hyungyeom,KOR,9,69.3,37.92,32.38,-1.0,3.0,owg2026,CSSp4,7.0,0.0,,2.36,-0.64,,1,,2526,-3.0,-2.0,-1.0,-3.0,-2.0,-4.0,-2.0,2.0,-2.0,1,men,individual
26,Kim Hyungyeom,KOR,9,69.3,37.92,32.38,-1.0,,owg2026,,,,1.67,6.39,,,0,Composition,2526,6.0,6.5,6.5,5.5,6.0,6.0,6.75,7.25,7.0,1,men,individual
26,Kim Hyungyeom,KOR,9,69.3,37.92,32.38,-1.0,,owg2026,,,,1.67,6.39,,,0,Presentation,2526,6.25,6.25,6.25,6.0,5.75,6.5,6.75,7.25,6.75,1,men,individual
26,Kim Hyungyeom,KOR,9,69.3,37.92,32.38,-1.0,,owg2026,,,,1.67,6.61,,,0,Skating Skills,2526,6.5,6.5,6.5,6.75,6.75,6.0,6.25,7.0,7.0,1,men,individual
27,Nordeback Andreas,SWE,3,67.15,31.45,35.7,0.0,8.0,owg2026,3A,1.0,0.0,,9.49,1.49,,1,,2526,2.0,2.0,2.0,1.0,1.0,2.0,2.0,2.0,2.0,1,men,individual
27,Nordeback Andreas,SWE,3,67.15,31.45,35.7,0.0,5.3,owg2026,3F!,2.0,0.0,,5.38,0.08,!,1,,2526,0.0,0.0,1.0,0.0,-1.0,1.0,0.0,0.0,0.0,1,men,individual
27,Nordeback Andreas,SWE,3,67.15,31.45,35.7,0.0,3.2,owg2026,FCSp4,3.0,0.0,,3.84,0.64,,1,,2526,2.0,2.0,2.0,2.0,2.0,1.0,3.0,2.0,2.0,1,men,individual
27,Nordeback Andreas,SWE,3,67.15,31.45,35.7,0.0,1.43,owg2026,1Lz*+2T,4.0,1.0,,0.78,-0.65,*,1,,2526,-5.0,-5.0,-5.0,-5.0,-5.0,-5.0,-5.0,-5.0,-5.0,1,men,individual
27,Nordeback Andreas,SWE,3,67.15,31.45,35.7,0.0,3.0,owg2026,CSSp4,5.0,0.0,,3.64,0.64,,1,,2526,2.0,3.0,1.0,1.0,3.0,2.0,1.0,3.0,3.0,1,men,individual
27,Nordeback Andreas,SWE,3,67.15,31.45,35.7,0.0,3.3,owg2026,StSq3,6.0,0.0,,3.87,0.57,,1,,2526,2.0,2.0,2.0,1.0,1.0,2.0,3.0,1.0,2.0,1,men,individual
27,Nordeback Andreas,SWE,3,67.15,31.45,35.7,0.0,3.5,owg2026,CCoSp4,7.0,0.0,,4.45,0.95,,1,,2526,3.0,2.0,2.0,3.0,3.0,3.0,3.0,3.0,2.0,1,men,individual
27,Nordeback Andreas,SWE,3,67.15,31.45,35.7,0.0,,owg2026,,,,1.67,7.21,,,0,Composition,2526,6.75,7.25,7.25,6.75,7.0,7.5,8.25,7.25,7.5,1,men,individual
27,Nordeback Andreas,SWE,3,67.15,31.45,35.7,0.0,,owg2026,,,,1.67,6.96,,,0,Presentation,2526,6.75,7.0,6.75,6.25,7.0,7.0,7.75,7.0,7.25,1,men,individual
27,Nordeback Andreas,SWE,3,67.15,31.45,35.7,0.0,,owg2026,,,,1.67,7.21,,,0,Skating Skills,2526,6.5,7.5,7.0,7.25,7.25,7.25,8.0,7.0,7.25,1,men,individual
28,Kuliss Fedirs,LAT,10,66.86,35.83,32.03,-1.0,9.5,owg2026,3F+3T,2.0,0.0,,9.58,0.08,,1,,2526,1.0,-1.0,0.0,0.0,2.0,1.0,-1.0,-1.0,1.0,1,men,individual
28,Kuliss Fedirs,LAT,10,66.86,35.83,32.03,-1.0,3.2,owg2026,CCSp4,3.0,0.0,,3.43,0.23,,1,,2526,0.0,0.0,1.0,1.0,1.0,1.0,1.0,0.0,1.0,1,men,individual
28,Kuliss Fedirs,LAT,10,66.86,35.83,32.03,-1.0,8.8,owg2026,3A,4.0,1.0,,10.4,1.6,,1,,2526,2.0,2.0,2.0,2.0,3.0,2.0,2.0,1.0,2.0,1,men,individual
28,Kuliss Fedirs,LAT,10,66.86,35.83,32.03,-1.0,2.6,owg2026,FSSp3,5.0,0.0,,2.75,0.15,,1,,2526,0.0,2.0,0.0,0.0,2.0,-1.0,1.0,0.0,1.0,1,men,individual
28,Kuliss Fedirs,LAT,10,66.86,35.83,32.03,-1.0,2.6,owg2026,StSq2,6.0,0.0,,2.67,0.07,,1,,2526,0.0,0.0,0.0,0.0,1.0,-1.0,1.0,0.0,1.0,1,men,individual
28,Kuliss Fedirs,LAT,10,66.86,35.83,32.03,-1.0,3.0,owg2026,CCoSp3,7.0,0.0,,2.4,-0.6,,1,,2526,-2.0,-2.0,-2.0,-2.0,-2.0,-3.0,-2.0,-2.0,-2.0,1,men,individual
28,Kuliss Fedirs,LAT,10,66.86,35.83,32.03,-1.0,,owg2026,,,,1.67,6.36,,,0,Composition,2526,6.5,6.0,5.5,6.0,6.75,6.75,6.25,6.25,7.0,1,men,individual
28,Kuliss Fedirs,LAT,10,66.86,35.83,32.03,-1.0,,owg2026,,,,1.67,6.36,,,0,Presentation,2526,6.5,5.75,5.75,5.75,7.25,6.75,6.5,6.0,7.25,1,men,individual
28,Kuliss Fedirs,LAT,10,66.86,35.83,32.03,-1.0,,owg2026,,,,1.67,6.46,,,0,Skating Skills,2526,6.75,5.75,6.25,6.25,7.25,6.5,6.5,6.0,7.0,1,men,individual
29,Litvintsev Vladimir,AZE,13,63.63,31.13,32.5,0.0,9.5,owg2026,4T,1.0,0.0,,8.69,-0.81,,1,,2526,0.0,0.0,-1.0,-1.0,-1.0,-1.0,-1.0,-1.0,-1.0,1,men,individual
29,Litvintsev Vladimir,AZE,13,63.63,31.13,32.5,0.0,8.0,owg2026,3A,2.0,0.0,,8.57,0.57,,1,,2526,0.0,0.0,1.0,1.0,1.0,1.0,-1.0,1.0,1.0,1,men,individual
29,Litvintsev Vladimir,AZE,13,63.63,31.13,32.5,0.0,3.2,owg2026,FCSp4,3.0,0.0,,3.75,0.55,,1,,2526,1.0,2.0,1.0,2.0,2.0,1.0,2.0,2.0,3.0,1,men,individual
29,Litvintsev Vladimir,AZE,13,63.63,31.13,32.5,0.0,5.83,owg2026,3F+1T*,4.0,1.0,,3.18,-2.65,*,1,,2526,-5.0,-5.0,-5.0,-5.0,-5.0,-5.0,-5.0,-5.0,-5.0,1,men,individual
29,Litvintsev Vladimir,AZE,13,63.63,31.13,32.5,0.0,2.3,owg2026,CSSp2,5.0,0.0,,1.97,-0.33,,1,,2526,0.0,-1.0,-1.0,-1.0,-2.0,-3.0,-2.0,-1.0,-2.0,1,men,individual
29,Litvintsev Vladimir,AZE,13,63.63,31.13,32.5,0.0,2.6,owg2026,StSq2,6.0,0.0,,2.75,0.15,,1,,2526,1.0,1.0,1.0,-1.0,2.0,-1.0,0.0,0.0,2.0,1,men,individual
29,Litvintsev Vladimir,AZE,13,63.63,31.13,32.5,0.0,2.25,owg2026,CCoSp3V,7.0,0.0,,2.22,-0.03,,1,,2526,-1.0,0.0,0.0,0.0,1.0,-1.0,0.0,-1.0,1.0,1,men,individual
29,Litvintsev Vladimir,AZE,13,63.63,31.13,32.5,0.0,,owg2026,,,,1.67,6.46,,,0,Composition,2526,6.25,7.0,6.5,5.25,6.0,6.5,6.25,6.75,7.25,1,men,individual
29,Litvintsev Vladimir,AZE,13,63.63,31.13,32.5,0.0,,owg2026,,,,1.67,6.18,,,0,Presentation,2526,6.25,6.75,6.25,5.25,5.75,6.0,6.25,6.0,7.0,1,men,individual
29,Litvintsev Vladimir,AZE,13,63.63,31.13,32.5,0.0,,owg2026,,,,1.67,6.82,,,0,Skating Skills,2526,6.5,6.75,6.75,6.75,7.25,7.0,6.75,6.25,7.25,1,men,individual
1,Nakai Ami,JPN,18,78.71,45.02,33.69,0.0,8.0,owg2026,3A,1.0,0.0,,9.71,1.71,,1,,2526,2.0,2.0,2.0,2.0,3.0,2.0,3.0,2.0,2.0,1,women,individual
1,Nakai Ami,JPN,18,78.71,45.02,33.69,0.0,10.1,owg2026,3Lz+3T,2.0,0.0,,11.36,1.26,,1,,2526,3.0,2.0,2.0,2.0,2.0,3.0,2.0,2.0,2.0,1,women,individual
1,Nakai Ami,JPN,18,78.71,45.02,33.69,0.0,3.0,owg2026,FSSp4,3.0,0.0,,3.81,0.81,,1,,2526,3.0,2.0,3.0,2.0,3.0,2.0,3.0,3.0,3.0,1,women,individual
1,Nakai Ami,JPN,18,78.71,45.02,33.69,0.0,5.39,owg2026,3Lo,4.0,1.0,,6.65,1.26,,1,,2526,2.0,3.0,2.0,2.0,3.0,2.0,3.0,3.0,3.0,1,women,individual
1,Nakai Ami,JPN,18,78.71,45.02,33.69,0.0,2.7,owg2026,LSp4,5.0,0.0,,3.51,0.81,,1,,2526,3.0,4.0,3.0,3.0,3.0,3.0,3.0,3.0,3.0,1,women,individual
1,Nakai Ami,JPN,18,78.71,45.02,33.69,0.0,3.9,owg2026,StSq4,6.0,0.0,,5.13,1.23,,1,,2526,3.0,4.0,3.0,2.0,3.0,2.0,4.0,3.0,4.0,1,women,individual
1,Nakai Ami,JPN,18,78.71,45.02,33.69,0.0,3.5,owg2026,CCoSp4,7.0,0.0,,4.85,1.35,,1,,2526,3.0,5.0,3.0,4.0,5.0,4.0,4.0,4.0,2.0,1,women,individual
1,Nakai Ami,JPN,18,78.71,45.02,33.69,0.0,,owg2026,,,,1.33,8.25,,,0,Composition,2526,8.0,8.75,8.5,8.5,8.0,7.75,8.75,8.25,7.75,1,women,individual
1,Nakai Ami,JPN,18,78.71,45.02,33.69,0.0,,owg2026,,,,1.33,8.54,,,0,Presentation,2526,8.25,9.0,8.75,8.75,8.75,8.25,8.5,8.5,8.25,1,women,individual
1,Nakai Ami,JPN,18,78.71,45.02,33.69,0.0,,owg2026,,,,1.33,8.54,,,0,Skating Skills,2526,8.5,9.0,8.5,8.5,8.5,8.5,8.75,8.5,8.25,1,women,individual
2,Sakamoto Kaori,JPN,27,77.23,40.08,37.15,0.0,5.9,owg2026,3Lz!,1.0,0.0,,6.24,0.34,!,1,,2526,1.0,0.0,1.0,1.0,0.0,0.0,1.0,1.0,0.0,1,women,individual
2,Sakamoto Kaori,JPN,27,77.23,40.08,37.15,0.0,3.2,owg2026,FCSp4,2.0,0.0,,4.3,1.1,,1,,2526,3.0,4.0,3.0,3.0,4.0,4.0,3.0,4.0,3.0,1,women,individual
2,Sakamoto Kaori,JPN,27,77.23,40.08,37.15,0.0,3.3,owg2026,2A,3.0,0.0,,4.86,1.56,,1,,2526,5.0,5.0,4.0,5.0,4.0,5.0,5.0,4.0,5.0,1,women,individual
2,Sakamoto Kaori,JPN,27,77.23,40.08,37.15,0.0,10.45,owg2026,3F+3Tq,4.0,1.0,,10.68,0.23,q,1,,2526,-1.0,0.0,1.0,0.0,0.0,1.0,1.0,0.0,1.0,1,women,individual
2,Sakamoto Kaori,JPN,27,77.23,40.08,37.15,0.0,3.5,owg2026,CCoSp4,5.0,0.0,,4.65,1.15,,1,,2526,3.0,3.0,3.0,3.0,3.0,5.0,4.0,3.0,4.0,1,women,individual
2,Sakamoto Kaori,JPN,27,77.23,40.08,37.15,0.0,3.9,owg2026,StSq4,6.0,0.0,,5.57,1.67,,1,,2526,5.0,4.0,4.0,4.0,5.0,4.0,4.0,5.0,4.0,1,women,individual
2,Sakamoto Kaori,JPN,27,77.23,40.08,37.15,0.0,2.7,owg2026,LSp4,7.0,0.0,,3.78,1.08,,1,,2526,4.0,4.0,3.0,3.0,5.0,5.0,3.0,4.0,5.0,1,women,individual
2,Sakamoto Kaori,JPN,27,77.23,40.08,37.15,0.0,,owg2026,,,,1.33,9.25,,,0,Composition,2526,9.0,9.5,9.0,9.0,9.5,9.5,9.25,9.25,9.25,1,women,individual
2,Sakamoto Kaori,JPN,27,77.23,40.08,37.15,0.0,,owg2026,,,,1.33,9.29,,,0,Presentation,2526,9.25,9.5,9.0,8.75,9.0,9.5,9.5,9.25,9.5,1,women,individual
2,Sakamoto Kaori,JPN,27,77.23,40.08,37.15,0.0,,owg2026,,,,1.33,9.39,,,0,Skating Skills,2526,9.25,9.5,9.25,9.0,9.25,9.5,9.5,9.5,9.5,1,women,individual
3,Liu Alysa,USA,24,76.59,41.34,35.25,0.0,5.3,owg2026,3F,1.0,0.0,,6.89,1.59,,1,,2526,3.0,3.0,2.0,3.0,4.0,3.0,3.0,3.0,3.0,1,women,individual
3,Liu Alysa,USA,24,76.59,41.34,35.25,0.0,3.3,owg2026,2A,2.0,0.0,,4.34,1.04,,1,,2526,4.0,3.0,3.0,3.0,3.0,3.0,3.0,3.0,4.0,1,women,individual
3,Liu Alysa,USA,24,76.59,41.34,35.25,0.0,3.5,owg2026,CCoSp4,3.0,0.0,,4.7,1.2,,1,,2526,3.0,4.0,3.0,3.0,5.0,4.0,3.0,4.0,3.0,1,women,individual
3,Liu Alysa,USA,24,76.59,41.34,35.25,0.0,11.88,owg2026,3Lz+3Loq,4.0,1.0,,11.71,-0.17,q,1,,2526,-1.0,0.0,-1.0,-1.0,1.0,0.0,1.0,-1.0,0.0,1,women,individual
3,Liu Alysa,USA,24,76.59,41.34,35.25,0.0,3.2,owg2026,FCSp4,5.0,0.0,,4.34,1.14,,1,,2526,4.0,3.0,3.0,4.0,3.0,4.0,4.0,3.0,4.0,1,women,individual
3,Liu Alysa,USA,24,76.59,41.34,35.25,0.0,3.9,owg2026,StSq4,6.0,0.0,,5.35,1.45,,1,,2526,4.0,0.0,3.0,4.0,4.0,4.0,4.0,3.0,4.0,1,women,individual
3,Liu Alysa,USA,24,76.59,41.34,35.25,0.0,2.7,owg2026,LSp4,7.0,0.0,,4.01,1.31,,1,,2526,5.0,5.0,4.0,5.0,5.0,5.0,5.0,4.0,5.0,1,women,individual
3,Liu Alysa,USA,24,76.59,41.34,35.25,0.0,,owg2026,,,,1.33,8.75,,,0,Composition,2526,8.5,8.75,8.5,8.75,9.25,8.5,9.5,8.5,9.0,1,women,individual
3,Liu Alysa,USA,24,76.59,41.34,35.25,0.0,,owg2026,,,,1.33,9.11,,,0,Presentation,2526,8.75,9.0,9.0,9.0,9.5,9.25,9.5,8.5,9.25,1,women,individual
3,Liu Alysa,USA,24,76.59,41.34,35.25,0.0,,owg2026,,,,1.33,8.64,,,0,Skating Skills,2526,8.25,8.5,8.75,8.75,8.75,8.75,9.25,8.25,8.75,1,women,individual
4,Chiba Mone,JPN,29,74.0,38.72,35.28,0.0,9.5,owg2026,3F+3Tq,1.0,0.0,,9.2,-0.3,q,1,,2526,-1.0,0.0,-1.0,-2.0,-1.0,0.0,0.0,-1.0,0.0,1,women,individual
4,Chiba Mone,JPN,29,74.0,38.72,35.28,0.0,3.3,owg2026,2A,2.0,0.0,,4.29,0.99,,1,,2526,3.0,4.0,3.0,2.0,3.0,2.0,3.0,4.0,3.0,1,women,individual
4,Chiba Mone,JPN,29,74.0,38.72,35.28,0.0,3.2,owg2026,FCSp4,3.0,0.0,,4.02,0.82,,1,,2526,3.0,2.0,2.0,2.0,3.0,3.0,3.0,3.0,2.0,1,women,individual
4,Chiba Mone,JPN,29,74.0,38.72,35.28,0.0,6.49,owg2026,3Lz!,4.0,1.0,,7.0,0.51,!,1,,2526,1.0,-1.0,1.0,1.0,0.0,1.0,1.0,1.0,1.0,1,women,individual
4,Chiba Mone,JPN,29,74.0,38.72,35.28,0.0,3.5,owg2026,CCoSp4,5.0,0.0,,4.7,1.2,,1,,2526,4.0,3.0,3.0,3.0,4.0,4.0,3.0,4.0,3.0,1,women,individual
4,Chiba Mone,JPN,29,74.0,38.72,35.28,0.0,3.9,owg2026,StSq4,6.0,0.0,,5.46,1.56,,1,,2526,4.0,4.0,4.0,3.0,4.0,4.0,4.0,4.0,4.0,1,women,individual
4,Chiba Mone,JPN,29,74.0,38.72,35.28,0.0,2.7,owg2026,LSp4,7.0,0.0,,4.05,1.35,,1,,2526,5.0,5.0,5.0,5.0,5.0,5.0,5.0,5.0,5.0,1,women,individual
4,Chiba Mone,JPN,29,74.0,38.72,35.28,0.0,,owg2026,,,,1.33,8.89,,,0,Composition,2526,8.5,9.25,9.0,8.75,8.75,8.75,9.25,8.75,9.0,1,women,individual
4,Chiba Mone,JPN,29,74.0,38.72,35.28,0.0,,owg2026,,,,1.33,8.89,,,0,Presentation,2526,8.75,9.25,8.75,8.5,9.25,9.25,9.25,8.5,8.5,1,women,individual
4,Chiba Mone,JPN,29,74.0,38.72,35.28,0.0,,owg2026,,,,1.33,8.75,,,0,Skating Skills,2526,8.5,9.0,8.5,8.5,9.0,8.75,8.75,9.0,8.75,1,women,individual
5,Petrosian Adeliia,AIN,2,72.89,40.44,32.45,0.0,3.3,owg2026,2A,1.0,0.0,,4.1,0.8,,1,,2526,2.0,3.0,3.0,3.0,1.0,1.0,2.0,3.0,3.0,1,women,individual
5,Petrosian Adeliia,AIN,2,72.89,40.44,32.45,0.0,5.9,owg2026,3Lz,2.0,0.0,,7.0,1.1,,1,,2526,2.0,2.0,2.0,2.0,1.0,1.0,2.0,2.0,2.0,1,women,individual
5,Petrosian Adeliia,AIN,2,72.89,40.44,32.45,0.0,3.2,owg2026,FCSp4,3.0,0.0,,4.07,0.87,,1,,2526,2.0,2.0,3.0,4.0,2.0,3.0,3.0,3.0,3.0,1,women,individual
5,Petrosian Adeliia,AIN,2,72.89,40.44,32.45,0.0,10.45,owg2026,3F+3T,4.0,1.0,,11.74,1.29,,1,,2526,2.0,2.0,2.0,3.0,2.0,2.0,3.0,4.0,3.0,1,women,individual
5,Petrosian Adeliia,AIN,2,72.89,40.44,32.45,0.0,2.7,owg2026,LSp4,5.0,0.0,,3.55,0.85,,1,,2526,4.0,3.0,3.0,4.0,2.0,3.0,3.0,3.0,3.0,1,women,individual
5,Petrosian Adeliia,AIN,2,72.89,40.44,32.45,0.0,3.9,owg2026,StSq4,6.0,0.0,,5.18,1.28,,1,,2526,3.0,4.0,3.0,3.0,3.0,3.0,3.0,4.0,4.0,1,women,individual
5,Petrosian Adeliia,AIN,2,72.89,40.44,32.45,0.0,3.5,owg2026,CCoSp4,7.0,0.0,,4.8,1.3,,1,,2526,4.0,4.0,3.0,4.0,3.0,4.0,4.0,4.0,3.0,1,women,individual
5,Petrosian Adeliia,AIN,2,72.89,40.44,32.45,0.0,,owg2026,,,,1.33,8.04,,,0,Composition,2526,7.5,8.0,8.25,8.5,7.0,8.0,8.25,8.75,7.75,1,women,individual
5,Petrosian Adeliia,AIN,2,72.89,40.44,32.45,0.0,,owg2026,,,,1.33,8.29,,,0,Presentation,2526,7.75,8.25,8.5,8.5,7.25,8.25,8.25,8.5,8.5,1,women,individual
5,Petrosian Adeliia,AIN,2,72.89,40.44,32.45,0.0,,owg2026,,,,1.33,8.07,,,0,Skating Skills,2526,7.25,8.25,8.0,8.25,7.5,7.75,8.5,8.5,8.25,1,women,individual
6,Gubanova Anastasiia,GEO,26,71.77,38.28,33.49,0.0,9.5,owg2026,3F+3T,1.0,0.0,,11.01,1.51,,1,,2526,2.0,3.0,2.0,3.0,3.0,3.0,3.0,3.0,3.0,1,women,individual
6,Gubanova Anastasiia,GEO,26,71.77,38.28,33.49,0.0,3.3,owg2026,2A,2.0,0.0,,4.01,0.71,,1,,2526,2.0,2.0,2.0,3.0,1.0,2.0,2.0,3.0,2.0,1,women,individual
6,Gubanova Anastasiia,GEO,26,71.77,38.28,33.49,0.0,3.2,owg2026,FCSp4,3.0,0.0,,4.16,0.96,,1,,2526,3.0,3.0,3.0,3.0,2.0,3.0,3.0,4.0,3.0,1,women,individual
6,Gubanova Anastasiia,GEO,26,71.77,38.28,33.49,0.0,6.49,owg2026,3Lz,4.0,1.0,,7.67,1.18,,1,,2526,2.0,2.0,1.0,2.0,2.0,2.0,2.0,2.0,2.0,1,women,individual
6,Gubanova Anastasiia,GEO,26,71.77,38.28,33.49,0.0,3.9,owg2026,StSq4,5.0,0.0,,4.96,1.06,,1,,2526,3.0,2.0,3.0,2.0,3.0,3.0,3.0,3.0,2.0,1,women,individual
6,Gubanova Anastasiia,GEO,26,71.77,38.28,33.49,0.0,3.5,owg2026,CCoSp4,6.0,0.0,,3.8,0.3,,1,,2526,-1.0,2.0,2.0,2.0,0.0,0.0,0.0,0.0,2.0,1,women,individual
6,Gubanova Anastasiia,GEO,26,71.77,38.28,33.49,0.0,2.1,owg2026,SSp3,7.0,0.0,,2.67,0.57,,1,,2526,2.0,3.0,2.0,3.0,2.0,3.0,3.0,3.0,3.0,1,women,individual
6,Gubanova Anastasiia,GEO,26,71.77,38.28,33.49,0.0,,owg2026,,,,1.33,8.32,,,0,Composition,2526,8.0,8.5,8.5,8.75,8.25,8.25,8.5,8.25,7.75,1,women,individual
6,Gubanova Anastasiia,GEO,26,71.77,38.28,33.49,0.0,,owg2026,,,,1.33,8.61,,,0,Presentation,2526,8.25,8.5,8.75,8.75,8.5,8.75,8.75,8.75,8.25,1,women,individual
6,Gubanova Anastasiia,GEO,26,71.77,38.28,33.49,0.0,,owg2026,,,,1.33,8.25,,,0,Skating Skills,2526,7.75,8.25,8.25,8.5,8.0,8.5,8.25,8.25,8.25,1,women,individual
7,Hendrickx Loena,BEL,20,70.93,36.92,34.01,0.0,9.5,owg2026,3F+3Tq,1.0,0.0,,9.35,-0.15,q,1,,2526,-1.0,0.0,-1.0,-2.0,0.0,0.0,0.0,0.0,0.0,1,women,individual
7,Hendrickx Loena,BEL,20,70.93,36.92,34.01,0.0,3.3,owg2026,2A,2.0,0.0,,4.05,0.75,,1,,2526,2.0,3.0,2.0,2.0,3.0,1.0,2.0,3.0,2.0,1,women,individual
7,Hendrickx Loena,BEL,20,70.93,36.92,34.01,0.0,3.5,owg2026,CCoSp4,3.0,0.0,,4.3,0.8,,1,,2526,2.0,4.0,2.0,3.0,2.0,2.0,2.0,3.0,1.0,1,women,individual
7,Hendrickx Loena,BEL,20,70.93,36.92,34.01,0.0,6.49,owg2026,3Lz!,4.0,1.0,,6.74,0.25,!,1,,2526,0.0,0.0,1.0,1.0,-2.0,0.0,1.0,1.0,0.0,1,women,individual
7,Hendrickx Loena,BEL,20,70.93,36.92,34.01,0.0,3.9,owg2026,StSq4,5.0,0.0,,5.35,1.45,,1,,2526,4.0,3.0,3.0,4.0,4.0,4.0,4.0,4.0,3.0,1,women,individual
7,Hendrickx Loena,BEL,20,70.93,36.92,34.01,0.0,3.2,owg2026,FCSp4,6.0,0.0,,3.84,0.64,,1,,2526,2.0,3.0,2.0,2.0,2.0,2.0,2.0,2.0,2.0,1,women,individual
7,Hendrickx Loena,BEL,20,70.93,36.92,34.01,0.0,2.4,owg2026,LSp3,7.0,0.0,,3.29,0.89,,1,,2526,4.0,5.0,3.0,4.0,3.0,3.0,5.0,4.0,2.0,1,women,individual
7,Hendrickx Loena,BEL,20,70.93,36.92,34.01,0.0,,owg2026,,,,1.33,8.39,,,0,Composition,2526,8.25,8.5,8.25,8.5,7.75,8.75,8.75,8.75,7.75,1,women,individual
7,Hendrickx Loena,BEL,20,70.93,36.92,34.01,0.0,,owg2026,,,,1.33,8.68,,,0,Presentation,2526,8.5,8.75,8.75,8.75,8.25,8.75,9.25,8.75,8.5,1,women,individual
7,Hendrickx Loena,BEL,20,70.93,36.92,34.01,0.0,,owg2026,,,,1.33,8.5,,,0,Skating Skills,2526,8.5,8.5,8.5,8.75,8.0,8.5,8.75,9.0,8.0,1,women,individual
8,Levito Isabeau,USA,25,70.84,36.77,34.07,0.0,9.5,owg2026,3F+3T,1.0,0.0,,10.56,1.06,,1,,2526,2.0,2.0,1.0,2.0,3.0,2.0,1.0,2.0,3.0,1,women,individual
8,Levito Isabeau,USA,25,70.84,36.77,34.07,0.0,3.3,owg2026,2A,2.0,0.0,,4.24,0.94,,1,,2526,3.0,3.0,2.0,3.0,3.0,3.0,2.0,3.0,3.0,1,women,individual
8,Levito Isabeau,USA,25,70.84,36.77,34.07,0.0,3.2,owg2026,FCSp4,3.0,0.0,,4.21,1.01,,1,,2526,3.0,4.0,3.0,2.0,2.0,4.0,4.0,3.0,3.0,1,women,individual
8,Levito Isabeau,USA,25,70.84,36.77,34.07,0.0,5.39,owg2026,3Loq,4.0,1.0,,5.04,-0.35,q,1,,2526,-1.0,-1.0,-1.0,-2.0,0.0,1.0,-1.0,-1.0,0.0,1,women,individual
8,Levito Isabeau,USA,25,70.84,36.77,34.07,0.0,3.3,owg2026,StSq3,5.0,0.0,,4.48,1.18,,1,,2526,4.0,4.0,3.0,3.0,4.0,4.0,3.0,4.0,2.0,1,women,individual
8,Levito Isabeau,USA,25,70.84,36.77,34.07,0.0,3.5,owg2026,CCoSp4,6.0,0.0,,4.65,1.15,,1,,2526,3.0,5.0,2.0,3.0,3.0,4.0,3.0,4.0,3.0,1,women,individual
8,Levito Isabeau,USA,25,70.84,36.77,34.07,0.0,2.7,owg2026,LSp4,7.0,0.0,,3.59,0.89,,1,,2526,3.0,4.0,3.0,4.0,3.0,4.0,3.0,3.0,3.0,1,women,individual
8,Levito Isabeau,USA,25,70.84,36.77,34.07,0.0,,owg2026,,,,1.33,8.54,,,0,Composition,2526,8.25,8.75,8.25,8.5,9.0,9.0,8.25,8.25,8.75,1,women,individual
8,Levito Isabeau,USA,25,70.84,36.77,34.07,0.0,,owg2026,,,,1.33,8.57,,,0,Presentation,2526,8.5,8.75,8.5,8.25,8.75,9.25,8.5,8.75,8.0,1,women,individual
8,Levito Isabeau,USA,25,70.84,36.77,34.07,0.0,,owg2026,,,,1.33,8.5,,,0,Skating Skills,2526,8.0,8.5,8.5,8.5,8.25,8.75,8.5,8.75,8.5,1,women,individual
9,Lee Haein,KOR,15,70.07,37.61,32.46,0.0,10.1,owg2026,3Lz+3Tq,1.0,0.0,,9.34,-0.76,q,1,,2526,-2.0,2.0,-1.0,-2.0,-1.0,-2.0,-1.0,-1.0,-1.0,1,women,individual
9,Lee Haein,KOR,15,70.07,37.61,32.46,0.0,3.3,owg2026,2A,2.0,0.0,,3.91,0.61,,1,,2526,2.0,1.0,3.0,2.0,1.0,1.0,2.0,3.0,2.0,1,women,individual
9,Lee Haein,KOR,15,70.07,37.61,32.46,0.0,3.2,owg2026,FCSp4,3.0,0.0,,4.07,0.87,,1,,2526,3.0,2.0,3.0,3.0,2.0,1.0,3.0,3.0,3.0,1,women,individual
9,Lee Haein,KOR,15,70.07,37.61,32.46,0.0,5.83,owg2026,3F,4.0,1.0,,7.04,1.21,,1,,2526,2.0,2.0,3.0,3.0,2.0,2.0,2.0,3.0,2.0,1,women,individual
9,Lee Haein,KOR,15,70.07,37.61,32.46,0.0,2.5,owg2026,SSp4,5.0,0.0,,3.46,0.96,,1,,2526,3.0,4.0,4.0,4.0,4.0,3.0,4.0,4.0,4.0,1,women,individual
9,Lee Haein,KOR,15,70.07,37.61,32.46,0.0,3.5,owg2026,CCoSp4,6.0,0.0,,4.55,1.05,,1,,2526,3.0,3.0,4.0,3.0,3.0,3.0,1.0,4.0,2.0,1,women,individual
9,Lee Haein,KOR,15,70.07,37.61,32.46,0.0,3.9,owg2026,StSq4,7.0,0.0,,5.24,1.34,,1,,2526,4.0,4.0,4.0,3.0,3.0,3.0,3.0,5.0,3.0,1,women,individual
9,Lee Haein,KOR,15,70.07,37.61,32.46,0.0,,owg2026,,,,1.33,8.18,,,0,Composition,2526,8.0,8.5,8.75,8.5,6.75,7.5,8.25,8.75,7.75,1,women,individual
9,Lee Haein,KOR,15,70.07,37.61,32.46,0.0,,owg2026,,,,1.33,8.11,,,0,Presentation,2526,8.25,8.25,8.75,8.25,7.0,8.0,7.75,8.25,8.0,1,women,individual
9,Lee Haein,KOR,15,70.07,37.61,32.46,0.0,,owg2026,,,,1.33,8.11,,,0,Skating Skills,2526,8.0,8.25,8.5,8.25,7.25,8.25,8.0,8.5,7.5,1,women,individual
10,Petrokina Niina,EST,22,69.63,36.8,32.83,0.0,3.3,owg2026,2A,1.0,0.0,,4.2,0.9,,1,,2526,3.0,3.0,2.0,2.0,3.0,3.0,2.0,3.0,3.0,1,women,individual
10,Petrokina Niina,EST,22,69.63,36.8,32.83,0.0,10.1,owg2026,3Lz+3Tq,2.0,0.0,,9.26,-0.84,q,1,,2526,-2.0,0.0,-2.0,-2.0,-1.0,-2.0,-1.0,-1.0,-1.0,1,women,individual
10,Petrokina Niina,EST,22,69.63,36.8,32.83,0.0,3.5,owg2026,CCoSp4,3.0,0.0,,4.2,0.7,,1,,2526,3.0,3.0,1.0,3.0,3.0,1.0,1.0,2.0,1.0,1,women,individual
10,Petrokina Niina,EST,22,69.63,36.8,32.83,0.0,5.83,owg2026,3F,4.0,1.0,,6.74,0.91,,1,,2526,2.0,2.0,1.0,1.0,2.0,1.0,2.0,2.0,2.0,1,women,individual
10,Petrokina Niina,EST,22,69.63,36.8,32.83,0.0,3.2,owg2026,FCSp4,5.0,0.0,,4.16,0.96,,1,,2526,3.0,3.0,2.0,3.0,3.0,3.0,3.0,3.0,3.0,1,women,individual
10,Petrokina Niina,EST,22,69.63,36.8,32.83,0.0,3.9,owg2026,StSq4,6.0,0.0,,4.96,1.06,,1,,2526,4.0,3.0,2.0,2.0,3.0,2.0,3.0,3.0,3.0,1,women,individual
10,Petrokina Niina,EST,22,69.63,36.8,32.83,0.0,2.7,owg2026,LSp4,7.0,0.0,,3.28,0.58,,1,,2526,3.0,3.0,1.0,1.0,2.0,3.0,2.0,2.0,2.0,1,women,individual
10,Petrokina Niina,EST,22,69.63,36.8,32.83,0.0,,owg2026,,,,1.33,8.32,,,0,Composition,2526,8.75,8.5,7.75,8.25,8.75,8.5,8.0,8.25,8.0,1,women,individual
10,Petrokina Niina,EST,22,69.63,36.8,32.83,0.0,,owg2026,,,,1.33,8.29,,,0,Presentation,2526,8.5,8.25,8.0,8.0,8.5,8.25,8.5,8.5,8.0,1,women,individual
10,Petrokina Niina,EST,22,69.63,36.8,32.83,0.0,,owg2026,,,,1.33,8.07,,,0,Skating Skills,2526,8.25,8.0,8.0,8.25,7.75,8.5,8.0,8.25,7.5,1,women,individual
11,Pinzarrone Nina,BEL,21,68.97,36.86,32.11,0.0,3.3,owg2026,2A,1.0,0.0,,3.87,0.57,,1,,2526,2.0,2.0,1.0,1.0,2.0,2.0,1.0,2.0,2.0,1,women,individual
11,Pinzarrone Nina,BEL,21,68.97,36.86,32.11,0.0,10.1,owg2026,3Lzq+3T,2.0,0.0,,9.51,-0.59,q,1,,2526,-1.0,-1.0,-1.0,-2.0,-1.0,-1.0,-1.0,-1.0,0.0,1,women,individual
11,Pinzarrone Nina,BEL,21,68.97,36.86,32.11,0.0,3.2,owg2026,FCSp4,3.0,0.0,,3.98,0.78,,1,,2526,2.0,2.0,3.0,2.0,3.0,3.0,2.0,2.0,3.0,1,women,individual
11,Pinzarrone Nina,BEL,21,68.97,36.86,32.11,0.0,5.39,owg2026,3Lo,4.0,1.0,,6.09,0.7,,1,,2526,2.0,1.0,1.0,1.0,2.0,1.0,1.0,2.0,2.0,1,women,individual
11,Pinzarrone Nina,BEL,21,68.97,36.86,32.11,0.0,3.5,owg2026,CCoSp4,5.0,0.0,,4.5,1.0,,1,,2526,3.0,3.0,2.0,3.0,3.0,3.0,3.0,4.0,2.0,1,women,individual
11,Pinzarrone Nina,BEL,21,68.97,36.86,32.11,0.0,3.9,owg2026,StSq4,6.0,0.0,,5.01,1.11,,1,,2526,3.0,3.0,2.0,2.0,3.0,5.0,3.0,3.0,3.0,1,women,individual
11,Pinzarrone Nina,BEL,21,68.97,36.86,32.11,0.0,2.7,owg2026,LSp4,7.0,0.0,,3.9,1.2,,1,,2526,5.0,5.0,4.0,5.0,4.0,5.0,4.0,4.0,3.0,1,women,individual
11,Pinzarrone Nina,BEL,21,68.97,36.86,32.11,0.0,,owg2026,,,,1.33,8.07,,,0,Composition,2526,8.0,8.5,8.0,8.25,8.25,8.5,7.25,7.75,7.75,1,women,individual
11,Pinzarrone Nina,BEL,21,68.97,36.86,32.11,0.0,,owg2026,,,,1.33,8.14,,,0,Presentation,2526,8.25,8.25,8.25,8.0,7.75,9.0,7.75,8.25,8.25,1,women,individual
11,Pinzarrone Nina,BEL,21,68.97,36.86,32.11,0.0,,owg2026,,,,1.33,7.93,,,0,Skating Skills,2526,7.75,8.25,7.75,8.0,8.0,8.5,7.25,8.0,7.75,1,women,individual
12,Samodelkina Sofia,KAZ,17,68.47,36.42,32.05,0.0,3.3,owg2026,2A,1.0,0.0,,4.2,0.9,,1,,2526,3.0,2.0,2.0,3.0,2.0,3.0,3.0,3.0,3.0,1,women,individual
12,Samodelkina Sofia,KAZ,17,68.47,36.42,32.05,0.0,5.9,owg2026,3Lz,2.0,0.0,,7.25,1.35,,1,,2526,2.0,2.0,2.0,2.0,2.0,2.0,3.0,3.0,3.0,1,women,individual
12,Samodelkina Sofia,KAZ,17,68.47,36.42,32.05,0.0,2.8,owg2026,FCSp3,3.0,0.0,,3.24,0.44,,1,,2526,1.0,1.0,2.0,1.0,2.0,2.0,2.0,2.0,1.0,1,women,individual
12,Samodelkina Sofia,KAZ,17,68.47,36.42,32.05,0.0,10.45,owg2026,3F+3T,4.0,1.0,,11.96,1.51,,1,,2526,3.0,3.0,2.0,2.0,3.0,3.0,3.0,3.0,3.0,1,women,individual
12,Samodelkina Sofia,KAZ,17,68.47,36.42,32.05,0.0,2.4,owg2026,LSp3,5.0,0.0,,2.98,0.58,,1,,2526,3.0,2.0,1.0,2.0,3.0,2.0,3.0,3.0,2.0,1,women,individual
12,Samodelkina Sofia,KAZ,17,68.47,36.42,32.05,0.0,3.3,owg2026,StSq3,6.0,0.0,,4.38,1.08,,1,,2526,3.0,3.0,3.0,3.0,4.0,4.0,4.0,3.0,3.0,1,women,individual
12,Samodelkina Sofia,KAZ,17,68.47,36.42,32.05,0.0,2.25,owg2026,CCoSp3V,7.0,0.0,,2.41,0.16,,1,,2526,1.0,2.0,2.0,0.0,0.0,0.0,1.0,1.0,0.0,1,women,individual
12,Samodelkina Sofia,KAZ,17,68.47,36.42,32.05,0.0,,owg2026,,,,1.33,8.0,,,0,Composition,2526,8.0,8.0,8.0,8.25,7.5,8.0,8.25,8.5,6.25,1,women,individual
12,Samodelkina Sofia,KAZ,17,68.47,36.42,32.05,0.0,,owg2026,,,,1.33,8.21,,,0,Presentation,2526,8.25,8.25,8.25,8.0,8.0,8.5,8.5,8.25,7.75,1,women,individual
12,Samodelkina Sofia,KAZ,17,68.47,36.42,32.05,0.0,,owg2026,,,,1.33,7.89,,,0,Skating Skills,2526,8.0,8.0,8.25,8.0,6.75,8.0,8.25,8.25,6.75,1,women,individual
13,Glenn Amber,USA,28,67.39,34.19,33.2,0.0,8.0,owg2026,3A,1.0,0.0,,10.06,2.06,,1,,2526,3.0,3.0,2.0,1.0,3.0,2.0,3.0,2.0,3.0,1,women,individual
13,Glenn Amber,USA,28,67.39,34.19,33.2,0.0,9.5,owg2026,3F+3Tq,2.0,0.0,,9.05,-0.45,q,1,,2526,-1.0,0.0,-1.0,-2.0,-1.0,-2.0,0.0,-1.0,0.0,1,women,individual
13,Glenn Amber,USA,28,67.39,34.19,33.2,0.0,3.0,owg2026,FSSp4,3.0,0.0,,3.3,0.3,,1,,2526,1.0,2.0,1.0,1.0,1.0,1.0,1.0,1.0,0.0,1,women,individual
13,Glenn Amber,USA,28,67.39,34.19,33.2,0.0,0.0,owg2026,2Lo*,4.0,1.0,,0.0,0.0,*,1,,2526,0.0,0.0,0.0,0.0,0.0,0.0,0.0,0.0,0.0,1,women,individual
13,Glenn Amber,USA,28,67.39,34.19,33.2,0.0,3.9,owg2026,StSq4,5.0,0.0,,3.96,0.06,,1,,2526,3.0,-3.0,-2.0,1.0,-2.0,-2.0,3.0,1.0,2.0,1,women,individual
13,Glenn Amber,USA,28,67.39,34.19,33.2,0.0,2.7,owg2026,LSp4,6.0,0.0,,3.32,0.62,,1,,2526,3.0,2.0,2.0,2.0,3.0,1.0,2.0,3.0,2.0,1,women,individual
13,Glenn Amber,USA,28,67.39,34.19,33.2,0.0,3.5,owg2026,CCoSp4,7.0,0.0,,4.5,1.0,,1,,2526,3.0,3.0,2.0,3.0,3.0,1.0,3.0,3.0,3.0,1,women,individual
13,Glenn Amber,USA,28,67.39,34.19,33.2,0.0,,owg2026,,,,1.33,8.39,,,0,Composition,2526,8.25,9.0,8.75,8.25,8.5,7.75,8.25,8.25,8.5,1,women,individual
13,Glenn Amber,USA,28,67.39,34.19,33.2,0.0,,owg2026,,,,1.33,8.07,,,0,Presentation,2526,8.0,8.75,8.5,8.0,8.0,7.75,8.0,8.0,8.0,1,women,individual
13,Glenn Amber,USA,28,67.39,34.19,33.2,0.0,,owg2026,,,,1.33,8.5,,,0,Skating Skills,2526,8.5,9.0,8.75,8.0,8.75,8.25,8.5,8.25,8.5,1,women,individual
14,Shin Jia,KOR,14,65.66,35.79,30.87,-1.0,10.1,owg2026,3Lz+3T,1.0,0.0,,7.15,-2.95,F,1,,2526,-5.0,-5.0,-5.0,-5.0,-5.0,-5.0,-5.0,-5.0,-5.0,1,women,individual
14,Shin Jia,KOR,14,65.66,35.79,30.87,-1.0,3.3,owg2026,2A,2.0,0.0,,4.1,0.8,,1,,2526,3.0,2.0,2.0,2.0,3.0,3.0,2.0,2.0,3.0,1,women,individual
14,Shin Jia,KOR,14,65.66,35.79,30.87,-1.0,3.2,owg2026,FCSp4,3.0,0.0,,4.02,0.82,,1,,2526,3.0,2.0,2.0,2.0,3.0,3.0,2.0,3.0,3.0,1,women,individual
14,Shin Jia,KOR,14,65.66,35.79,30.87,-1.0,5.83,owg2026,3F,4.0,1.0,,7.42,1.59,,1,,2526,3.0,3.0,3.0,3.0,2.0,3.0,3.0,3.0,3.0,1,women,individual
14,Shin Jia,KOR,14,65.66,35.79,30.87,-1.0,3.5,owg2026,CCoSp4,5.0,0.0,,4.85,1.35,,1,,2526,4.0,4.0,3.0,3.0,4.0,4.0,4.0,4.0,4.0,1,women,individual
14,Shin Jia,KOR,14,65.66,35.79,30.87,-1.0,3.9,owg2026,StSq4,6.0,0.0,,4.96,1.06,,1,,2526,3.0,3.0,3.0,2.0,3.0,4.0,2.0,3.0,2.0,1,women,individual
14,Shin Jia,KOR,14,65.66,35.79,30.87,-1.0,2.4,owg2026,LSp3,7.0,0.0,,3.29,0.89,,1,,2526,4.0,4.0,3.0,5.0,4.0,4.0,3.0,3.0,4.0,1,women,individual
14,Shin Jia,KOR,14,65.66,35.79,30.87,-1.0,,owg2026,,,,1.33,7.82,,,0,Composition,2526,8.0,7.75,8.5,8.5,7.75,7.75,7.5,6.75,7.5,1,women,individual
14,Shin Jia,KOR,14,65.66,35.79,30.87,-1.0,,owg2026,,,,1.33,7.46,,,0,Presentation,2526,7.5,7.5,8.0,8.25,7.25,7.75,7.25,7.0,7.0,1,women,individual
14,Shin Jia,KOR,14,65.66,35.79,30.87,-1.0,,owg2026,,,,1.33,7.93,,,0,Skating Skills,2526,7.75,8.0,8.25,8.25,7.75,8.25,7.5,7.5,8.0,1,women,individual
15,Karhunen Iida,FIN,11,65.06,36.22,28.84,0.0,3.3,owg2026,2A,1.0,0.0,,3.91,0.61,,1,,2526,2.0,1.0,2.0,2.0,1.0,2.0,2.0,3.0,2.0,1,women,individual
15,Karhunen Iida,FIN,11,65.06,36.22,28.84,0.0,9.5,owg2026,3F+3T,2.0,0.0,,8.29,-1.21,,1,,2526,-2.0,-2.0,-3.0,-2.0,-2.0,-2.0,-3.0,-2.0,-3.0,1,women,individual
15,Karhunen Iida,FIN,11,65.06,36.22,28.84,0.0,3.2,owg2026,FCSp4,3.0,0.0,,3.79,0.59,,1,,2526,2.0,1.0,0.0,2.0,2.0,2.0,2.0,2.0,3.0,1,women,individual
15,Karhunen Iida,FIN,11,65.06,36.22,28.84,0.0,6.49,owg2026,3Lz,4.0,1.0,,7.67,1.18,,1,,2526,2.0,2.0,0.0,2.0,3.0,1.0,2.0,2.0,3.0,1,women,individual
15,Karhunen Iida,FIN,11,65.06,36.22,28.84,0.0,3.5,owg2026,CCoSp4,5.0,0.0,,4.1,0.6,,1,,2526,3.0,4.0,1.0,3.0,-2.0,1.0,0.0,2.0,2.0,1,women,individual
15,Karhunen Iida,FIN,11,65.06,36.22,28.84,0.0,3.9,owg2026,StSq4,6.0,0.0,,5.07,1.17,,1,,2526,3.0,3.0,2.0,3.0,3.0,4.0,3.0,3.0,3.0,1,women,individual
15,Karhunen Iida,FIN,11,65.06,36.22,28.84,0.0,2.7,owg2026,LSp4,7.0,0.0,,3.39,0.69,,1,,2526,3.0,4.0,2.0,3.0,2.0,3.0,3.0,2.0,2.0,1,women,individual
15,Karhunen Iida,FIN,11,65.06,36.22,28.84,0.0,,owg2026,,,,1.33,7.29,,,0,Composition,2526,7.25,7.5,7.25,7.5,6.25,8.25,7.5,7.5,6.5,1,women,individual
15,Karhunen Iida,FIN,11,65.06,36.22,28.84,0.0,,owg2026,,,,1.33,7.32,,,0,Presentation,2526,7.5,7.25,7.25,7.25,7.0,7.5,7.5,7.75,6.75,1,women,individual
15,Karhunen Iida,FIN,11,65.06,36.22,28.84,0.0,,owg2026,,,,1.33,7.07,,,0,Skating Skills,2526,7.0,7.25,7.0,7.5,6.75,7.5,7.25,6.75,6.75,1,women,individual
16,Sauter Julia,ROU,9,63.13,34.15,28.98,0.0,10.1,owg2026,3Lz+3T,1.0,0.0,,11.7,1.6,,1,,2526,3.0,3.0,2.0,2.0,2.0,3.0,3.0,3.0,3.0,1,women,individual
16,Sauter Julia,ROU,9,63.13,34.15,28.98,0.0,4.9,owg2026,3Loq,2.0,0.0,,4.2,-0.7,q,1,,2526,-2.0,-1.0,-2.0,-2.0,-1.0,-2.0,-1.0,-1.0,0.0,1,women,individual
16,Sauter Julia,ROU,9,63.13,34.15,28.98,0.0,2.6,owg2026,CSp4,3.0,0.0,,3.19,0.59,,1,,2526,2.0,2.0,3.0,2.0,1.0,2.0,2.0,3.0,3.0,1,women,individual
16,Sauter Julia,ROU,9,63.13,34.15,28.98,0.0,3.63,owg2026,2A,4.0,1.0,,3.96,0.33,,1,,2526,1.0,1.0,1.0,1.0,1.0,1.0,2.0,1.0,1.0,1,women,individual
16,Sauter Julia,ROU,9,63.13,34.15,28.98,0.0,2.6,owg2026,FSSp3,5.0,0.0,,3.05,0.45,,1,,2526,2.0,2.0,1.0,2.0,2.0,1.0,2.0,2.0,0.0,1,women,individual
16,Sauter Julia,ROU,9,63.13,34.15,28.98,0.0,3.3,owg2026,StSq3,6.0,0.0,,4.1,0.8,,1,,2526,2.0,2.0,3.0,2.0,2.0,3.0,3.0,2.0,3.0,1,women,individual
16,Sauter Julia,ROU,9,63.13,34.15,28.98,0.0,3.5,owg2026,CCoSp4,7.0,0.0,,3.95,0.45,,1,,2526,1.0,2.0,1.0,1.0,0.0,2.0,2.0,0.0,3.0,1,women,individual
16,Sauter Julia,ROU,9,63.13,34.15,28.98,0.0,,owg2026,,,,1.33,7.07,,,0,Composition,2526,6.5,7.0,7.25,7.0,6.75,7.25,7.5,7.0,7.25,1,women,individual
16,Sauter Julia,ROU,9,63.13,34.15,28.98,0.0,,owg2026,,,,1.33,7.43,,,0,Presentation,2526,7.0,7.25,7.5,7.0,7.25,7.75,7.75,7.5,8.0,1,women,individual
16,Sauter Julia,ROU,9,63.13,34.15,28.98,0.0,,owg2026,,,,1.33,7.29,,,0,Skating Skills,2526,7.0,7.25,7.5,7.25,6.25,7.5,7.5,7.75,7.0,1,women,individual
17,Mikutina Olga,AUT,10,61.72,32.64,29.08,0.0,10.1,owg2026,3Lzq+3T,1.0,0.0,,9.43,-0.67,q,1,,2526,-2.0,-1.0,-1.0,-2.0,0.0,-3.0,0.0,-1.0,-1.0,1,women,individual
17,Mikutina Olga,AUT,10,61.72,32.64,29.08,0.0,3.3,owg2026,2Aq,2.0,0.0,,2.92,-0.38,q,1,,2526,-1.0,-1.0,-1.0,-2.0,-1.0,-2.0,0.0,-1.0,-1.0,1,women,individual
17,Mikutina Olga,AUT,10,61.72,32.64,29.08,0.0,3.2,owg2026,FCSp4,3.0,0.0,,4.16,0.96,,1,,2526,3.0,3.0,3.0,3.0,3.0,3.0,3.0,4.0,3.0,1,women,individual
17,Mikutina Olga,AUT,10,61.72,32.64,29.08,0.0,5.83,owg2026,3Fq,4.0,1.0,,5.07,-0.76,q,1,,2526,-2.0,-2.0,-1.0,-2.0,-1.0,-3.0,0.0,-1.0,-1.0,1,women,individual
17,Mikutina Olga,AUT,10,61.72,32.64,29.08,0.0,2.4,owg2026,LSp3,5.0,0.0,,3.02,0.62,,1,,2526,3.0,3.0,2.0,2.0,3.0,2.0,3.0,4.0,1.0,1,women,individual
17,Mikutina Olga,AUT,10,61.72,32.64,29.08,0.0,3.3,owg2026,StSq3,6.0,0.0,,4.1,0.8,,1,,2526,3.0,2.0,1.0,1.0,3.0,3.0,3.0,2.0,3.0,1,women,individual
17,Mikutina Olga,AUT,10,61.72,32.64,29.08,0.0,3.0,owg2026,CCoSp3,7.0,0.0,,3.94,0.94,,1,,2526,3.0,4.0,1.0,3.0,3.0,4.0,3.0,3.0,3.0,1,women,individual
17,Mikutina Olga,AUT,10,61.72,32.64,29.08,0.0,,owg2026,,,,1.33,7.43,,,0,Composition,2526,7.5,7.0,7.25,7.25,7.5,8.0,7.75,7.75,6.75,1,women,individual
17,Mikutina Olga,AUT,10,61.72,32.64,29.08,0.0,,owg2026,,,,1.33,7.32,,,0,Presentation,2526,7.25,7.25,7.5,6.75,7.25,7.25,7.75,7.5,7.25,1,women,individual
17,Mikutina Olga,AUT,10,61.72,32.64,29.08,0.0,,owg2026,,,,1.33,7.11,,,0,Skating Skills,2526,7.0,7.0,7.0,7.0,6.5,7.25,7.5,7.25,7.25,1,women,individual
18,Gutmann Lara Naki,ITA,23,61.56,29.5,32.06,0.0,8.4,owg2026,3T+3T,1.0,0.0,,9.48,1.08,,1,,2526,3.0,2.0,2.0,2.0,3.0,3.0,3.0,2.0,3.0,1,women,individual
18,Gutmann Lara Naki,ITA,23,61.56,29.5,32.06,0.0,3.3,owg2026,2A,2.0,0.0,,4.01,0.71,,1,,2526,2.0,3.0,2.0,2.0,2.0,2.0,3.0,1.0,2.0,1,women,individual
18,Gutmann Lara Naki,ITA,23,61.56,29.5,32.06,0.0,3.2,owg2026,FCSp4,3.0,0.0,,4.07,0.87,,1,,2526,3.0,2.0,2.0,2.0,3.0,3.0,3.0,3.0,3.0,1,women,individual
18,Gutmann Lara Naki,ITA,23,61.56,29.5,32.06,0.0,0.0,owg2026,2Lz*,4.0,1.0,,0.0,0.0,*,1,,2526,0.0,0.0,0.0,0.0,0.0,0.0,0.0,0.0,0.0,1,women,individual
18,Gutmann Lara Naki,ITA,23,61.56,29.5,32.06,0.0,2.5,owg2026,SSp4,5.0,0.0,,3.25,0.75,,1,,2526,3.0,3.0,3.0,3.0,3.0,3.0,3.0,3.0,3.0,1,women,individual
18,Gutmann Lara Naki,ITA,23,61.56,29.5,32.06,0.0,3.5,owg2026,CCoSp4,6.0,0.0,,4.45,0.95,,1,,2526,3.0,4.0,2.0,2.0,3.0,3.0,3.0,2.0,3.0,1,women,individual
18,Gutmann Lara Naki,ITA,23,61.56,29.5,32.06,0.0,3.3,owg2026,StSq3,7.0,0.0,,4.24,0.94,,1,,2526,4.0,3.0,2.0,2.0,3.0,3.0,4.0,3.0,2.0,1,women,individual
18,Gutmann Lara Naki,ITA,23,61.56,29.5,32.06,0.0,,owg2026,,,,1.33,8.25,,,0,Composition,2526,8.5,8.25,8.25,8.25,8.0,8.75,8.5,8.0,7.5,1,women,individual
18,Gutmann Lara Naki,ITA,23,61.56,29.5,32.06,0.0,,owg2026,,,,1.33,7.86,,,0,Presentation,2526,8.0,8.0,7.75,7.75,7.5,8.25,8.5,7.75,7.5,1,women,individual
18,Gutmann Lara Naki,ITA,23,61.56,29.5,32.06,0.0,,owg2026,,,,1.33,8.0,,,0,Skating Skills,2526,8.25,8.0,8.0,8.0,7.5,8.25,8.25,7.75,7.75,1,women,individual
19,Kurakova Ekaterina,POL,13,60.14,31.56,28.58,0.0,5.5,owg2026,3T+2T,1.0,0.0,,6.04,0.54,,1,,2526,1.0,1.0,1.0,1.0,1.0,1.0,2.0,2.0,2.0,1,women,individual
19,Kurakova Ekaterina,POL,13,60.14,31.56,28.58,0.0,3.3,owg2026,2A,2.0,0.0,,3.63,0.33,,1,,2526,1.0,2.0,1.0,1.0,0.0,0.0,1.0,1.0,2.0,1,women,individual
19,Kurakova Ekaterina,POL,13,60.14,31.56,28.58,0.0,3.5,owg2026,CCoSp4,3.0,0.0,,4.15,0.65,,1,,2526,2.0,2.0,1.0,1.0,2.0,2.0,2.0,2.0,2.0,1,women,individual
19,Kurakova Ekaterina,POL,13,60.14,31.56,28.58,0.0,5.39,owg2026,3Lo,4.0,1.0,,5.81,0.42,,1,,2526,1.0,0.0,1.0,1.0,0.0,0.0,2.0,2.0,1.0,1,women,individual
19,Kurakova Ekaterina,POL,13,60.14,31.56,28.58,0.0,3.2,owg2026,FCSp4,5.0,0.0,,3.89,0.69,,1,,2526,2.0,2.0,2.0,2.0,2.0,3.0,2.0,2.0,3.0,1,women,individual
19,Kurakova Ekaterina,POL,13,60.14,31.56,28.58,0.0,3.9,owg2026,StSq4,6.0,0.0,,5.07,1.17,,1,,2526,3.0,4.0,2.0,2.0,4.0,3.0,3.0,3.0,3.0,1,women,individual
19,Kurakova Ekaterina,POL,13,60.14,31.56,28.58,0.0,2.7,owg2026,LSp4,7.0,0.0,,2.97,0.27,,1,,2526,1.0,0.0,1.0,1.0,1.0,1.0,1.0,2.0,1.0,1,women,individual
19,Kurakova Ekaterina,POL,13,60.14,31.56,28.58,0.0,,owg2026,,,,1.33,7.07,,,0,Composition,2526,7.0,7.0,7.25,7.75,6.75,7.25,7.0,7.0,7.0,1,women,individual
19,Kurakova Ekaterina,POL,13,60.14,31.56,28.58,0.0,,owg2026,,,,1.33,7.46,,,0,Presentation,2526,7.5,7.25,7.5,7.5,7.5,8.25,7.5,7.5,7.25,1,women,individual
19,Kurakova Ekaterina,POL,13,60.14,31.56,28.58,0.0,,owg2026,,,,1.33,6.96,,,0,Skating Skills,2526,6.75,6.75,7.25,7.25,5.75,7.0,7.0,7.25,6.75,1,women,individual
20,Zhang Ruiyang,CHN,4,59.38,32.64,26.74,0.0,8.5,owg2026,3S+3Tq,1.0,0.0,,7.95,-0.55,q,1,,2526,-1.0,-1.0,-1.0,-2.0,-1.0,-2.0,-2.0,-1.0,2.0,1,women,individual
20,Zhang Ruiyang,CHN,4,59.38,32.64,26.74,0.0,3.3,owg2026,2A,2.0,0.0,,3.63,0.33,,1,,2526,1.0,1.0,1.0,0.0,2.0,0.0,1.0,2.0,1.0,1,women,individual
20,Zhang Ruiyang,CHN,4,59.38,32.64,26.74,0.0,3.5,owg2026,CCoSp4,3.0,0.0,,3.75,0.25,,1,,2526,1.0,1.0,1.0,1.0,1.0,0.0,0.0,1.0,-1.0,1,women,individual
20,Zhang Ruiyang,CHN,4,59.38,32.64,26.74,0.0,5.83,owg2026,3F,4.0,1.0,,6.13,0.3,,1,,2526,0.0,0.0,0.0,0.0,1.0,0.0,1.0,2.0,2.0,1,women,individual
20,Zhang Ruiyang,CHN,4,59.38,32.64,26.74,0.0,3.9,owg2026,StSq4,5.0,0.0,,4.62,0.72,,1,,2526,2.0,2.0,2.0,1.0,3.0,1.0,1.0,2.0,3.0,1,women,individual
20,Zhang Ruiyang,CHN,4,59.38,32.64,26.74,0.0,3.2,owg2026,FCSp4,6.0,0.0,,3.47,0.27,,1,,2526,1.0,0.0,0.0,1.0,1.0,0.0,2.0,2.0,1.0,1,women,individual
20,Zhang Ruiyang,CHN,4,59.38,32.64,26.74,0.0,2.7,owg2026,LSp4,7.0,0.0,,3.09,0.39,,1,,2526,3.0,0.0,2.0,1.0,1.0,1.0,2.0,2.0,1.0,1,women,individual
20,Zhang Ruiyang,CHN,4,59.38,32.64,26.74,0.0,,owg2026,,,,1.33,6.86,,,0,Composition,2526,7.0,6.75,7.25,6.5,7.5,6.5,6.5,7.25,6.75,1,women,individual
20,Zhang Ruiyang,CHN,4,59.38,32.64,26.74,0.0,,owg2026,,,,1.33,6.64,,,0,Presentation,2526,6.5,6.5,7.0,6.5,6.75,6.0,6.75,6.5,7.25,1,women,individual
20,Zhang Ruiyang,CHN,4,59.38,32.64,26.74,0.0,,owg2026,,,,1.33,6.61,,,0,Skating Skills,2526,6.75,6.75,6.75,6.25,7.25,6.0,6.25,7.0,6.5,1,women,individual
21,Repond Kimmy,SUI,12,59.2,29.84,29.36,0.0,7.6,owg2026,3F<+3T<,1.0,0.0,,5.72,-1.88,"<,<",1,,2526,-4.0,-4.0,-3.0,-5.0,-5.0,-5.0,-4.0,-4.0,-5.0,1,women,individual
21,Repond Kimmy,SUI,12,59.2,29.84,29.36,0.0,3.3,owg2026,2A,2.0,0.0,,3.91,0.61,,1,,2526,2.0,3.0,1.0,2.0,1.0,2.0,2.0,2.0,2.0,1,women,individual
21,Repond Kimmy,SUI,12,59.2,29.84,29.36,0.0,3.0,owg2026,CCoSp3,3.0,0.0,,3.73,0.73,,1,,2526,3.0,3.0,1.0,2.0,3.0,1.0,2.0,3.0,3.0,1,women,individual
21,Repond Kimmy,SUI,12,59.2,29.84,29.36,0.0,5.39,owg2026,3Lo,4.0,1.0,,6.02,0.63,,1,,2526,2.0,1.0,1.0,1.0,1.0,1.0,1.0,2.0,3.0,1,women,individual
21,Repond Kimmy,SUI,12,59.2,29.84,29.36,0.0,3.9,owg2026,StSq4,5.0,0.0,,4.79,0.89,,1,,2526,3.0,2.0,2.0,2.0,2.0,2.0,2.0,3.0,3.0,1,women,individual
21,Repond Kimmy,SUI,12,59.2,29.84,29.36,0.0,2.8,owg2026,FCSp3,6.0,0.0,,3.0,0.2,,1,,2526,2.0,1.0,0.0,-1.0,1.0,-1.0,1.0,1.0,2.0,1,women,individual
21,Repond Kimmy,SUI,12,59.2,29.84,29.36,0.0,2.4,owg2026,LSp3,7.0,0.0,,2.67,0.27,,1,,2526,0.0,1.0,1.0,0.0,1.0,1.0,2.0,2.0,2.0,1,women,individual
21,Repond Kimmy,SUI,12,59.2,29.84,29.36,0.0,,owg2026,,,,1.33,7.39,,,0,Composition,2526,7.5,7.25,7.5,7.5,6.5,7.25,7.25,8.25,7.5,1,women,individual
21,Repond Kimmy,SUI,12,59.2,29.84,29.36,0.0,,owg2026,,,,1.33,7.36,,,0,Presentation,2526,7.75,7.75,7.5,7.25,6.25,6.75,7.5,7.75,7.0,1,women,individual
21,Repond Kimmy,SUI,12,59.2,29.84,29.36,0.0,,owg2026,,,,1.33,7.32,,,0,Skating Skills,2526,7.25,7.5,7.25,7.5,6.25,7.25,7.25,7.5,7.25,1,women,individual
22,Seniuk Mariia,ISR,7,58.61,32.15,26.46,0.0,9.5,owg2026,3F+3Tq,1.0,0.0,,8.52,-0.98,q,1,,2526,-3.0,-1.0,-1.0,-2.0,-3.0,-2.0,-3.0,-1.0,-1.0,1,women,individual
22,Seniuk Mariia,ISR,7,58.61,32.15,26.46,0.0,3.3,owg2026,2A,2.0,0.0,,3.82,0.52,,1,,2526,1.0,1.0,1.0,2.0,1.0,2.0,2.0,2.0,3.0,1,women,individual
22,Seniuk Mariia,ISR,7,58.61,32.15,26.46,0.0,3.2,owg2026,FCSp4,3.0,0.0,,3.84,0.64,,1,,2526,2.0,2.0,1.0,3.0,2.0,2.0,2.0,2.0,2.0,1,women,individual
22,Seniuk Mariia,ISR,7,58.61,32.15,26.46,0.0,5.19,owg2026,3Lze,4.0,1.0,,4.18,-1.01,e,1,,2526,-1.0,-2.0,-3.0,-2.0,-2.0,-2.0,-3.0,-1.0,-3.0,1,women,individual
22,Seniuk Mariia,ISR,7,58.61,32.15,26.46,0.0,3.9,owg2026,StSq4,5.0,0.0,,4.51,0.61,,1,,2526,1.0,2.0,1.0,2.0,2.0,1.0,1.0,2.0,3.0,1,women,individual
22,Seniuk Mariia,ISR,7,58.61,32.15,26.46,0.0,3.5,owg2026,CCoSp4,6.0,0.0,,4.3,0.8,,1,,2526,1.0,3.0,2.0,3.0,2.0,2.0,2.0,3.0,2.0,1,women,individual
22,Seniuk Mariia,ISR,7,58.61,32.15,26.46,0.0,2.4,owg2026,LSp3,7.0,0.0,,2.98,0.58,,1,,2526,3.0,3.0,2.0,3.0,2.0,2.0,3.0,2.0,2.0,1,women,individual
22,Seniuk Mariia,ISR,7,58.61,32.15,26.46,0.0,,owg2026,,,,1.33,6.61,,,0,Composition,2526,6.25,6.75,6.5,7.0,5.25,6.75,6.5,7.5,6.5,1,women,individual
22,Seniuk Mariia,ISR,7,58.61,32.15,26.46,0.0,,owg2026,,,,1.33,6.68,,,0,Presentation,2526,6.0,7.25,6.75,6.75,5.75,6.25,6.75,7.25,7.0,1,women,individual
22,Seniuk Mariia,ISR,7,58.61,32.15,26.46,0.0,,owg2026,,,,1.33,6.61,,,0,Skating Skills,2526,6.0,6.75,6.5,7.0,6.25,7.0,6.25,7.0,6.5,1,women,individual
23,Kaiser Livia,SUI,6,55.69,30.62,26.07,-1.0,10.1,owg2026,3Lz+3T,1.0,0.0,,10.69,0.59,,1,,2526,1.0,1.0,0.0,0.0,1.0,2.0,1.0,1.0,2.0,1,women,individual
23,Kaiser Livia,SUI,6,55.69,30.62,26.07,-1.0,3.3,owg2026,2A,2.0,0.0,,3.87,0.57,,1,,2526,2.0,2.0,1.0,1.0,2.0,2.0,1.0,2.0,2.0,1,women,individual
23,Kaiser Livia,SUI,6,55.69,30.62,26.07,-1.0,3.2,owg2026,FCSp4,3.0,0.0,,3.7,0.5,,1,,2526,2.0,2.0,1.0,2.0,2.0,2.0,1.0,1.0,1.0,1,women,individual
23,Kaiser Livia,SUI,6,55.69,30.62,26.07,-1.0,5.39,owg2026,3Lo,4.0,1.0,,2.94,-2.45,F,1,,2526,-5.0,-5.0,-5.0,-5.0,-5.0,-5.0,-5.0,-5.0,-5.0,1,women,individual
23,Kaiser Livia,SUI,6,55.69,30.62,26.07,-1.0,3.0,owg2026,CCoSp3,5.0,0.0,,2.91,-0.09,,1,,2526,1.0,2.0,-1.0,1.0,-1.0,-1.0,-1.0,0.0,-1.0,1,women,individual
23,Kaiser Livia,SUI,6,55.69,30.62,26.07,-1.0,3.3,owg2026,StSq3,6.0,0.0,,3.77,0.47,,1,,2526,2.0,2.0,1.0,2.0,1.0,1.0,1.0,1.0,2.0,1,women,individual
23,Kaiser Livia,SUI,6,55.69,30.62,26.07,-1.0,2.4,owg2026,LSp3,7.0,0.0,,2.74,0.34,,1,,2526,2.0,2.0,1.0,1.0,2.0,1.0,1.0,2.0,1.0,1,women,individual
23,Kaiser Livia,SUI,6,55.69,30.62,26.07,-1.0,,owg2026,,,,1.33,6.5,,,0,Composition,2526,6.25,6.75,7.25,6.75,6.75,6.75,6.25,6.0,6.0,1,women,individual
23,Kaiser Livia,SUI,6,55.69,30.62,26.07,-1.0,,owg2026,,,,1.33,6.46,,,0,Presentation,2526,6.75,6.5,6.75,6.5,6.25,6.5,6.5,5.75,6.25,1,women,individual
23,Kaiser Livia,SUI,6,55.69,30.62,26.07,-1.0,,owg2026,,,,1.33,6.64,,,0,Skating Skills,2526,6.5,6.5,7.0,6.5,6.0,7.25,6.5,6.75,6.75,1,women,individual
24,Schild Lorine,FRA,16,55.63,29.32,26.31,0.0,8.92,owg2026,3Lz<+3Tq,1.0,0.0,,6.56,-2.36,"<,q",1,,2526,-5.0,-5.0,-5.0,-5.0,-5.0,-5.0,-5.0,-5.0,-5.0,1,women,individual
24,Schild Lorine,FRA,16,55.63,29.32,26.31,0.0,3.3,owg2026,2A,2.0,0.0,,3.77,0.47,,1,,2526,1.0,2.0,0.0,1.0,1.0,1.0,2.0,2.0,2.0,1,women,individual
24,Schild Lorine,FRA,16,55.63,29.32,26.31,0.0,3.2,owg2026,FCSp4,3.0,0.0,,3.75,0.55,,1,,2526,2.0,1.0,1.0,2.0,2.0,1.0,2.0,2.0,2.0,1,women,individual
24,Schild Lorine,FRA,16,55.63,29.32,26.31,0.0,5.39,owg2026,3Lo,4.0,1.0,,4.62,-0.77,,1,,2526,-1.0,-1.0,-3.0,-1.0,-2.0,-2.0,-2.0,-1.0,-2.0,1,women,individual
24,Schild Lorine,FRA,16,55.63,29.32,26.31,0.0,3.5,owg2026,CCoSp4,5.0,0.0,,3.9,0.4,,1,,2526,1.0,2.0,2.0,0.0,0.0,1.0,2.0,1.0,1.0,1,women,individual
24,Schild Lorine,FRA,16,55.63,29.32,26.31,0.0,3.3,owg2026,StSq3,6.0,0.0,,3.63,0.33,,1,,2526,1.0,2.0,0.0,1.0,1.0,-1.0,1.0,1.0,2.0,1,women,individual
24,Schild Lorine,FRA,16,55.63,29.32,26.31,0.0,2.7,owg2026,LSp4,7.0,0.0,,3.09,0.39,,1,,2526,2.0,1.0,1.0,2.0,1.0,1.0,1.0,3.0,2.0,1,women,individual
24,Schild Lorine,FRA,16,55.63,29.32,26.31,0.0,,owg2026,,,,1.33,6.68,,,0,Composition,2526,6.25,7.0,6.5,7.0,6.25,6.75,6.25,7.25,7.0,1,women,individual
24,Schild Lorine,FRA,16,55.63,29.32,26.31,0.0,,owg2026,,,,1.33,6.43,,,0,Presentation,2526,6.75,6.5,6.25,6.5,6.0,6.25,6.25,7.0,6.5,1,women,individual
24,Schild Lorine,FRA,16,55.63,29.32,26.31,0.0,,owg2026,,,,1.33,6.68,,,0,Skating Skills,2526,6.5,6.5,6.75,7.25,6.75,6.75,6.5,6.5,7.0,1,women,individual
25,Schizas Madeline,CAN,19,55.38,26.39,28.99,0.0,10.1,owg2026,3Lz+3Tq,1.0,0.0,,7.74,-2.36,q,1,,2526,-4.0,-3.0,-4.0,-4.0,-4.0,-4.0,-4.0,-4.0,-4.0,1,women,individual
25,Schizas Madeline,CAN,19,55.38,26.39,28.99,0.0,3.3,owg2026,2A,2.0,0.0,,3.96,0.66,,1,,2526,3.0,1.0,2.0,2.0,2.0,2.0,2.0,2.0,2.0,1,women,individual
25,Schizas Madeline,CAN,19,55.38,26.39,28.99,0.0,3.5,owg2026,CCoSp4,3.0,0.0,,4.2,0.7,,1,,2526,2.0,2.0,2.0,2.0,3.0,2.0,2.0,1.0,2.0,1,women,individual
25,Schizas Madeline,CAN,19,55.38,26.39,28.99,0.0,0.0,owg2026,2Lo*,4.0,1.0,,0.0,0.0,*,1,,2526,0.0,0.0,0.0,0.0,0.0,0.0,0.0,0.0,0.0,1,women,individual
25,Schizas Madeline,CAN,19,55.38,26.39,28.99,0.0,3.0,owg2026,FSSp4,5.0,0.0,,3.17,0.17,,1,,2526,0.0,2.0,0.0,0.0,1.0,0.0,1.0,2.0,-1.0,1,women,individual
25,Schizas Madeline,CAN,19,55.38,26.39,28.99,0.0,3.3,owg2026,StSq3,6.0,0.0,,3.96,0.66,,1,,2526,2.0,2.0,2.0,1.0,2.0,2.0,2.0,2.0,2.0,1,women,individual
25,Schizas Madeline,CAN,19,55.38,26.39,28.99,0.0,2.7,owg2026,LSp4,7.0,0.0,,3.36,0.66,,1,,2526,3.0,3.0,3.0,1.0,2.0,1.0,3.0,3.0,2.0,1,women,individual
25,Schizas Madeline,CAN,19,55.38,26.39,28.99,0.0,,owg2026,,,,1.33,7.36,,,0,Composition,2526,7.0,7.25,7.5,7.5,7.5,7.5,6.75,7.5,7.25,1,women,individual
25,Schizas Madeline,CAN,19,55.38,26.39,28.99,0.0,,owg2026,,,,1.33,7.11,,,0,Presentation,2526,7.25,7.0,7.0,7.25,7.0,7.25,7.0,7.25,7.0,1,women,individual
25,Schizas Madeline,CAN,19,55.38,26.39,28.99,0.0,,owg2026,,,,1.33,7.32,,,0,Skating Skills,2526,7.5,6.75,7.25,7.25,7.5,7.25,7.25,7.25,7.5,1,women,individual
26,Safonova Viktoriia,AIN,1,54.57,29.15,25.42,0.0,3.3,owg2026,2A,1.0,0.0,,3.96,0.66,,1,,2526,2.0,2.0,2.0,2.0,2.0,2.0,1.0,2.0,3.0,1,women,individual
26,Safonova Viktoriia,AIN,1,54.57,29.15,25.42,0.0,3.5,owg2026,CCoSp4,2.0,0.0,,4.05,0.55,,1,,2526,2.0,2.0,1.0,0.0,2.0,1.0,2.0,1.0,2.0,1,women,individual
26,Safonova Viktoriia,AIN,1,54.57,29.15,25.42,0.0,4.9,owg2026,3Lo,3.0,0.0,,5.53,0.63,,1,,2526,2.0,2.0,1.0,0.0,1.0,2.0,1.0,1.0,1.0,1,women,individual
26,Safonova Viktoriia,AIN,1,54.57,29.15,25.42,0.0,7.26,owg2026,3Fq+2T,4.0,1.0,,6.12,-1.14,q,1,,2526,-2.0,-1.0,-2.0,-2.0,-2.0,-3.0,-3.0,-2.0,-2.0,1,women,individual
26,Safonova Viktoriia,AIN,1,54.57,29.15,25.42,0.0,3.3,owg2026,StSq3,5.0,0.0,,3.54,0.24,,1,,2526,1.0,1.0,2.0,0.0,1.0,-1.0,0.0,1.0,1.0,1,women,individual
26,Safonova Viktoriia,AIN,1,54.57,29.15,25.42,0.0,2.4,owg2026,LSp3,6.0,0.0,,2.61,0.21,,1,,2526,2.0,1.0,1.0,0.0,1.0,-1.0,0.0,1.0,2.0,1,women,individual
26,Safonova Viktoriia,AIN,1,54.57,29.15,25.42,0.0,3.0,owg2026,FSSp4,7.0,0.0,,3.34,0.34,,1,,2526,2.0,1.0,1.0,0.0,2.0,0.0,1.0,2.0,1.0,1,women,individual
26,Safonova Viktoriia,AIN,1,54.57,29.15,25.42,0.0,,owg2026,,,,1.33,6.57,,,0,Composition,2526,6.5,6.25,7.25,6.25,6.75,5.75,6.5,6.75,7.0,1,women,individual
26,Safonova Viktoriia,AIN,1,54.57,29.15,25.42,0.0,,owg2026,,,,1.33,6.11,,,0,Presentation,2526,6.0,6.5,7.0,6.0,6.0,5.5,6.25,6.0,6.0,1,women,individual
26,Safonova Viktoriia,AIN,1,54.57,29.15,25.42,0.0,,owg2026,,,,1.33,6.43,,,0,Skating Skills,2526,6.25,6.75,7.0,6.25,6.0,6.25,6.5,6.25,6.75,1,women,individual
27,Variakojyte Meda,LTU,3,53.86,29.77,24.09,0.0,10.1,owg2026,3Lz+3Tq,1.0,0.0,,9.17,-0.93,q,1,,2526,-1.0,0.0,-2.0,-2.0,-3.0,-2.0,-2.0,-1.0,-1.0,1,women,individual
27,Variakojyte Meda,LTU,3,53.86,29.77,24.09,0.0,5.3,owg2026,3F!,2.0,0.0,,3.94,-1.36,!,1,,2526,-2.0,-2.0,-3.0,-3.0,-3.0,-4.0,-2.0,-1.0,-3.0,1,women,individual
27,Variakojyte Meda,LTU,3,53.86,29.77,24.09,0.0,3.2,owg2026,FCSp4,3.0,0.0,,3.79,0.59,,1,,2526,2.0,2.0,2.0,2.0,1.0,1.0,2.0,3.0,2.0,1,women,individual
27,Variakojyte Meda,LTU,3,53.86,29.77,24.09,0.0,3.63,owg2026,2A,4.0,1.0,,4.01,0.38,,1,,2526,0.0,2.0,1.0,1.0,0.0,1.0,1.0,2.0,2.0,1,women,individual
27,Variakojyte Meda,LTU,3,53.86,29.77,24.09,0.0,2.6,owg2026,StSq2,5.0,0.0,,2.97,0.37,,1,,2526,1.0,2.0,2.0,1.0,1.0,2.0,1.0,1.0,2.0,1,women,individual
27,Variakojyte Meda,LTU,3,53.86,29.77,24.09,0.0,3.0,owg2026,CCoSp3,6.0,0.0,,3.39,0.39,,1,,2526,1.0,1.0,1.0,1.0,2.0,1.0,2.0,2.0,1.0,1,women,individual
27,Variakojyte Meda,LTU,3,53.86,29.77,24.09,0.0,2.4,owg2026,LSp3,7.0,0.0,,2.5,0.1,,1,,2526,0.0,1.0,1.0,0.0,0.0,2.0,0.0,1.0,-1.0,1,women,individual
27,Variakojyte Meda,LTU,3,53.86,29.77,24.09,0.0,,owg2026,,,,1.33,6.14,,,0,Composition,2526,5.25,6.5,6.5,6.5,4.75,6.25,6.25,6.5,5.75,1,women,individual
27,Variakojyte Meda,LTU,3,53.86,29.77,24.09,0.0,,owg2026,,,,1.33,6.18,,,0,Presentation,2526,5.5,6.25,6.75,6.25,5.25,6.5,6.0,6.25,6.5,1,women,individual
27,Variakojyte Meda,LTU,3,53.86,29.77,24.09,0.0,,owg2026,,,,1.33,5.79,,,0,Skating Skills,2526,5.0,6.0,6.5,6.0,4.5,5.75,6.0,6.0,5.75,1,women,individual
28,Feigin Alexandra,BUL,8,53.42,28.77,24.65,0.0,8.4,owg2026,3T+3Tq,1.0,0.0,,7.92,-0.48,q,1,,2526,-2.0,-1.0,-1.0,-2.0,-1.0,-1.0,0.0,-1.0,-1.0,1,women,individual
28,Feigin Alexandra,BUL,8,53.42,28.77,24.65,0.0,4.9,owg2026,3Lo,2.0,0.0,,5.46,0.56,,1,,2526,1.0,1.0,0.0,1.0,1.0,1.0,2.0,1.0,2.0,1,women,individual
28,Feigin Alexandra,BUL,8,53.42,28.77,24.65,0.0,3.5,owg2026,CCoSp4,3.0,0.0,,4.05,0.55,,1,,2526,2.0,2.0,1.0,0.0,2.0,1.0,1.0,2.0,2.0,1,women,individual
28,Feigin Alexandra,BUL,8,53.42,28.77,24.65,0.0,3.63,owg2026,2A,4.0,1.0,,2.55,-1.08,,1,,2526,-3.0,-2.0,-4.0,-3.0,-5.0,-3.0,-3.0,-3.0,-4.0,1,women,individual
28,Feigin Alexandra,BUL,8,53.42,28.77,24.65,0.0,2.8,owg2026,FCSp3,5.0,0.0,,3.0,0.2,,1,,2526,1.0,0.0,1.0,0.0,1.0,0.0,1.0,1.0,2.0,1,women,individual
28,Feigin Alexandra,BUL,8,53.42,28.77,24.65,0.0,2.5,owg2026,SSp4,6.0,0.0,,3.04,0.54,,1,,2526,2.0,3.0,1.0,1.0,2.0,3.0,2.0,2.0,3.0,1,women,individual
28,Feigin Alexandra,BUL,8,53.42,28.77,24.65,0.0,2.6,owg2026,StSq2,7.0,0.0,,2.75,0.15,,1,,2526,1.0,1.0,1.0,0.0,0.0,-2.0,0.0,1.0,2.0,1,women,individual
28,Feigin Alexandra,BUL,8,53.42,28.77,24.65,0.0,,owg2026,,,,1.33,6.14,,,0,Composition,2526,6.0,6.25,6.75,6.5,5.0,5.5,6.0,6.0,7.0,1,women,individual
28,Feigin Alexandra,BUL,8,53.42,28.77,24.65,0.0,,owg2026,,,,1.33,6.21,,,0,Presentation,2526,6.25,6.5,6.5,6.25,4.75,5.5,6.25,6.25,6.75,1,women,individual
28,Feigin Alexandra,BUL,8,53.42,28.77,24.65,0.0,,owg2026,,,,1.33,6.18,,,0,Skating Skills,2526,5.75,6.5,6.25,6.25,5.25,6.25,6.5,6.0,6.25,1,women,individual
29,Spours Kristen,GBR,5,45.54,21.55,23.99,0.0,5.3,owg2026,3F,1.0,0.0,,6.06,0.76,,1,,2526,2.0,1.0,1.0,1.0,2.0,1.0,2.0,1.0,3.0,1,women,individual
29,Spours Kristen,GBR,5,45.54,21.55,23.99,0.0,5.62,owg2026,3Lo<+2Lo,2.0,0.0,,4.33,-1.29,<,1,,2526,-2.0,-4.0,-3.0,-3.0,-4.0,-4.0,-3.0,-3.0,-3.0,1,women,individual
29,Spours Kristen,GBR,5,45.54,21.55,23.99,0.0,3.2,owg2026,FCSp4,3.0,0.0,,3.29,0.09,,1,,2526,0.0,1.0,0.0,0.0,0.0,-1.0,1.0,1.0,0.0,1,women,individual
29,Spours Kristen,GBR,5,45.54,21.55,23.99,0.0,0.0,owg2026,1A*,4.0,1.0,,0.0,0.0,*,1,,2526,0.0,0.0,0.0,0.0,0.0,0.0,0.0,0.0,0.0,1,women,individual
29,Spours Kristen,GBR,5,45.54,21.55,23.99,0.0,2.6,owg2026,StSq2,5.0,0.0,,2.75,0.15,,1,,2526,1.0,0.0,1.0,0.0,1.0,-1.0,0.0,1.0,1.0,1,women,individual
29,Spours Kristen,GBR,5,45.54,21.55,23.99,0.0,2.5,owg2026,CCoSp2,6.0,0.0,,2.75,0.25,,1,,2526,1.0,1.0,1.0,0.0,2.0,0.0,1.0,2.0,1.0,1,women,individual
29,Spours Kristen,GBR,5,45.54,21.55,23.99,0.0,2.1,owg2026,SSp3,7.0,0.0,,2.37,0.27,,1,,2526,1.0,1.0,1.0,0.0,2.0,1.0,1.0,2.0,2.0,1,women,individual
29,Spours Kristen,GBR,5,45.54,21.55,23.99,0.0,,owg2026,,,,1.33,6.04,,,0,Composition,2526,6.25,6.0,6.75,6.25,5.25,5.75,6.0,5.75,6.25,1,women,individual
29,Spours Kristen,GBR,5,45.54,21.55,23.99,0.0,,owg2026,,,,1.33,5.86,,,0,Presentation,2526,6.5,5.75,6.25,6.0,5.25,5.25,6.0,5.25,6.5,1,women,individual
29,Spours Kristen,GBR,5,45.54,21.55,23.99,0.0,,owg2026,,,,1.33,6.14,,,0,Skating Skills,2526,6.25,6.25,6.5,6.0,5.75,5.75,6.25,6.25,6.25,1,women,individual
1,Hase Minerva Fabienne / Volodin Nikita,GER,19,80.01,43.91,36.1,0.0,6.0,owg2026,3Tw4,1.0,0.0,,8.31,2.31,,1,,2526,4.0,4.0,4.0,3.0,3.0,4.0,4.0,5.0,4.0,1,pairs,individual
1,Hase Minerva Fabienne / Volodin Nikita,GER,19,80.01,43.91,36.1,0.0,4.3,owg2026,3S,2.0,0.0,,5.53,1.23,,1,,2526,3.0,3.0,3.0,2.0,2.0,4.0,3.0,3.0,3.0,1,pairs,individual
1,Hase Minerva Fabienne / Volodin Nikita,GER,19,80.01,43.91,36.1,0.0,5.0,owg2026,3LoTh,3.0,0.0,,6.79,1.79,,1,,2526,4.0,4.0,4.0,3.0,3.0,3.0,3.0,5.0,4.0,1,pairs,individual
1,Hase Minerva Fabienne / Volodin Nikita,GER,19,80.01,43.91,36.1,0.0,7.0,owg2026,5ALi4,4.0,0.0,,9.8,2.8,,1,,2526,4.0,4.0,4.0,4.0,4.0,4.0,3.0,4.0,4.0,1,pairs,individual
1,Hase Minerva Fabienne / Volodin Nikita,GER,19,80.01,43.91,36.1,0.0,4.0,owg2026,BiDs4,5.0,0.0,,4.97,0.97,,1,,2526,2.0,2.0,3.0,3.0,2.0,3.0,1.0,3.0,2.0,1,pairs,individual
1,Hase Minerva Fabienne / Volodin Nikita,GER,19,80.01,43.91,36.1,0.0,3.5,owg2026,CCoSp4,6.0,0.0,,4.5,1.0,,1,,2526,2.0,3.0,4.0,2.0,3.0,4.0,2.0,4.0,2.0,1,pairs,individual
1,Hase Minerva Fabienne / Volodin Nikita,GER,19,80.01,43.91,36.1,0.0,3.3,owg2026,StSq3,7.0,0.0,,4.01,0.71,,1,,2526,3.0,2.0,2.0,2.0,0.0,2.0,2.0,4.0,2.0,1,pairs,individual
1,Hase Minerva Fabienne / Volodin Nikita,GER,19,80.01,43.91,36.1,0.0,,owg2026,,,,1.33,9.07,,,0,Composition,2526,8.75,9.75,9.25,8.75,8.75,9.25,9.0,9.25,9.25,1,pairs,individual
1,Hase Minerva Fabienne / Volodin Nikita,GER,19,80.01,43.91,36.1,0.0,,owg2026,,,,1.33,9.14,,,0,Presentation,2526,9.0,9.5,9.25,8.5,8.75,9.5,8.75,9.25,9.5,1,pairs,individual
1,Hase Minerva Fabienne / Volodin Nikita,GER,19,80.01,43.91,36.1,0.0,,owg2026,,,,1.33,8.93,,,0,Skating Skills,2526,8.75,9.0,9.0,8.75,8.5,9.0,9.0,9.25,9.0,1,pairs,individual
2,Metelkina Anastasiia / Berulava Luka,GEO,16,75.46,41.45,34.01,0.0,4.3,owg2026,3S,1.0,0.0,,6.08,1.78,,1,,2526,4.0,5.0,4.0,4.0,4.0,5.0,4.0,4.0,4.0,1,pairs,individual
2,Metelkina Anastasiia / Berulava Luka,GEO,16,75.46,41.45,34.01,0.0,6.0,owg2026,3Tw4,2.0,0.0,,8.06,2.06,,1,,2526,4.0,3.0,4.0,3.0,3.0,3.0,3.0,4.0,4.0,1,pairs,individual
2,Metelkina Anastasiia / Berulava Luka,GEO,16,75.46,41.45,34.01,0.0,5.3,owg2026,3FTh,3.0,0.0,,4.24,-1.06,,1,,2526,-1.0,-2.0,-3.0,-3.0,-1.0,-2.0,-2.0,-2.0,-2.0,1,pairs,individual
2,Metelkina Anastasiia / Berulava Luka,GEO,16,75.46,41.45,34.01,0.0,3.7,owg2026,BiDs3,4.0,0.0,,4.44,0.74,,1,,2526,2.0,1.0,2.0,2.0,2.0,2.0,2.0,3.0,2.0,1,pairs,individual
2,Metelkina Anastasiia / Berulava Luka,GEO,16,75.46,41.45,34.01,0.0,3.5,owg2026,FCCoSp4,5.0,0.0,,4.7,1.2,,1,,2526,4.0,4.0,4.0,3.0,3.0,3.0,3.0,4.0,3.0,1,pairs,individual
2,Metelkina Anastasiia / Berulava Luka,GEO,16,75.46,41.45,34.01,0.0,7.0,owg2026,5RLi4,6.0,0.0,,8.8,1.8,,1,,2526,3.0,2.0,2.0,3.0,3.0,3.0,2.0,4.0,2.0,1,pairs,individual
2,Metelkina Anastasiia / Berulava Luka,GEO,16,75.46,41.45,34.01,0.0,3.9,owg2026,StSq4,7.0,0.0,,5.13,1.23,,1,,2526,4.0,3.0,3.0,3.0,3.0,3.0,2.0,4.0,3.0,1,pairs,individual
2,Metelkina Anastasiia / Berulava Luka,GEO,16,75.46,41.45,34.01,0.0,,owg2026,,,,1.33,8.5,,,0,Composition,2526,8.5,8.25,8.25,8.5,8.75,8.25,8.5,8.75,8.75,1,pairs,individual
2,Metelkina Anastasiia / Berulava Luka,GEO,16,75.46,41.45,34.01,0.0,,owg2026,,,,1.33,8.46,,,0,Presentation,2526,8.5,8.75,8.5,8.25,8.5,8.5,8.0,8.5,8.5,1,pairs,individual
2,Metelkina Anastasiia / Berulava Luka,GEO,16,75.46,41.45,34.01,0.0,,owg2026,,,,1.33,8.61,,,0,Skating Skills,2526,8.25,8.5,8.5,8.5,8.75,8.75,8.75,8.75,8.5,1,pairs,individual
3,Pereira Lia / Michaud Trennt,CAN,9,74.6,42.2,32.4,0.0,6.0,owg2026,3Tw4,1.0,0.0,,7.8,1.8,,1,,2526,4.0,3.0,3.0,2.0,3.0,3.0,3.0,3.0,3.0,1,pairs,individual
3,Pereira Lia / Michaud Trennt,CAN,9,74.6,42.2,32.4,0.0,4.2,owg2026,3T,2.0,0.0,,4.8,0.6,,1,,2526,2.0,1.0,2.0,1.0,1.0,2.0,1.0,1.0,2.0,1,pairs,individual
3,Pereira Lia / Michaud Trennt,CAN,9,74.6,42.2,32.4,0.0,5.0,owg2026,3LoTh,3.0,0.0,,6.36,1.36,,1,,2526,3.0,3.0,3.0,2.0,2.0,3.0,3.0,3.0,2.0,1,pairs,individual
3,Pereira Lia / Michaud Trennt,CAN,9,74.6,42.2,32.4,0.0,7.0,owg2026,5RLi4,4.0,0.0,,9.1,2.1,,1,,2526,3.0,3.0,3.0,3.0,2.0,3.0,3.0,3.0,3.0,1,pairs,individual
3,Pereira Lia / Michaud Trennt,CAN,9,74.6,42.2,32.4,0.0,3.5,owg2026,FCCoSp4,5.0,0.0,,4.15,0.65,,1,,2526,2.0,1.0,2.0,2.0,3.0,2.0,0.0,2.0,2.0,1,pairs,individual
3,Pereira Lia / Michaud Trennt,CAN,9,74.6,42.2,32.4,0.0,3.9,owg2026,StSq4,6.0,0.0,,4.96,1.06,,1,,2526,3.0,3.0,3.0,2.0,2.0,3.0,2.0,3.0,3.0,1,pairs,individual
3,Pereira Lia / Michaud Trennt,CAN,9,74.6,42.2,32.4,0.0,4.0,owg2026,BiDs4,7.0,0.0,,5.03,1.03,,1,,2526,3.0,3.0,3.0,2.0,3.0,3.0,2.0,2.0,2.0,1,pairs,individual
3,Pereira Lia / Michaud Trennt,CAN,9,74.6,42.2,32.4,0.0,,owg2026,,,,1.33,8.04,,,0,Composition,2526,7.75,8.25,8.75,7.75,7.75,8.25,8.0,8.0,8.25,1,pairs,individual
3,Pereira Lia / Michaud Trennt,CAN,9,74.6,42.2,32.4,0.0,,owg2026,,,,1.33,8.32,,,0,Presentation,2526,8.25,8.75,8.5,8.0,8.0,8.5,8.25,8.0,8.75,1,pairs,individual
3,Pereira Lia / Michaud Trennt,CAN,9,74.6,42.2,32.4,0.0,,owg2026,,,,1.33,8.0,,,0,Skating Skills,2526,7.75,8.0,8.25,7.75,7.75,8.25,7.75,8.25,8.5,1,pairs,individual
4,Pavlova Maria / Sviatchenko Alexei,HUN,12,73.87,41.34,32.53,0.0,6.0,owg2026,3Tw4,1.0,0.0,,7.89,1.89,,1,,2526,4.0,2.0,3.0,3.0,3.0,3.0,4.0,3.0,3.0,1,pairs,individual
4,Pavlova Maria / Sviatchenko Alexei,HUN,12,73.87,41.34,32.53,0.0,5.3,owg2026,3LzTh,2.0,0.0,,6.66,1.36,,1,,2526,4.0,2.0,2.0,3.0,2.0,3.0,3.0,3.0,2.0,1,pairs,individual
4,Pavlova Maria / Sviatchenko Alexei,HUN,12,73.87,41.34,32.53,0.0,4.2,owg2026,3T,3.0,0.0,,5.1,0.9,,1,,2526,2.0,2.0,2.0,2.0,2.0,2.0,3.0,3.0,1.0,1,pairs,individual
4,Pavlova Maria / Sviatchenko Alexei,HUN,12,73.87,41.34,32.53,0.0,7.0,owg2026,5RLi4,4.0,0.0,,8.7,1.7,,1,,2526,3.0,2.0,3.0,3.0,2.0,2.0,2.0,3.0,2.0,1,pairs,individual
4,Pavlova Maria / Sviatchenko Alexei,HUN,12,73.87,41.34,32.53,0.0,3.7,owg2026,BiDs3,5.0,0.0,,4.6,0.9,,1,,2526,3.0,2.0,2.0,2.0,2.0,2.0,3.0,3.0,3.0,1,pairs,individual
4,Pavlova Maria / Sviatchenko Alexei,HUN,12,73.87,41.34,32.53,0.0,3.3,owg2026,StSq3,6.0,0.0,,4.29,0.99,,1,,2526,3.0,3.0,3.0,3.0,2.0,3.0,3.0,3.0,3.0,1,pairs,individual
4,Pavlova Maria / Sviatchenko Alexei,HUN,12,73.87,41.34,32.53,0.0,3.5,owg2026,CCoSp4,7.0,0.0,,4.1,0.6,,1,,2526,3.0,2.0,2.0,1.0,2.0,2.0,1.0,2.0,1.0,1,pairs,individual
4,Pavlova Maria / Sviatchenko Alexei,HUN,12,73.87,41.34,32.53,0.0,,owg2026,,,,1.33,8.18,,,0,Composition,2526,8.0,7.75,8.5,8.0,7.75,8.25,8.75,8.5,8.25,1,pairs,individual
4,Pavlova Maria / Sviatchenko Alexei,HUN,12,73.87,41.34,32.53,0.0,,owg2026,,,,1.33,8.07,,,0,Presentation,2526,8.0,7.5,8.25,8.25,7.5,8.25,8.5,8.25,8.0,1,pairs,individual
4,Pavlova Maria / Sviatchenko Alexei,HUN,12,73.87,41.34,32.53,0.0,,owg2026,,,,1.33,8.21,,,0,Skating Skills,2526,7.75,8.0,8.0,8.5,8.0,8.0,9.0,8.5,8.5,1,pairs,individual
5,Miura Riku / Kihara Ryuichi,JPN,18,73.11,38.14,34.97,0.0,5.7,owg2026,3Tw3,1.0,0.0,,7.57,1.87,,1,,2526,4.0,4.0,4.0,-2.0,3.0,2.0,2.0,4.0,4.0,1,pairs,individual
5,Miura Riku / Kihara Ryuichi,JPN,18,73.11,38.14,34.97,0.0,4.2,owg2026,3T,2.0,0.0,,5.34,1.14,,1,,2526,2.0,3.0,3.0,3.0,2.0,2.0,3.0,4.0,3.0,1,pairs,individual
5,Miura Riku / Kihara Ryuichi,JPN,18,73.11,38.14,34.97,0.0,6.2,owg2026,5ALi2,3.0,0.0,,3.9,-2.3,,1,,2526,-2.0,-4.0,-3.0,-5.0,-5.0,-4.0,-3.0,-3.0,-4.0,1,pairs,individual
5,Miura Riku / Kihara Ryuichi,JPN,18,73.11,38.14,34.97,0.0,5.3,owg2026,3LzTh,4.0,0.0,,5.98,0.68,,1,,2526,3.0,1.0,0.0,1.0,0.0,1.0,1.0,3.0,2.0,1,pairs,individual
5,Miura Riku / Kihara Ryuichi,JPN,18,73.11,38.14,34.97,0.0,3.5,owg2026,CCoSp4,5.0,0.0,,4.4,0.9,,1,,2526,3.0,2.0,3.0,2.0,2.0,3.0,1.0,3.0,3.0,1,pairs,individual
5,Miura Riku / Kihara Ryuichi,JPN,18,73.11,38.14,34.97,0.0,3.9,owg2026,StSq4,6.0,0.0,,5.46,1.56,,1,,2526,4.0,4.0,4.0,4.0,3.0,5.0,4.0,4.0,4.0,1,pairs,individual
5,Miura Riku / Kihara Ryuichi,JPN,18,73.11,38.14,34.97,0.0,4.0,owg2026,BiDs4,7.0,0.0,,5.49,1.49,,1,,2526,4.0,4.0,4.0,4.0,3.0,4.0,4.0,3.0,3.0,1,pairs,individual
5,Miura Riku / Kihara Ryuichi,JPN,18,73.11,38.14,34.97,0.0,,owg2026,,,,1.33,8.93,,,0,Composition,2526,8.75,9.25,8.75,9.0,9.0,9.0,9.0,9.0,8.75,1,pairs,individual
5,Miura Riku / Kihara Ryuichi,JPN,18,73.11,38.14,34.97,0.0,,owg2026,,,,1.33,8.57,,,0,Presentation,2526,8.75,8.25,8.75,8.5,8.5,8.25,8.75,8.75,8.5,1,pairs,individual
5,Miura Riku / Kihara Ryuichi,JPN,18,73.11,38.14,34.97,0.0,,owg2026,,,,1.33,8.79,,,0,Skating Skills,2526,8.5,8.75,9.25,8.5,9.0,8.75,9.0,9.0,8.5,1,pairs,individual
6,Sui Wenjing / Han Cong,CHN,2,72.66,39.28,33.38,0.0,4.2,owg2026,3T,1.0,0.0,,2.46,-1.74,,1,,2526,-4.0,-4.0,-4.0,-4.0,-4.0,-5.0,-4.0,-4.0,-5.0,1,pairs,individual
6,Sui Wenjing / Han Cong,CHN,2,72.66,39.28,33.38,0.0,6.0,owg2026,3Tw4,2.0,0.0,,7.8,1.8,,1,,2526,4.0,3.0,3.0,3.0,3.0,2.0,3.0,3.0,3.0,1,pairs,individual
6,Sui Wenjing / Han Cong,CHN,2,72.66,39.28,33.38,0.0,5.3,owg2026,3FTh,3.0,0.0,,6.74,1.44,,1,,2526,3.0,2.0,3.0,3.0,2.0,3.0,2.0,3.0,3.0,1,pairs,individual
6,Sui Wenjing / Han Cong,CHN,2,72.66,39.28,33.38,0.0,3.5,owg2026,FCCoSp4,4.0,0.0,,4.35,0.85,,1,,2526,2.0,3.0,3.0,2.0,2.0,3.0,3.0,2.0,2.0,1,pairs,individual
6,Sui Wenjing / Han Cong,CHN,2,72.66,39.28,33.38,0.0,7.0,owg2026,5RLi4,5.0,0.0,,8.9,1.9,,1,,2526,3.0,2.0,4.0,2.0,2.0,3.0,3.0,3.0,3.0,1,pairs,individual
6,Sui Wenjing / Han Cong,CHN,2,72.66,39.28,33.38,0.0,3.7,owg2026,BiDs3,6.0,0.0,,4.65,0.95,,1,,2526,2.0,2.0,3.0,2.0,2.0,3.0,3.0,3.0,3.0,1,pairs,individual
6,Sui Wenjing / Han Cong,CHN,2,72.66,39.28,33.38,0.0,3.3,owg2026,StSq3,7.0,0.0,,4.38,1.08,,1,,2526,4.0,3.0,4.0,2.0,3.0,4.0,3.0,3.0,3.0,1,pairs,individual
6,Sui Wenjing / Han Cong,CHN,2,72.66,39.28,33.38,0.0,,owg2026,,,,1.33,8.43,,,0,Composition,2526,8.0,8.75,8.75,7.75,8.25,8.75,8.25,8.25,8.75,1,pairs,individual
6,Sui Wenjing / Han Cong,CHN,2,72.66,39.28,33.38,0.0,,owg2026,,,,1.33,8.46,,,0,Presentation,2526,8.5,8.5,9.0,8.25,8.5,8.5,8.5,8.25,8.5,1,pairs,individual
6,Sui Wenjing / Han Cong,CHN,2,72.66,39.28,33.38,0.0,,owg2026,,,,1.33,8.21,,,0,Skating Skills,2526,8.25,8.5,8.75,8.0,8.0,8.25,8.0,8.0,8.5,1,pairs,individual
7,Kam Ellie / O'Shea Danny,USA,14,71.87,38.81,33.06,0.0,6.0,owg2026,3Tw4,1.0,0.0,,7.54,1.54,,1,,2526,4.0,3.0,3.0,1.0,2.0,3.0,3.0,2.0,2.0,1,pairs,individual
7,Kam Ellie / O'Shea Danny,USA,14,71.87,38.81,33.06,0.0,4.3,owg2026,3S,2.0,0.0,,5.16,0.86,,1,,2526,1.0,3.0,2.0,2.0,1.0,2.0,2.0,3.0,2.0,1,pairs,individual
7,Kam Ellie / O'Shea Danny,USA,14,71.87,38.81,33.06,0.0,5.0,owg2026,3LoTh,3.0,0.0,,5.0,0.0,,1,,2526,0.0,0.0,1.0,-1.0,-1.0,1.0,0.0,0.0,0.0,1,pairs,individual
7,Kam Ellie / O'Shea Danny,USA,14,71.87,38.81,33.06,0.0,3.5,owg2026,CCoSp4,4.0,0.0,,3.1,-0.4,,1,,2526,-2.0,-1.0,0.0,-1.0,-2.0,-1.0,-1.0,-1.0,-1.0,1,pairs,individual
7,Kam Ellie / O'Shea Danny,USA,14,71.87,38.81,33.06,0.0,3.3,owg2026,StSq3,5.0,0.0,,4.29,0.99,,1,,2526,3.0,3.0,3.0,3.0,2.0,4.0,3.0,3.0,3.0,1,pairs,individual
7,Kam Ellie / O'Shea Danny,USA,14,71.87,38.81,33.06,0.0,6.6,owg2026,5ALi3,6.0,0.0,,8.86,2.26,,1,,2526,4.0,4.0,3.0,3.0,3.0,4.0,3.0,3.0,4.0,1,pairs,individual
7,Kam Ellie / O'Shea Danny,USA,14,71.87,38.81,33.06,0.0,3.7,owg2026,BiDs3,7.0,0.0,,4.86,1.16,,1,,2526,4.0,3.0,3.0,3.0,2.0,4.0,3.0,3.0,3.0,1,pairs,individual
7,Kam Ellie / O'Shea Danny,USA,14,71.87,38.81,33.06,0.0,,owg2026,,,,1.33,8.32,,,0,Composition,2526,8.0,8.5,8.5,8.5,7.75,8.75,8.25,8.25,8.25,1,pairs,individual
7,Kam Ellie / O'Shea Danny,USA,14,71.87,38.81,33.06,0.0,,owg2026,,,,1.33,8.39,,,0,Presentation,2526,8.5,8.25,8.25,8.25,7.75,8.5,8.5,8.5,8.5,1,pairs,individual
7,Kam Ellie / O'Shea Danny,USA,14,71.87,38.81,33.06,0.0,,owg2026,,,,1.33,8.14,,,0,Skating Skills,2526,8.25,8.0,8.25,8.0,8.0,8.25,8.25,8.0,8.5,1,pairs,individual
8,Conti Sara / Macii Niccolo,ITA,17,71.7,37.22,34.48,0.0,6.0,owg2026,3Tw4,1.0,0.0,,7.37,1.37,,1,,2526,2.0,2.0,3.0,2.0,2.0,2.0,1.0,3.0,3.0,1,pairs,individual
8,Conti Sara / Macii Niccolo,ITA,17,71.7,37.22,34.48,0.0,5.0,owg2026,3LoTh,2.0,0.0,,6.71,1.71,,1,,2526,3.0,3.0,4.0,4.0,3.0,4.0,3.0,3.0,4.0,1,pairs,individual
8,Conti Sara / Macii Niccolo,ITA,17,71.7,37.22,34.48,0.0,4.3,owg2026,3S,3.0,0.0,,3.26,-1.04,,1,,2526,-2.0,-2.0,-3.0,-3.0,-2.0,-2.0,-2.0,-3.0,-3.0,1,pairs,individual
8,Conti Sara / Macii Niccolo,ITA,17,71.7,37.22,34.48,0.0,6.6,owg2026,5RLi3,4.0,0.0,,7.73,1.13,,1,,2526,2.0,2.0,1.0,1.0,0.0,2.0,2.0,3.0,2.0,1,pairs,individual
8,Conti Sara / Macii Niccolo,ITA,17,71.7,37.22,34.48,0.0,3.3,owg2026,StSq3,5.0,0.0,,4.24,0.94,,1,,2526,2.0,3.0,3.0,3.0,2.0,4.0,2.0,4.0,3.0,1,pairs,individual
8,Conti Sara / Macii Niccolo,ITA,17,71.7,37.22,34.48,0.0,3.7,owg2026,BiDs3,6.0,0.0,,4.7,1.0,,1,,2526,3.0,3.0,1.0,2.0,2.0,3.0,3.0,3.0,3.0,1,pairs,individual
8,Conti Sara / Macii Niccolo,ITA,17,71.7,37.22,34.48,0.0,3.0,owg2026,CCoSp3,7.0,0.0,,3.21,0.21,,1,,2526,2.0,-1.0,1.0,0.0,0.0,1.0,1.0,3.0,0.0,1,pairs,individual
8,Conti Sara / Macii Niccolo,ITA,17,71.7,37.22,34.48,0.0,,owg2026,,,,1.33,8.68,,,0,Composition,2526,8.25,8.5,8.75,8.75,8.75,8.75,9.25,8.5,8.75,1,pairs,individual
8,Conti Sara / Macii Niccolo,ITA,17,71.7,37.22,34.48,0.0,,owg2026,,,,1.33,8.71,,,0,Presentation,2526,8.5,8.75,9.0,8.5,8.5,9.0,9.0,8.75,8.25,1,pairs,individual
8,Conti Sara / Macii Niccolo,ITA,17,71.7,37.22,34.48,0.0,,owg2026,,,,1.33,8.54,,,0,Skating Skills,2526,7.75,8.5,8.75,8.25,8.5,8.5,8.75,8.75,8.5,1,pairs,individual
9,Chan Emily / Howe Spencer Akira,USA,5,70.06,39.0,31.06,0.0,6.0,owg2026,3Tw4,1.0,0.0,,7.54,1.54,,1,,2526,3.0,3.0,3.0,2.0,3.0,2.0,3.0,2.0,2.0,1,pairs,individual
9,Chan Emily / Howe Spencer Akira,USA,5,70.06,39.0,31.06,0.0,4.2,owg2026,3T,2.0,0.0,,5.16,0.96,,1,,2526,3.0,2.0,2.0,2.0,2.0,2.0,3.0,3.0,2.0,1,pairs,individual
9,Chan Emily / Howe Spencer Akira,USA,5,70.06,39.0,31.06,0.0,5.0,owg2026,3LoTh,3.0,0.0,,4.86,-0.14,,1,,2526,1.0,0.0,-1.0,-2.0,-1.0,0.0,1.0,-1.0,0.0,1,pairs,individual
9,Chan Emily / Howe Spencer Akira,USA,5,70.06,39.0,31.06,0.0,3.7,owg2026,BiDs3,4.0,0.0,,4.39,0.69,,1,,2526,1.0,2.0,2.0,2.0,0.0,2.0,2.0,2.0,2.0,1,pairs,individual
9,Chan Emily / Howe Spencer Akira,USA,5,70.06,39.0,31.06,0.0,7.0,owg2026,5RLi4,5.0,0.0,,8.8,1.8,,1,,2526,3.0,3.0,2.0,2.0,2.0,3.0,3.0,2.0,3.0,1,pairs,individual
9,Chan Emily / Howe Spencer Akira,USA,5,70.06,39.0,31.06,0.0,3.9,owg2026,StSq4,6.0,0.0,,4.9,1.0,,1,,2526,3.0,3.0,2.0,2.0,2.0,3.0,3.0,2.0,3.0,1,pairs,individual
9,Chan Emily / Howe Spencer Akira,USA,5,70.06,39.0,31.06,0.0,3.5,owg2026,CCoSp4,7.0,0.0,,3.35,-0.15,,1,,2526,1.0,3.0,0.0,-1.0,-3.0,-1.0,1.0,-1.0,-2.0,1,pairs,individual
9,Chan Emily / Howe Spencer Akira,USA,5,70.06,39.0,31.06,0.0,,owg2026,,,,1.33,7.89,,,0,Composition,2526,7.5,7.5,7.75,7.5,8.25,8.5,8.5,7.75,8.0,1,pairs,individual
9,Chan Emily / Howe Spencer Akira,USA,5,70.06,39.0,31.06,0.0,,owg2026,,,,1.33,7.86,,,0,Presentation,2526,7.75,8.0,7.5,7.25,7.75,8.5,8.0,7.75,8.25,1,pairs,individual
9,Chan Emily / Howe Spencer Akira,USA,5,70.06,39.0,31.06,0.0,,owg2026,,,,1.33,7.61,,,0,Skating Skills,2526,7.25,7.25,7.25,7.5,8.0,8.0,8.25,7.5,7.75,1,pairs,individual
10,Ghilardi Rebecca / Ambrosini Filippo,ITA,13,69.08,38.29,30.79,0.0,3.3,owg2026,2A,1.0,0.0,,3.91,0.61,,1,,2526,2.0,1.0,2.0,3.0,2.0,2.0,2.0,2.0,1.0,1,pairs,individual
10,Ghilardi Rebecca / Ambrosini Filippo,ITA,13,69.08,38.29,30.79,0.0,6.0,owg2026,3Tw4,2.0,0.0,,6.51,0.51,,1,,2526,1.0,1.0,2.0,0.0,1.0,1.0,1.0,1.0,0.0,1,pairs,individual
10,Ghilardi Rebecca / Ambrosini Filippo,ITA,13,69.08,38.29,30.79,0.0,7.0,owg2026,5ALi4,3.0,0.0,,8.5,1.5,,1,,2526,3.0,2.0,2.0,2.0,3.0,1.0,1.0,3.0,2.0,1,pairs,individual
10,Ghilardi Rebecca / Ambrosini Filippo,ITA,13,69.08,38.29,30.79,0.0,5.3,owg2026,3LzTh,4.0,0.0,,6.21,0.91,,1,,2526,2.0,1.0,2.0,1.0,2.0,1.0,2.0,2.0,2.0,1,pairs,individual
10,Ghilardi Rebecca / Ambrosini Filippo,ITA,13,69.08,38.29,30.79,0.0,3.7,owg2026,BiDs3,5.0,0.0,,4.49,0.79,,1,,2526,2.0,1.0,2.0,3.0,2.0,2.0,3.0,2.0,2.0,1,pairs,individual
10,Ghilardi Rebecca / Ambrosini Filippo,ITA,13,69.08,38.29,30.79,0.0,3.5,owg2026,CCoSp4,6.0,0.0,,4.05,0.55,,1,,2526,2.0,1.0,2.0,1.0,2.0,1.0,2.0,2.0,1.0,1,pairs,individual
10,Ghilardi Rebecca / Ambrosini Filippo,ITA,13,69.08,38.29,30.79,0.0,3.9,owg2026,StSq4,7.0,0.0,,4.62,0.72,,1,,2526,3.0,1.0,1.0,2.0,2.0,1.0,2.0,3.0,2.0,1,pairs,individual
10,Ghilardi Rebecca / Ambrosini Filippo,ITA,13,69.08,38.29,30.79,0.0,,owg2026,,,,1.33,7.79,,,0,Composition,2526,7.75,7.5,8.0,7.75,7.75,7.25,8.25,8.0,7.75,1,pairs,individual
10,Ghilardi Rebecca / Ambrosini Filippo,ITA,13,69.08,38.29,30.79,0.0,,owg2026,,,,1.33,7.86,,,0,Presentation,2526,8.0,7.75,7.75,8.25,7.5,7.5,8.0,8.25,7.75,1,pairs,individual
10,Ghilardi Rebecca / Ambrosini Filippo,ITA,13,69.08,38.29,30.79,0.0,,owg2026,,,,1.33,7.5,,,0,Skating Skills,2526,7.25,7.0,7.5,7.75,7.75,7.25,7.75,8.0,7.25,1,pairs,individual
11,Hocke Annika / Kunkel Robert,GER,10,67.52,37.72,29.8,0.0,5.7,owg2026,3Tw3,1.0,0.0,,6.51,0.81,,1,,2526,2.0,1.0,2.0,1.0,1.0,1.0,1.0,2.0,2.0,1,pairs,individual
11,Hocke Annika / Kunkel Robert,GER,10,67.52,37.72,29.8,0.0,4.3,owg2026,3S,2.0,0.0,,4.91,0.61,,1,,2526,2.0,1.0,2.0,1.0,1.0,1.0,2.0,2.0,1.0,1,pairs,individual
11,Hocke Annika / Kunkel Robert,GER,10,67.52,37.72,29.8,0.0,5.3,owg2026,3FTh,3.0,0.0,,6.06,0.76,,1,,2526,2.0,1.0,3.0,2.0,1.0,1.0,1.0,2.0,1.0,1,pairs,individual
11,Hocke Annika / Kunkel Robert,GER,10,67.52,37.72,29.8,0.0,7.0,owg2026,5RLi4,4.0,0.0,,8.0,1.0,,1,,2526,2.0,1.0,0.0,1.0,1.0,1.0,2.0,2.0,2.0,1,pairs,individual
11,Hocke Annika / Kunkel Robert,GER,10,67.52,37.72,29.8,0.0,3.7,owg2026,BiDs3,5.0,0.0,,4.39,0.69,,1,,2526,2.0,0.0,2.0,1.0,2.0,2.0,2.0,3.0,2.0,1,pairs,individual
11,Hocke Annika / Kunkel Robert,GER,10,67.52,37.72,29.8,0.0,3.5,owg2026,CCoSp4,6.0,0.0,,3.8,0.3,,1,,2526,1.0,0.0,1.0,1.0,-1.0,1.0,1.0,2.0,1.0,1,pairs,individual
11,Hocke Annika / Kunkel Robert,GER,10,67.52,37.72,29.8,0.0,3.3,owg2026,StSq3,7.0,0.0,,4.05,0.75,,1,,2526,3.0,1.0,2.0,2.0,2.0,2.0,2.0,3.0,3.0,1,pairs,individual
11,Hocke Annika / Kunkel Robert,GER,10,67.52,37.72,29.8,0.0,,owg2026,,,,1.33,7.36,,,0,Composition,2526,7.5,7.0,7.5,7.25,7.5,7.0,7.5,7.75,7.25,1,pairs,individual
11,Hocke Annika / Kunkel Robert,GER,10,67.52,37.72,29.8,0.0,,owg2026,,,,1.33,7.54,,,0,Presentation,2526,7.75,7.5,7.25,7.5,7.0,7.25,7.75,7.75,7.75,1,pairs,individual
11,Hocke Annika / Kunkel Robert,GER,10,67.52,37.72,29.8,0.0,,owg2026,,,,1.33,7.5,,,0,Skating Skills,2526,7.25,7.0,7.5,7.5,7.5,7.25,8.0,8.0,7.5,1,pairs,individual
12,Akopova Karina / Rakhmanin Nikita,ARM,1,66.27,38.16,28.11,0.0,5.7,owg2026,3Tw3,1.0,0.0,,7.41,1.71,,1,,2526,3.0,3.0,3.0,3.0,3.0,3.0,3.0,3.0,3.0,1,pairs,individual
12,Akopova Karina / Rakhmanin Nikita,ARM,1,66.27,38.16,28.11,0.0,5.3,owg2026,3LzTh,2.0,0.0,,6.81,1.51,,1,,2526,3.0,2.0,3.0,3.0,2.0,4.0,3.0,3.0,3.0,1,pairs,individual
12,Akopova Karina / Rakhmanin Nikita,ARM,1,66.27,38.16,28.11,0.0,4.3,owg2026,3S,3.0,0.0,,5.16,0.86,,1,,2526,2.0,1.0,2.0,2.0,2.0,2.0,2.0,3.0,2.0,1,pairs,individual
12,Akopova Karina / Rakhmanin Nikita,ARM,1,66.27,38.16,28.11,0.0,6.6,owg2026,5RLi3,4.0,0.0,,7.64,1.04,,1,,2526,1.0,1.0,2.0,2.0,1.0,2.0,1.0,3.0,2.0,1,pairs,individual
12,Akopova Karina / Rakhmanin Nikita,ARM,1,66.27,38.16,28.11,0.0,3.3,owg2026,StSq3,5.0,0.0,,3.68,0.38,,1,,2526,1.0,0.0,1.0,1.0,1.0,2.0,1.0,2.0,1.0,1,pairs,individual
12,Akopova Karina / Rakhmanin Nikita,ARM,1,66.27,38.16,28.11,0.0,3.7,owg2026,BiDs3,6.0,0.0,,4.33,0.63,,1,,2526,2.0,2.0,1.0,2.0,2.0,2.0,1.0,2.0,1.0,1,pairs,individual
12,Akopova Karina / Rakhmanin Nikita,ARM,1,66.27,38.16,28.11,0.0,3.0,owg2026,CCoSp3,7.0,0.0,,3.13,0.13,,1,,2526,0.0,0.0,1.0,1.0,-1.0,-2.0,1.0,2.0,1.0,1,pairs,individual
12,Akopova Karina / Rakhmanin Nikita,ARM,1,66.27,38.16,28.11,0.0,,owg2026,,,,1.33,6.89,,,0,Composition,2526,6.75,6.5,6.75,7.0,6.75,7.5,7.25,7.0,6.75,1,pairs,individual
12,Akopova Karina / Rakhmanin Nikita,ARM,1,66.27,38.16,28.11,0.0,,owg2026,,,,1.33,7.0,,,0,Presentation,2526,6.5,7.5,6.5,7.25,7.0,7.25,7.0,7.25,6.75,1,pairs,individual
12,Akopova Karina / Rakhmanin Nikita,ARM,1,66.27,38.16,28.11,0.0,,owg2026,,,,1.33,7.25,,,0,Skating Skills,2526,7.0,7.0,7.0,7.5,7.25,7.75,7.5,7.5,7.0,1,pairs,individual
13,Vaipan-Law Anastasia / Digby Luke,GBR,11,66.07,36.99,29.08,0.0,5.7,owg2026,3Tw3,1.0,0.0,,6.6,0.9,,1,,2526,2.0,1.0,2.0,2.0,1.0,2.0,1.0,2.0,1.0,1,pairs,individual
13,Vaipan-Law Anastasia / Digby Luke,GBR,11,66.07,36.99,29.08,0.0,3.3,owg2026,2A,2.0,0.0,,3.49,0.19,,1,,2526,1.0,0.0,0.0,1.0,0.0,0.0,1.0,1.0,1.0,1,pairs,individual
13,Vaipan-Law Anastasia / Digby Luke,GBR,11,66.07,36.99,29.08,0.0,7.0,owg2026,5RLi4,3.0,0.0,,8.3,1.3,,1,,2526,1.0,2.0,2.0,2.0,-1.0,2.0,2.0,2.0,2.0,1,pairs,individual
13,Vaipan-Law Anastasia / Digby Luke,GBR,11,66.07,36.99,29.08,0.0,4.4,owg2026,3STh,4.0,0.0,,5.72,1.32,,1,,2526,3.0,3.0,3.0,3.0,3.0,3.0,3.0,3.0,3.0,1,pairs,individual
13,Vaipan-Law Anastasia / Digby Luke,GBR,11,66.07,36.99,29.08,0.0,3.7,owg2026,BiDs3,5.0,0.0,,4.23,0.53,,1,,2526,1.0,1.0,2.0,0.0,2.0,2.0,0.0,2.0,2.0,1,pairs,individual
13,Vaipan-Law Anastasia / Digby Luke,GBR,11,66.07,36.99,29.08,0.0,3.9,owg2026,StSq4,6.0,0.0,,4.4,0.5,,1,,2526,1.0,1.0,1.0,1.0,1.0,2.0,1.0,2.0,2.0,1,pairs,individual
13,Vaipan-Law Anastasia / Digby Luke,GBR,11,66.07,36.99,29.08,0.0,3.5,owg2026,CCoSp4,7.0,0.0,,4.25,0.75,,1,,2526,2.0,2.0,2.0,1.0,2.0,3.0,2.0,3.0,2.0,1,pairs,individual
13,Vaipan-Law Anastasia / Digby Luke,GBR,11,66.07,36.99,29.08,0.0,,owg2026,,,,1.33,7.36,,,0,Composition,2526,7.0,7.25,7.5,7.5,7.25,7.25,7.25,7.75,7.5,1,pairs,individual
13,Vaipan-Law Anastasia / Digby Luke,GBR,11,66.07,36.99,29.08,0.0,,owg2026,,,,1.33,7.32,,,0,Presentation,2526,7.0,7.5,7.0,7.25,7.0,7.5,7.5,8.0,7.5,1,pairs,individual
13,Vaipan-Law Anastasia / Digby Luke,GBR,11,66.07,36.99,29.08,0.0,,owg2026,,,,1.33,7.18,,,0,Skating Skills,2526,6.5,7.0,6.75,7.0,7.5,7.5,7.5,7.5,7.0,1,pairs,individual
14,Stellato-Dudek Deanna / Deschamps Maxime,CAN,15,66.04,34.97,32.07,-1.0,6.0,owg2026,3Tw4,1.0,0.0,,7.8,1.8,,1,,2526,4.0,3.0,3.0,3.0,3.0,2.0,3.0,3.0,3.0,1,pairs,individual
14,Stellato-Dudek Deanna / Deschamps Maxime,CAN,15,66.04,34.97,32.07,-1.0,4.2,owg2026,3T,2.0,0.0,,3.18,-1.02,,1,,2526,-1.0,-3.0,-2.0,-2.0,-3.0,-3.0,-2.0,-3.0,-2.0,1,pairs,individual
14,Stellato-Dudek Deanna / Deschamps Maxime,CAN,15,66.04,34.97,32.07,-1.0,5.0,owg2026,3LoTh,3.0,0.0,,6.36,1.36,,1,,2526,3.0,2.0,3.0,3.0,3.0,2.0,2.0,3.0,3.0,1,pairs,individual
14,Stellato-Dudek Deanna / Deschamps Maxime,CAN,15,66.04,34.97,32.07,-1.0,3.5,owg2026,CCoSp4,4.0,0.0,,4.45,0.95,,1,,2526,4.0,3.0,3.0,2.0,2.0,3.0,2.0,3.0,3.0,1,pairs,individual
14,Stellato-Dudek Deanna / Deschamps Maxime,CAN,15,66.04,34.97,32.07,-1.0,3.3,owg2026,StSq3,5.0,0.0,,4.34,1.04,,1,,2526,4.0,2.0,4.0,4.0,3.0,3.0,2.0,3.0,3.0,1,pairs,individual
14,Stellato-Dudek Deanna / Deschamps Maxime,CAN,15,66.04,34.97,32.07,-1.0,7.0,owg2026,5RLi4,6.0,0.0,,4.4,-2.6,F,1,,2526,-5.0,-4.0,-3.0,-4.0,-3.0,-3.0,-4.0,-5.0,-3.0,1,pairs,individual
14,Stellato-Dudek Deanna / Deschamps Maxime,CAN,15,66.04,34.97,32.07,-1.0,3.7,owg2026,BiDs3,7.0,0.0,,4.44,0.74,,1,,2526,3.0,2.0,2.0,2.0,2.0,2.0,2.0,2.0,1.0,1,pairs,individual
14,Stellato-Dudek Deanna / Deschamps Maxime,CAN,15,66.04,34.97,32.07,-1.0,,owg2026,,,,1.33,8.18,,,0,Composition,2526,7.5,8.25,8.5,8.25,8.0,8.25,8.0,8.0,8.5,1,pairs,individual
14,Stellato-Dudek Deanna / Deschamps Maxime,CAN,15,66.04,34.97,32.07,-1.0,,owg2026,,,,1.33,7.93,,,0,Presentation,2526,7.75,8.0,7.75,7.75,8.0,8.25,8.0,7.5,8.25,1,pairs,individual
14,Stellato-Dudek Deanna / Deschamps Maxime,CAN,15,66.04,34.97,32.07,-1.0,,owg2026,,,,1.33,8.0,,,0,Skating Skills,2526,7.75,8.25,8.0,7.75,8.5,8.0,7.75,8.0,8.25,1,pairs,individual
15,Chtchetinina Ioulia / Wozniak Michal,POL,8,65.23,36.58,28.65,0.0,5.7,owg2026,3Tw3,1.0,0.0,,7.08,1.38,,1,,2526,3.0,2.0,3.0,2.0,3.0,2.0,2.0,3.0,2.0,1,pairs,individual
15,Chtchetinina Ioulia / Wozniak Michal,POL,8,65.23,36.58,28.65,0.0,4.2,owg2026,3T,2.0,0.0,,4.5,0.3,,1,,2526,1.0,1.0,1.0,0.0,2.0,0.0,0.0,1.0,1.0,1,pairs,individual
15,Chtchetinina Ioulia / Wozniak Michal,POL,8,65.23,36.58,28.65,0.0,4.4,owg2026,3STh,3.0,0.0,,4.71,0.31,,1,,2526,1.0,-1.0,1.0,1.0,0.0,0.0,1.0,2.0,1.0,1,pairs,individual
15,Chtchetinina Ioulia / Wozniak Michal,POL,8,65.23,36.58,28.65,0.0,3.5,owg2026,CCoSp4,4.0,0.0,,4.1,0.6,,1,,2526,2.0,2.0,2.0,2.0,2.0,1.0,2.0,1.0,1.0,1,pairs,individual
15,Chtchetinina Ioulia / Wozniak Michal,POL,8,65.23,36.58,28.65,0.0,7.0,owg2026,5ALi4,5.0,0.0,,8.4,1.4,,1,,2526,2.0,2.0,2.0,2.0,2.0,1.0,2.0,3.0,2.0,1,pairs,individual
15,Chtchetinina Ioulia / Wozniak Michal,POL,8,65.23,36.58,28.65,0.0,3.7,owg2026,BiDs3,6.0,0.0,,4.07,0.37,,1,,2526,1.0,0.0,0.0,1.0,1.0,0.0,2.0,2.0,2.0,1,pairs,individual
15,Chtchetinina Ioulia / Wozniak Michal,POL,8,65.23,36.58,28.65,0.0,3.3,owg2026,StSq3,7.0,0.0,,3.72,0.42,,1,,2526,2.0,1.0,1.0,1.0,1.0,1.0,1.0,2.0,2.0,1,pairs,individual
15,Chtchetinina Ioulia / Wozniak Michal,POL,8,65.23,36.58,28.65,0.0,,owg2026,,,,1.33,7.11,,,0,Composition,2526,7.0,7.0,7.0,7.25,7.25,6.5,7.0,7.25,7.25,1,pairs,individual
15,Chtchetinina Ioulia / Wozniak Michal,POL,8,65.23,36.58,28.65,0.0,,owg2026,,,,1.33,7.39,,,0,Presentation,2526,7.25,7.5,7.5,7.0,7.5,6.75,7.5,7.5,7.5,1,pairs,individual
15,Chtchetinina Ioulia / Wozniak Michal,POL,8,65.23,36.58,28.65,0.0,,owg2026,,,,1.33,7.04,,,0,Skating Skills,2526,6.75,6.75,6.75,7.25,7.25,7.0,7.25,7.5,7.0,1,pairs,individual
16,Kovalev Camille / Kovalev Pavel,FRA,4,64.65,35.99,28.66,0.0,5.4,owg2026,3Tw2,1.0,0.0,,6.02,0.62,,1,,2526,1.0,1.0,1.0,1.0,2.0,0.0,1.0,2.0,1.0,1,pairs,individual
16,Kovalev Camille / Kovalev Pavel,FRA,4,64.65,35.99,28.66,0.0,4.2,owg2026,3T,2.0,0.0,,3.48,-0.72,,1,,2526,-1.0,-3.0,-1.0,-3.0,-2.0,-1.0,-2.0,-2.0,-1.0,1,pairs,individual
16,Kovalev Camille / Kovalev Pavel,FRA,4,64.65,35.99,28.66,0.0,7.0,owg2026,5RLi4,3.0,0.0,,8.4,1.4,,1,,2526,1.0,2.0,2.0,2.0,2.0,2.0,3.0,2.0,2.0,1,pairs,individual
16,Kovalev Camille / Kovalev Pavel,FRA,4,64.65,35.99,28.66,0.0,5.3,owg2026,3FTh,4.0,0.0,,6.28,0.98,,1,,2526,2.0,2.0,1.0,1.0,1.0,3.0,3.0,2.0,2.0,1,pairs,individual
16,Kovalev Camille / Kovalev Pavel,FRA,4,64.65,35.99,28.66,0.0,3.4,owg2026,BiDs2,5.0,0.0,,3.69,0.29,,1,,2526,1.0,2.0,1.0,-2.0,0.0,1.0,0.0,2.0,1.0,1,pairs,individual
16,Kovalev Camille / Kovalev Pavel,FRA,4,64.65,35.99,28.66,0.0,3.5,owg2026,CCoSp4,6.0,0.0,,4.3,0.8,,1,,2526,2.0,3.0,2.0,1.0,1.0,3.0,3.0,3.0,2.0,1,pairs,individual
16,Kovalev Camille / Kovalev Pavel,FRA,4,64.65,35.99,28.66,0.0,3.3,owg2026,StSq3,7.0,0.0,,3.82,0.52,,1,,2526,1.0,2.0,2.0,1.0,1.0,2.0,1.0,2.0,2.0,1,pairs,individual
16,Kovalev Camille / Kovalev Pavel,FRA,4,64.65,35.99,28.66,0.0,,owg2026,,,,1.33,7.32,,,0,Composition,2526,6.75,7.5,7.25,7.25,7.25,7.5,7.25,7.5,7.25,1,pairs,individual
16,Kovalev Camille / Kovalev Pavel,FRA,4,64.65,35.99,28.66,0.0,,owg2026,,,,1.33,7.11,,,0,Presentation,2526,7.0,7.75,7.0,6.75,7.0,7.5,6.75,7.25,7.25,1,pairs,individual
16,Kovalev Camille / Kovalev Pavel,FRA,4,64.65,35.99,28.66,0.0,,owg2026,,,,1.33,7.11,,,0,Skating Skills,2526,6.75,7.5,6.75,6.75,7.0,7.25,7.75,7.5,7.0,1,pairs,individual
17,Danilova Daria / Tsiba Michel,NED,6,64.07,36.87,27.2,0.0,5.4,owg2026,3Tw2,1.0,0.0,,5.86,0.46,,1,,2526,1.0,0.0,2.0,1.0,1.0,1.0,1.0,1.0,0.0,1,pairs,individual
17,Danilova Daria / Tsiba Michel,NED,6,64.07,36.87,27.2,0.0,4.3,owg2026,3S,2.0,0.0,,4.85,0.55,,1,,2526,2.0,2.0,1.0,1.0,1.0,1.0,1.0,2.0,1.0,1,pairs,individual
17,Danilova Daria / Tsiba Michel,NED,6,64.07,36.87,27.2,0.0,5.3,owg2026,3LzTh,3.0,0.0,,6.13,0.83,,1,,2526,2.0,1.0,2.0,2.0,2.0,1.0,1.0,2.0,1.0,1,pairs,individual
17,Danilova Daria / Tsiba Michel,NED,6,64.07,36.87,27.2,0.0,7.0,owg2026,5RLi4,4.0,0.0,,8.1,1.1,,1,,2526,2.0,2.0,1.0,2.0,1.0,1.0,2.0,2.0,1.0,1,pairs,individual
17,Danilova Daria / Tsiba Michel,NED,6,64.07,36.87,27.2,0.0,3.7,owg2026,BiDs3,5.0,0.0,,4.33,0.63,,1,,2526,2.0,2.0,1.0,2.0,2.0,0.0,2.0,2.0,1.0,1,pairs,individual
17,Danilova Daria / Tsiba Michel,NED,6,64.07,36.87,27.2,0.0,3.9,owg2026,StSq4,6.0,0.0,,4.35,0.45,,1,,2526,2.0,1.0,1.0,1.0,1.0,0.0,1.0,2.0,1.0,1,pairs,individual
17,Danilova Daria / Tsiba Michel,NED,6,64.07,36.87,27.2,0.0,3.5,owg2026,CCoSp4,7.0,0.0,,3.25,-0.25,,1,,2526,-1.0,0.0,1.0,-2.0,-1.0,0.0,-1.0,-1.0,-1.0,1,pairs,individual
17,Danilova Daria / Tsiba Michel,NED,6,64.07,36.87,27.2,0.0,,owg2026,,,,1.33,6.71,,,0,Composition,2526,7.0,7.25,6.0,6.75,6.75,6.25,6.75,7.0,6.5,1,pairs,individual
17,Danilova Daria / Tsiba Michel,NED,6,64.07,36.87,27.2,0.0,,owg2026,,,,1.33,6.86,,,0,Presentation,2526,7.0,7.5,6.5,7.25,6.5,6.5,7.0,7.0,6.75,1,pairs,individual
17,Danilova Daria / Tsiba Michel,NED,6,64.07,36.87,27.2,0.0,,owg2026,,,,1.33,6.89,,,0,Skating Skills,2526,6.5,7.0,6.25,7.0,7.0,6.75,7.5,7.25,6.75,1,pairs,individual
18,Golubeva Anastasiia / Giotopoulos Moore Hektor,AUS,3,60.69,32.85,27.84,0.0,3.0,owg2026,2Tw2,1.0,0.0,,2.7,-0.3,,1,,2526,-1.0,1.0,0.0,-2.0,-1.0,-3.0,-1.0,1.0,-3.0,1,pairs,individual
18,Golubeva Anastasiia / Giotopoulos Moore Hektor,AUS,3,60.69,32.85,27.84,0.0,4.2,owg2026,3T,2.0,0.0,,5.1,0.9,,1,,2526,2.0,3.0,2.0,2.0,2.0,1.0,2.0,3.0,2.0,1,pairs,individual
18,Golubeva Anastasiia / Giotopoulos Moore Hektor,AUS,3,60.69,32.85,27.84,0.0,5.0,owg2026,3LoTh,3.0,0.0,,5.86,0.86,,1,,2526,2.0,1.0,2.0,2.0,0.0,1.0,2.0,2.0,2.0,1,pairs,individual
18,Golubeva Anastasiia / Giotopoulos Moore Hektor,AUS,3,60.69,32.85,27.84,0.0,7.0,owg2026,5RLi4,4.0,0.0,,7.8,0.8,,1,,2526,2.0,1.0,0.0,1.0,1.0,1.0,1.0,2.0,1.0,1,pairs,individual
18,Golubeva Anastasiia / Giotopoulos Moore Hektor,AUS,3,60.69,32.85,27.84,0.0,3.7,owg2026,BiDs3,5.0,0.0,,4.28,0.58,,1,,2526,3.0,2.0,1.0,1.0,1.0,2.0,2.0,2.0,1.0,1,pairs,individual
18,Golubeva Anastasiia / Giotopoulos Moore Hektor,AUS,3,60.69,32.85,27.84,0.0,3.9,owg2026,StSq4,6.0,0.0,,4.62,0.72,,1,,2526,2.0,3.0,2.0,1.0,1.0,1.0,2.0,2.0,3.0,1,pairs,individual
18,Golubeva Anastasiia / Giotopoulos Moore Hektor,AUS,3,60.69,32.85,27.84,0.0,3.0,owg2026,FCCoSp3,7.0,0.0,,2.49,-0.51,,1,,2526,-2.0,-1.0,-1.0,-2.0,-2.0,-2.0,-2.0,-1.0,-2.0,1,pairs,individual
18,Golubeva Anastasiia / Giotopoulos Moore Hektor,AUS,3,60.69,32.85,27.84,0.0,,owg2026,,,,1.33,7.04,,,0,Composition,2526,6.75,8.0,6.75,7.25,6.75,6.5,7.5,7.0,7.25,1,pairs,individual
18,Golubeva Anastasiia / Giotopoulos Moore Hektor,AUS,3,60.69,32.85,27.84,0.0,,owg2026,,,,1.33,6.93,,,0,Presentation,2526,7.0,7.75,7.25,6.75,6.5,6.5,7.25,6.75,7.0,1,pairs,individual
18,Golubeva Anastasiia / Giotopoulos Moore Hektor,AUS,3,60.69,32.85,27.84,0.0,,owg2026,,,,1.33,6.96,,,0,Skating Skills,2526,6.75,7.25,6.5,6.5,6.75,6.75,7.5,7.25,7.5,1,pairs,individual
19,Nagaoka Yuna / Moriguchi Sumitada,JPN,7,59.62,31.46,30.16,-2.0,5.1,owg2026,3Tw1,1.0,0.0,,5.54,0.44,,1,,2526,0.0,1.0,3.0,-2.0,2.0,0.0,0.0,2.0,1.0,1,pairs,individual
19,Nagaoka Yuna / Moriguchi Sumitada,JPN,7,59.62,31.46,30.16,-2.0,4.9,owg2026,3Lo,2.0,0.0,,2.45,-2.45,F,1,,2526,-5.0,-5.0,-5.0,-5.0,-5.0,-5.0,-5.0,-5.0,-5.0,1,pairs,individual
19,Nagaoka Yuna / Moriguchi Sumitada,JPN,7,59.62,31.46,30.16,-2.0,4.4,owg2026,3STh,3.0,0.0,,2.2,-2.2,F,1,,2526,-5.0,-5.0,-5.0,-5.0,-5.0,-5.0,-5.0,-5.0,-5.0,1,pairs,individual
19,Nagaoka Yuna / Moriguchi Sumitada,JPN,7,59.62,31.46,30.16,-2.0,7.0,owg2026,5RLi4,4.0,0.0,,9.1,2.1,,1,,2526,3.0,3.0,3.0,3.0,3.0,3.0,3.0,3.0,4.0,1,pairs,individual
19,Nagaoka Yuna / Moriguchi Sumitada,JPN,7,59.62,31.46,30.16,-2.0,3.7,owg2026,BiDs3,5.0,0.0,,4.33,0.63,,1,,2526,2.0,2.0,1.0,2.0,2.0,1.0,3.0,0.0,2.0,1,pairs,individual
19,Nagaoka Yuna / Moriguchi Sumitada,JPN,7,59.62,31.46,30.16,-2.0,3.9,owg2026,StSq4,6.0,0.0,,4.74,0.84,,1,,2526,3.0,2.0,2.0,2.0,2.0,2.0,2.0,2.0,3.0,1,pairs,individual
19,Nagaoka Yuna / Moriguchi Sumitada,JPN,7,59.62,31.46,30.16,-2.0,3.5,owg2026,FCCoSp4,7.0,0.0,,3.1,-0.4,,1,,2526,-1.0,-2.0,0.0,-2.0,-3.0,-1.0,0.0,0.0,-2.0,1,pairs,individual
19,Nagaoka Yuna / Moriguchi Sumitada,JPN,7,59.62,31.46,30.16,-2.0,,owg2026,,,,1.33,7.68,,,0,Composition,2526,7.0,7.75,7.75,7.75,7.5,7.75,7.75,7.5,7.75,1,pairs,individual
19,Nagaoka Yuna / Moriguchi Sumitada,JPN,7,59.62,31.46,30.16,-2.0,,owg2026,,,,1.33,7.25,,,0,Presentation,2526,7.0,6.75,7.25,7.0,7.25,7.5,7.5,7.25,7.5,1,pairs,individual
19,Nagaoka Yuna / Moriguchi Sumitada,JPN,7,59.62,31.46,30.16,-2.0,,owg2026,,,,1.33,7.75,,,0,Skating Skills,2526,7.5,7.25,8.25,7.75,7.75,8.0,7.75,7.75,7.75,1,pairs,individual
1,Miura Riku / Kihara Ryuichi,JPN,9,82.84,45.6,37.24,0.0,5.7,owg2026,3Tw3,1.0,0.0,,7.65,1.95,,1,,2526,4.0,4.0,4.0,3.0,3.0,5.0,3.0,3.0,3.0,1,pairs,team
1,Miura Riku / Kihara Ryuichi,JPN,9,82.84,45.6,37.24,0.0,4.2,owg2026,3T,2.0,0.0,,5.22,1.02,,1,,2526,2.0,3.0,3.0,1.0,3.0,3.0,2.0,2.0,2.0,1,pairs,team
1,Miura Riku / Kihara Ryuichi,JPN,9,82.84,45.6,37.24,0.0,7.0,owg2026,5ALi4,3.0,0.0,,9.9,2.9,,1,,2526,4.0,5.0,4.0,4.0,4.0,4.0,5.0,4.0,4.0,1,pairs,team
1,Miura Riku / Kihara Ryuichi,JPN,9,82.84,45.6,37.24,0.0,5.3,owg2026,3LzTh,4.0,0.0,,7.04,1.74,,1,,2526,3.0,3.0,4.0,3.0,3.0,4.0,4.0,3.0,3.0,1,pairs,team
1,Miura Riku / Kihara Ryuichi,JPN,9,82.84,45.6,37.24,0.0,3.5,owg2026,CCoSp4,5.0,0.0,,4.85,1.35,,1,,2526,4.0,5.0,3.0,2.0,4.0,4.0,5.0,4.0,3.0,1,pairs,team
1,Miura Riku / Kihara Ryuichi,JPN,9,82.84,45.6,37.24,0.0,3.9,owg2026,StSq4,6.0,0.0,,5.57,1.67,,1,,2526,5.0,5.0,4.0,3.0,4.0,4.0,5.0,4.0,4.0,1,pairs,team
1,Miura Riku / Kihara Ryuichi,JPN,9,82.84,45.6,37.24,0.0,4.0,owg2026,BiDs4,7.0,0.0,,5.37,1.37,,1,,2526,4.0,3.0,3.0,4.0,3.0,3.0,3.0,4.0,4.0,1,pairs,team
1,Miura Riku / Kihara Ryuichi,JPN,9,82.84,45.6,37.24,0.0,,owg2026,,,,1.33,9.25,,,0,Composition,2526,9.0,9.0,9.25,9.0,9.25,9.25,9.5,9.5,9.75,1,pairs,team
1,Miura Riku / Kihara Ryuichi,JPN,9,82.84,45.6,37.24,0.0,,owg2026,,,,1.33,9.39,,,0,Presentation,2526,9.5,9.0,9.25,8.75,9.5,9.5,9.5,9.5,9.5,1,pairs,team
1,Miura Riku / Kihara Ryuichi,JPN,9,82.84,45.6,37.24,0.0,,owg2026,,,,1.33,9.36,,,0,Skating Skills,2526,9.25,9.25,9.5,9.0,9.5,9.25,9.5,9.25,9.75,1,pairs,team
2,Metelkina Anastasiia / Berulava Luka,GEO,8,77.54,42.74,34.8,0.0,4.3,owg2026,3S,1.0,0.0,,5.96,1.66,,1,,2526,4.0,4.0,4.0,3.0,4.0,4.0,4.0,4.0,3.0,1,pairs,team
2,Metelkina Anastasiia / Berulava Luka,GEO,8,77.54,42.74,34.8,0.0,6.0,owg2026,3Tw4,2.0,0.0,,8.23,2.23,,1,,2526,4.0,4.0,4.0,3.0,4.0,4.0,4.0,3.0,3.0,1,pairs,team
2,Metelkina Anastasiia / Berulava Luka,GEO,8,77.54,42.74,34.8,0.0,5.3,owg2026,3FTh,3.0,0.0,,7.19,1.89,,1,,2526,4.0,4.0,4.0,3.0,4.0,4.0,3.0,3.0,3.0,1,pairs,team
2,Metelkina Anastasiia / Berulava Luka,GEO,8,77.54,42.74,34.8,0.0,3.7,owg2026,BiDs3,4.0,0.0,,4.65,0.95,,1,,2526,3.0,3.0,2.0,3.0,2.0,3.0,2.0,3.0,2.0,1,pairs,team
2,Metelkina Anastasiia / Berulava Luka,GEO,8,77.54,42.74,34.8,0.0,3.5,owg2026,FCCoSp4,5.0,0.0,,3.75,0.25,,1,,2526,2.0,2.0,0.0,-2.0,0.0,1.0,0.0,1.0,1.0,1,pairs,team
2,Metelkina Anastasiia / Berulava Luka,GEO,8,77.54,42.74,34.8,0.0,6.6,owg2026,5RLi3,6.0,0.0,,7.83,1.23,,1,,2526,2.0,2.0,2.0,0.0,2.0,3.0,1.0,2.0,2.0,1,pairs,team
2,Metelkina Anastasiia / Berulava Luka,GEO,8,77.54,42.74,34.8,0.0,3.9,owg2026,StSq4,7.0,0.0,,5.13,1.23,,1,,2526,3.0,3.0,3.0,2.0,4.0,3.0,3.0,4.0,3.0,1,pairs,team
2,Metelkina Anastasiia / Berulava Luka,GEO,8,77.54,42.74,34.8,0.0,,owg2026,,,,1.33,8.71,,,0,Composition,2526,8.5,8.5,9.0,8.25,9.25,8.75,8.25,9.0,9.0,1,pairs,team
2,Metelkina Anastasiia / Berulava Luka,GEO,8,77.54,42.74,34.8,0.0,,owg2026,,,,1.33,8.64,,,0,Presentation,2526,8.5,8.75,8.75,8.0,9.0,8.75,8.25,8.75,8.75,1,pairs,team
2,Metelkina Anastasiia / Berulava Luka,GEO,8,77.54,42.74,34.8,0.0,,owg2026,,,,1.33,8.82,,,0,Skating Skills,2526,8.75,8.75,9.0,8.5,9.0,8.75,8.75,8.75,9.0,1,pairs,team
3,Conti Sara / Macii Niccolo,ITA,7,76.65,41.47,35.18,0.0,5.7,owg2026,3Tw3,1.0,0.0,,7.25,1.55,,1,,2526,3.0,3.0,3.0,2.0,3.0,2.0,2.0,3.0,3.0,1,pairs,team
3,Conti Sara / Macii Niccolo,ITA,7,76.65,41.47,35.18,0.0,5.0,owg2026,3LoTh,2.0,0.0,,5.71,0.71,,1,,2526,2.0,2.0,-1.0,0.0,0.0,2.0,2.0,2.0,2.0,1,pairs,team
3,Conti Sara / Macii Niccolo,ITA,7,76.65,41.47,35.18,0.0,4.3,owg2026,3S,3.0,0.0,,5.47,1.17,,1,,2526,3.0,2.0,3.0,2.0,2.0,3.0,3.0,3.0,3.0,1,pairs,team
3,Conti Sara / Macii Niccolo,ITA,7,76.65,41.47,35.18,0.0,7.0,owg2026,5RLi4,4.0,0.0,,8.8,1.8,,1,,2526,3.0,3.0,3.0,2.0,2.0,2.0,2.0,3.0,3.0,1,pairs,team
3,Conti Sara / Macii Niccolo,ITA,7,76.65,41.47,35.18,0.0,3.9,owg2026,StSq4,5.0,0.0,,5.4,1.5,,1,,2526,4.0,4.0,4.0,2.0,4.0,4.0,3.0,4.0,4.0,1,pairs,team
3,Conti Sara / Macii Niccolo,ITA,7,76.65,41.47,35.18,0.0,3.7,owg2026,BiDs3,6.0,0.0,,4.39,0.69,,1,,2526,0.0,2.0,2.0,3.0,2.0,2.0,0.0,2.0,3.0,1,pairs,team
3,Conti Sara / Macii Niccolo,ITA,7,76.65,41.47,35.18,0.0,3.5,owg2026,CCoSp4,7.0,0.0,,4.45,0.95,,1,,2526,3.0,2.0,3.0,2.0,3.0,3.0,1.0,3.0,3.0,1,pairs,team
3,Conti Sara / Macii Niccolo,ITA,7,76.65,41.47,35.18,0.0,,owg2026,,,,1.33,8.89,,,0,Composition,2526,9.0,8.75,8.75,8.75,9.25,8.75,8.5,9.0,9.5,1,pairs,team
3,Conti Sara / Macii Niccolo,ITA,7,76.65,41.47,35.18,0.0,,owg2026,,,,1.33,8.89,,,0,Presentation,2526,9.25,9.0,8.75,8.5,9.0,8.5,8.5,9.25,9.5,1,pairs,team
3,Conti Sara / Macii Niccolo,ITA,7,76.65,41.47,35.18,0.0,,owg2026,,,,1.33,8.68,,,0,Skating Skills,2526,8.75,8.5,8.75,8.75,8.75,8.0,8.5,8.75,9.25,1,pairs,team
4,Pereira Lia / Michaud Trennt,CAN,4,68.24,37.12,31.12,0.0,6.0,owg2026,3Tw4,1.0,0.0,,5.06,-0.94,,1,,2526,-1.0,3.0,-2.0,-1.0,-2.0,-1.0,-1.0,-3.0,-3.0,1,pairs,team
4,Pereira Lia / Michaud Trennt,CAN,4,68.24,37.12,31.12,0.0,4.2,owg2026,3T,2.0,0.0,,5.4,1.2,,1,,2526,3.0,3.0,3.0,2.0,3.0,3.0,2.0,3.0,3.0,1,pairs,team
4,Pereira Lia / Michaud Trennt,CAN,4,68.24,37.12,31.12,0.0,5.0,owg2026,3LoTh,3.0,0.0,,5.57,0.57,,1,,2526,2.0,0.0,2.0,1.0,1.0,3.0,1.0,0.0,1.0,1,pairs,team
4,Pereira Lia / Michaud Trennt,CAN,4,68.24,37.12,31.12,0.0,7.0,owg2026,5RLi4,4.0,0.0,,8.9,1.9,,1,,2526,3.0,3.0,3.0,3.0,3.0,2.0,2.0,2.0,3.0,1,pairs,team
4,Pereira Lia / Michaud Trennt,CAN,4,68.24,37.12,31.12,0.0,3.0,owg2026,FCCoSp3,5.0,0.0,,2.36,-0.64,,1,,2526,-1.0,-2.0,-2.0,-3.0,-1.0,-2.0,-3.0,-2.0,-3.0,1,pairs,team
4,Pereira Lia / Michaud Trennt,CAN,4,68.24,37.12,31.12,0.0,3.9,owg2026,StSq4,6.0,0.0,,4.74,0.84,,1,,2526,3.0,2.0,3.0,1.0,2.0,3.0,2.0,2.0,1.0,1,pairs,team
4,Pereira Lia / Michaud Trennt,CAN,4,68.24,37.12,31.12,0.0,4.0,owg2026,BiDs4,7.0,0.0,,5.09,1.09,,1,,2526,3.0,3.0,3.0,1.0,3.0,3.0,3.0,2.0,2.0,1,pairs,team
4,Pereira Lia / Michaud Trennt,CAN,4,68.24,37.12,31.12,0.0,,owg2026,,,,1.33,7.86,,,0,Composition,2526,8.25,7.5,8.5,7.75,8.0,8.0,7.5,7.75,7.75,1,pairs,team
4,Pereira Lia / Michaud Trennt,CAN,4,68.24,37.12,31.12,0.0,,owg2026,,,,1.33,7.79,,,0,Presentation,2526,8.25,8.0,8.5,7.5,7.75,8.25,7.25,7.5,7.25,1,pairs,team
4,Pereira Lia / Michaud Trennt,CAN,4,68.24,37.12,31.12,0.0,,owg2026,,,,1.33,7.75,,,0,Skating Skills,2526,7.75,7.75,8.25,7.75,7.75,8.0,7.25,7.75,7.5,1,pairs,team
5,Kam Ellie / O'Shea Danny,USA,6,66.59,35.57,32.02,-1.0,6.0,owg2026,3Tw4,1.0,0.0,,6.94,0.94,,1,,2526,3.0,1.0,1.0,2.0,2.0,3.0,0.0,-1.0,2.0,1,pairs,team
5,Kam Ellie / O'Shea Danny,USA,6,66.59,35.57,32.02,-1.0,4.3,owg2026,3S,2.0,0.0,,5.16,0.86,,1,,2526,2.0,2.0,3.0,2.0,2.0,3.0,1.0,1.0,2.0,1,pairs,team
5,Kam Ellie / O'Shea Danny,USA,6,66.59,35.57,32.02,-1.0,5.0,owg2026,3LoTh,3.0,0.0,,2.5,-2.5,F,1,,2526,-5.0,-5.0,-5.0,-5.0,-5.0,-5.0,-5.0,-5.0,-5.0,1,pairs,team
5,Kam Ellie / O'Shea Danny,USA,6,66.59,35.57,32.02,-1.0,3.5,owg2026,CCoSp4,4.0,0.0,,3.05,-0.45,,1,,2526,0.0,-2.0,-1.0,-2.0,-1.0,-2.0,-1.0,-1.0,-1.0,1,pairs,team
5,Kam Ellie / O'Shea Danny,USA,6,66.59,35.57,32.02,-1.0,3.3,owg2026,StSq3,5.0,0.0,,3.96,0.66,,1,,2526,1.0,2.0,2.0,1.0,2.0,3.0,2.0,3.0,2.0,1,pairs,team
5,Kam Ellie / O'Shea Danny,USA,6,66.59,35.57,32.02,-1.0,7.0,owg2026,5ALi4,6.0,0.0,,9.2,2.2,,1,,2526,3.0,4.0,3.0,3.0,3.0,3.0,3.0,4.0,3.0,1,pairs,team
5,Kam Ellie / O'Shea Danny,USA,6,66.59,35.57,32.02,-1.0,3.7,owg2026,BiDs3,7.0,0.0,,4.76,1.06,,1,,2526,3.0,3.0,2.0,2.0,3.0,3.0,4.0,3.0,3.0,1,pairs,team
5,Kam Ellie / O'Shea Danny,USA,6,66.59,35.57,32.02,-1.0,,owg2026,,,,1.33,8.11,,,0,Composition,2526,8.25,8.0,7.25,8.25,8.25,8.0,8.0,8.25,8.0,1,pairs,team
5,Kam Ellie / O'Shea Danny,USA,6,66.59,35.57,32.02,-1.0,,owg2026,,,,1.33,8.0,,,0,Presentation,2526,8.0,8.25,7.25,8.0,8.0,8.5,7.75,7.75,8.25,1,pairs,team
5,Kam Ellie / O'Shea Danny,USA,6,66.59,35.57,32.02,-1.0,,owg2026,,,,1.33,7.96,,,0,Skating Skills,2526,7.75,7.75,7.5,8.0,8.25,8.25,8.25,8.0,7.75,1,pairs,team
6,Sui Wenjing / Han Cong,CHN,1,65.37,34.16,32.21,-1.0,4.2,owg2026,3T,1.0,0.0,,2.58,-1.62,,1,,2526,-4.0,-4.0,-4.0,-4.0,-3.0,-2.0,-4.0,-4.0,-4.0,1,pairs,team
6,Sui Wenjing / Han Cong,CHN,1,65.37,34.16,32.21,-1.0,6.0,owg2026,3Tw4,2.0,0.0,,7.8,1.8,,1,,2526,3.0,3.0,3.0,3.0,3.0,3.0,3.0,3.0,3.0,1,pairs,team
6,Sui Wenjing / Han Cong,CHN,1,65.37,34.16,32.21,-1.0,5.3,owg2026,3FTh,3.0,0.0,,2.65,-2.65,F,1,,2526,-5.0,-5.0,-5.0,-5.0,-5.0,-5.0,-5.0,-5.0,-5.0,1,pairs,team
6,Sui Wenjing / Han Cong,CHN,1,65.37,34.16,32.21,-1.0,3.5,owg2026,FCCoSp4,4.0,0.0,,4.0,0.5,,1,,2526,2.0,0.0,1.0,2.0,2.0,3.0,1.0,1.0,1.0,1,pairs,team
6,Sui Wenjing / Han Cong,CHN,1,65.37,34.16,32.21,-1.0,7.0,owg2026,5RLi4,5.0,0.0,,8.7,1.7,,1,,2526,3.0,2.0,2.0,2.0,3.0,3.0,2.0,2.0,3.0,1,pairs,team
6,Sui Wenjing / Han Cong,CHN,1,65.37,34.16,32.21,-1.0,3.7,owg2026,BiDs3,6.0,0.0,,4.28,0.58,,1,,2526,2.0,0.0,2.0,1.0,2.0,1.0,1.0,2.0,2.0,1,pairs,team
6,Sui Wenjing / Han Cong,CHN,1,65.37,34.16,32.21,-1.0,3.3,owg2026,StSq3,7.0,0.0,,4.15,0.85,,1,,2526,3.0,3.0,2.0,2.0,4.0,2.0,1.0,3.0,3.0,1,pairs,team
6,Sui Wenjing / Han Cong,CHN,1,65.37,34.16,32.21,-1.0,,owg2026,,,,1.33,8.25,,,0,Composition,2526,8.25,8.75,8.0,8.25,8.75,7.75,8.0,8.25,8.25,1,pairs,team
6,Sui Wenjing / Han Cong,CHN,1,65.37,34.16,32.21,-1.0,,owg2026,,,,1.33,7.93,,,0,Presentation,2526,8.0,8.25,7.75,8.0,8.5,8.0,7.75,7.5,7.75,1,pairs,team
6,Sui Wenjing / Han Cong,CHN,1,65.37,34.16,32.21,-1.0,,owg2026,,,,1.33,8.04,,,0,Skating Skills,2526,8.5,7.75,7.75,8.0,8.75,8.0,7.5,8.0,8.25,1,pairs,team
7,Kovalev Camille / Kovalev Pavel,FRA,2,63.72,35.03,28.69,0.0,5.4,owg2026,3Tw2,1.0,0.0,,6.25,0.85,,1,,2526,1.0,3.0,2.0,1.0,2.0,2.0,1.0,2.0,1.0,1,pairs,team
7,Kovalev Camille / Kovalev Pavel,FRA,2,63.72,35.03,28.69,0.0,1.3,owg2026,2T,2.0,0.0,,1.02,-0.28,,1,,2526,-2.0,-4.0,-2.0,-3.0,-2.0,-2.0,0.0,-2.0,-2.0,1,pairs,team
7,Kovalev Camille / Kovalev Pavel,FRA,2,63.72,35.03,28.69,0.0,7.0,owg2026,5RLi4,3.0,0.0,,8.4,1.4,,1,,2526,2.0,2.0,2.0,2.0,2.0,2.0,2.0,2.0,2.0,1,pairs,team
7,Kovalev Camille / Kovalev Pavel,FRA,2,63.72,35.03,28.69,0.0,5.3,owg2026,3FTh,4.0,0.0,,6.36,1.06,,1,,2526,2.0,3.0,3.0,2.0,1.0,2.0,2.0,2.0,1.0,1,pairs,team
7,Kovalev Camille / Kovalev Pavel,FRA,2,63.72,35.03,28.69,0.0,3.7,owg2026,BiDs3,5.0,0.0,,4.18,0.48,,1,,2526,2.0,2.0,2.0,0.0,1.0,0.0,2.0,1.0,1.0,1,pairs,team
7,Kovalev Camille / Kovalev Pavel,FRA,2,63.72,35.03,28.69,0.0,3.5,owg2026,CCoSp4,6.0,0.0,,4.2,0.7,,1,,2526,2.0,2.0,2.0,2.0,2.0,3.0,2.0,2.0,1.0,1,pairs,team
7,Kovalev Camille / Kovalev Pavel,FRA,2,63.72,35.03,28.69,0.0,3.9,owg2026,StSq4,7.0,0.0,,4.62,0.72,,1,,2526,2.0,1.0,3.0,1.0,2.0,2.0,1.0,3.0,2.0,1,pairs,team
7,Kovalev Camille / Kovalev Pavel,FRA,2,63.72,35.03,28.69,0.0,,owg2026,,,,1.33,7.25,,,0,Composition,2526,7.25,7.5,7.75,6.75,7.25,7.0,7.0,7.25,7.5,1,pairs,team
7,Kovalev Camille / Kovalev Pavel,FRA,2,63.72,35.03,28.69,0.0,,owg2026,,,,1.33,7.21,,,0,Presentation,2526,7.0,8.0,7.75,6.5,7.25,6.75,7.25,7.0,7.5,1,pairs,team
7,Kovalev Camille / Kovalev Pavel,FRA,2,63.72,35.03,28.69,0.0,,owg2026,,,,1.33,7.11,,,0,Skating Skills,2526,6.75,7.5,8.0,7.0,7.0,7.0,6.75,6.75,7.75,1,pairs,team
8,Chtchetinina Ioulia / Wozniak Michal,POL,3,60.2,32.64,27.56,0.0,5.4,owg2026,3Tw2,1.0,0.0,,5.55,0.15,,1,,2526,1.0,2.0,2.0,2.0,-1.0,0.0,0.0,-3.0,-2.0,1,pairs,team
8,Chtchetinina Ioulia / Wozniak Michal,POL,3,60.2,32.64,27.56,0.0,4.2,owg2026,3T,2.0,0.0,,2.58,-1.62,,1,,2526,-4.0,-5.0,-4.0,-3.0,-4.0,-3.0,-4.0,-4.0,-4.0,1,pairs,team
8,Chtchetinina Ioulia / Wozniak Michal,POL,3,60.2,32.64,27.56,0.0,4.4,owg2026,3STh,3.0,0.0,,5.15,0.75,,1,,2526,2.0,3.0,2.0,1.0,2.0,2.0,1.0,1.0,2.0,1,pairs,team
8,Chtchetinina Ioulia / Wozniak Michal,POL,3,60.2,32.64,27.56,0.0,3.5,owg2026,CCoSp4,4.0,0.0,,3.7,0.2,,1,,2526,2.0,-2.0,2.0,1.0,0.0,2.0,0.0,-1.0,0.0,1,pairs,team
8,Chtchetinina Ioulia / Wozniak Michal,POL,3,60.2,32.64,27.56,0.0,7.0,owg2026,5ALi4,5.0,0.0,,8.3,1.3,,1,,2526,2.0,4.0,3.0,2.0,1.0,2.0,1.0,2.0,1.0,1,pairs,team
8,Chtchetinina Ioulia / Wozniak Michal,POL,3,60.2,32.64,27.56,0.0,3.4,owg2026,BiDs2,6.0,0.0,,3.64,0.24,,1,,2526,1.0,-1.0,2.0,1.0,1.0,0.0,0.0,1.0,1.0,1,pairs,team
8,Chtchetinina Ioulia / Wozniak Michal,POL,3,60.2,32.64,27.56,0.0,3.3,owg2026,StSq3,7.0,0.0,,3.72,0.42,,1,,2526,1.0,1.0,3.0,1.0,2.0,1.0,0.0,2.0,1.0,1,pairs,team
8,Chtchetinina Ioulia / Wozniak Michal,POL,3,60.2,32.64,27.56,0.0,,owg2026,,,,1.33,7.0,,,0,Composition,2526,7.25,7.25,7.5,6.5,7.25,6.75,6.5,6.75,7.25,1,pairs,team
8,Chtchetinina Ioulia / Wozniak Michal,POL,3,60.2,32.64,27.56,0.0,,owg2026,,,,1.33,6.93,,,0,Presentation,2526,7.5,7.75,7.5,6.25,7.25,6.5,6.5,6.5,6.75,1,pairs,team
8,Chtchetinina Ioulia / Wozniak Michal,POL,3,60.2,32.64,27.56,0.0,,owg2026,,,,1.33,6.79,,,0,Skating Skills,2526,7.0,7.0,7.5,6.75,6.75,6.5,6.5,6.5,7.0,1,pairs,team
9,Vaipan-Law Anastasia / Digby Luke,GBR,5,57.29,30.31,27.98,-1.0,5.7,owg2026,3Tw3,1.0,0.0,,6.6,0.9,,1,,2526,1.0,2.0,2.0,1.0,2.0,2.0,1.0,1.0,2.0,1,pairs,team
9,Vaipan-Law Anastasia / Digby Luke,GBR,5,57.29,30.31,27.98,-1.0,3.3,owg2026,2A,2.0,0.0,,3.54,0.24,,1,,2526,1.0,1.0,1.0,1.0,1.0,0.0,1.0,-1.0,0.0,1,pairs,team
9,Vaipan-Law Anastasia / Digby Luke,GBR,5,57.29,30.31,27.98,-1.0,7.0,owg2026,5RLi4,3.0,0.0,,8.4,1.4,,1,,2526,2.0,3.0,2.0,2.0,2.0,0.0,2.0,2.0,2.0,1,pairs,team
9,Vaipan-Law Anastasia / Digby Luke,GBR,5,57.29,30.31,27.98,-1.0,4.4,owg2026,3STh,4.0,0.0,,2.2,-2.2,F,1,,2526,-5.0,-5.0,-5.0,-5.0,-5.0,-5.0,-5.0,-5.0,-5.0,1,pairs,team
9,Vaipan-Law Anastasia / Digby Luke,GBR,5,57.29,30.31,27.98,-1.0,3.4,owg2026,BiDs2,5.0,0.0,,3.59,0.19,,1,,2526,1.0,1.0,1.0,0.0,2.0,1.0,0.0,-1.0,0.0,1,pairs,team
9,Vaipan-Law Anastasia / Digby Luke,GBR,5,57.29,30.31,27.98,-1.0,3.9,owg2026,StSq4,6.0,0.0,,4.29,0.39,,1,,2526,1.0,2.0,1.0,1.0,1.0,1.0,1.0,0.0,1.0,1,pairs,team
9,Vaipan-Law Anastasia / Digby Luke,GBR,5,57.29,30.31,27.98,-1.0,1.88,owg2026,CCoSp2V,7.0,0.0,,1.69,-0.19,,1,,2526,-1.0,-1.0,-1.0,-2.0,-1.0,0.0,0.0,-2.0,-1.0,1,pairs,team
9,Vaipan-Law Anastasia / Digby Luke,GBR,5,57.29,30.31,27.98,-1.0,,owg2026,,,,1.33,7.14,,,0,Composition,2526,7.75,8.25,7.25,7.5,6.75,6.25,6.5,6.75,7.5,1,pairs,team
9,Vaipan-Law Anastasia / Digby Luke,GBR,5,57.29,30.31,27.98,-1.0,,owg2026,,,,1.33,6.93,,,0,Presentation,2526,7.5,7.75,7.0,7.5,6.5,6.5,6.5,6.25,7.0,1,pairs,team
9,Vaipan-Law Anastasia / Digby Luke,GBR,5,57.29,30.31,27.98,-1.0,,owg2026,,,,1.33,6.96,,,0,Skating Skills,2526,7.25,7.5,7.0,7.25,6.75,6.5,6.75,6.5,7.25,1,pairs,team
1,Miura Riku / Kihara Ryuichi,JPN,12,158.13,82.73,75.4,0.0,5.7,owg2026,3Tw3,1.0,0.0,,7.82,2.12,,1,,2526,4.0,4.0,3.0,3.0,4.0,3.0,4.0,4.0,4.0,0,pairs,individual
1,Miura Riku / Kihara Ryuichi,JPN,12,158.13,82.73,75.4,0.0,10.8,owg2026,3T+2A+2A+SEQ,2.0,0.0,,12.0,1.2,,1,,2526,3.0,3.0,3.0,2.0,3.0,2.0,3.0,3.0,3.0,0,pairs,individual
1,Miura Riku / Kihara Ryuichi,JPN,12,158.13,82.73,75.4,0.0,7.0,owg2026,5ALi4,3.0,0.0,,9.7,2.7,,1,,2526,5.0,4.0,3.0,4.0,4.0,3.0,4.0,4.0,4.0,0,pairs,individual
1,Miura Riku / Kihara Ryuichi,JPN,12,158.13,82.73,75.4,0.0,5.3,owg2026,3LzTh,4.0,0.0,,7.27,1.97,,1,,2526,4.0,4.0,3.0,4.0,3.0,3.0,4.0,4.0,4.0,0,pairs,individual
1,Miura Riku / Kihara Ryuichi,JPN,12,158.13,82.73,75.4,0.0,4.8,owg2026,BoDs4,5.0,0.0,,6.03,1.23,,1,,2526,4.0,3.0,2.0,3.0,4.0,1.0,1.0,2.0,3.0,0,pairs,individual
1,Miura Riku / Kihara Ryuichi,JPN,12,158.13,82.73,75.4,0.0,4.5,owg2026,PCoSp4,6.0,0.0,,5.98,1.48,,1,,2526,4.0,3.0,3.0,4.0,3.0,3.0,3.0,3.0,4.0,0,pairs,individual
1,Miura Riku / Kihara Ryuichi,JPN,12,158.13,82.73,75.4,0.0,4.3,owg2026,3S,7.0,0.0,,5.47,1.17,,1,,2526,3.0,3.0,2.0,3.0,3.0,2.0,2.0,3.0,3.0,0,pairs,individual
1,Miura Riku / Kihara Ryuichi,JPN,12,158.13,82.73,75.4,0.0,7.0,owg2026,5RLi4,8.0,0.0,,9.4,2.4,,1,,2526,4.0,4.0,3.0,4.0,4.0,3.0,3.0,3.0,3.0,0,pairs,individual
1,Miura Riku / Kihara Ryuichi,JPN,12,158.13,82.73,75.4,0.0,5.0,owg2026,3LoTh,9.0,0.0,,6.93,1.93,,1,,2526,4.0,5.0,3.0,4.0,4.0,3.0,4.0,4.0,4.0,0,pairs,individual
1,Miura Riku / Kihara Ryuichi,JPN,12,158.13,82.73,75.4,0.0,5.1,owg2026,3Li4,10.0,0.0,,6.99,1.89,,1,,2526,3.0,5.0,3.0,4.0,5.0,3.0,4.0,4.0,2.0,0,pairs,individual
1,Miura Riku / Kihara Ryuichi,JPN,12,158.13,82.73,75.4,0.0,3.0,owg2026,ChSq1,11.0,0.0,,5.14,2.14,,1,,2526,5.0,5.0,4.0,5.0,5.0,3.0,3.0,4.0,4.0,0,pairs,individual
1,Miura Riku / Kihara Ryuichi,JPN,12,158.13,82.73,75.4,0.0,,owg2026,,,,2.67,9.46,,,0,Composition,2526,9.25,9.25,9.75,9.5,9.5,9.25,9.5,9.75,9.5,0,pairs,individual
1,Miura Riku / Kihara Ryuichi,JPN,12,158.13,82.73,75.4,0.0,,owg2026,,,,2.67,9.32,,,0,Presentation,2526,9.0,9.5,9.25,9.5,9.75,9.0,9.25,9.5,9.25,0,pairs,individual
1,Miura Riku / Kihara Ryuichi,JPN,12,158.13,82.73,75.4,0.0,,owg2026,,,,2.67,9.46,,,0,Skating Skills,2526,9.5,9.75,9.5,9.25,9.25,9.25,9.5,9.75,9.5,0,pairs,individual
2,Metelkina Anastasiia / Berulava Luka,GEO,15,146.29,76.28,70.01,0.0,6.0,owg2026,3Tw4,1.0,0.0,,8.57,2.57,,1,,2526,5.0,5.0,4.0,4.0,4.0,4.0,5.0,4.0,4.0,0,pairs,individual
2,Metelkina Anastasiia / Berulava Luka,GEO,15,146.29,76.28,70.01,0.0,10.9,owg2026,3S+2A+2A+SEQ,2.0,0.0,,12.5,1.6,,1,,2526,4.0,4.0,3.0,4.0,4.0,4.0,4.0,3.0,3.0,0,pairs,individual
2,Metelkina Anastasiia / Berulava Luka,GEO,15,146.29,76.28,70.01,0.0,4.2,owg2026,3T,3.0,0.0,,4.86,0.66,,1,,2526,2.0,1.0,0.0,1.0,1.0,3.0,2.0,2.0,2.0,0,pairs,individual
2,Metelkina Anastasiia / Berulava Luka,GEO,15,146.29,76.28,70.01,0.0,5.3,owg2026,3FTh,4.0,0.0,,7.42,2.12,,1,,2526,3.0,4.0,4.0,4.0,4.0,4.0,4.0,4.0,4.0,0,pairs,individual
2,Metelkina Anastasiia / Berulava Luka,GEO,15,146.29,76.28,70.01,0.0,7.0,owg2026,5ALi4,5.0,0.0,,9.0,2.0,,1,,2526,3.0,3.0,2.0,3.0,2.0,4.0,3.0,3.0,3.0,0,pairs,individual
2,Metelkina Anastasiia / Berulava Luka,GEO,15,146.29,76.28,70.01,0.0,5.0,owg2026,3LoTh,6.0,0.0,,3.86,-1.14,,1,,2526,-2.0,-2.0,-4.0,-3.0,-2.0,-2.0,-2.0,-2.0,-3.0,0,pairs,individual
2,Metelkina Anastasiia / Berulava Luka,GEO,15,146.29,76.28,70.01,0.0,4.4,owg2026,BoDs3,7.0,0.0,,4.59,0.19,,1,,2526,-1.0,1.0,-2.0,0.0,1.0,0.0,1.0,1.0,2.0,0,pairs,individual
2,Metelkina Anastasiia / Berulava Luka,GEO,15,146.29,76.28,70.01,0.0,4.5,owg2026,PCoSp4,8.0,0.0,,5.59,1.09,,1,,2526,2.0,2.0,2.0,2.0,3.0,3.0,3.0,2.0,3.0,0,pairs,individual
2,Metelkina Anastasiia / Berulava Luka,GEO,15,146.29,76.28,70.01,0.0,7.0,owg2026,5RLi4,9.0,0.0,,8.9,1.9,,1,,2526,3.0,3.0,2.0,2.0,2.0,3.0,3.0,3.0,3.0,0,pairs,individual
2,Metelkina Anastasiia / Berulava Luka,GEO,15,146.29,76.28,70.01,0.0,5.1,owg2026,3Li4,10.0,0.0,,6.56,1.46,,1,,2526,4.0,3.0,2.0,3.0,1.0,3.0,3.0,3.0,3.0,0,pairs,individual
2,Metelkina Anastasiia / Berulava Luka,GEO,15,146.29,76.28,70.01,0.0,3.0,owg2026,ChSq1,11.0,0.0,,4.43,1.43,,1,,2526,3.0,3.0,2.0,3.0,2.0,3.0,4.0,3.0,3.0,0,pairs,individual
2,Metelkina Anastasiia / Berulava Luka,GEO,15,146.29,76.28,70.01,0.0,,owg2026,,,,2.67,8.79,,,0,Composition,2526,8.5,8.25,9.0,8.75,8.5,9.25,9.25,8.75,8.75,0,pairs,individual
2,Metelkina Anastasiia / Berulava Luka,GEO,15,146.29,76.28,70.01,0.0,,owg2026,,,,2.67,8.68,,,0,Presentation,2526,8.5,8.5,8.5,8.5,8.75,9.0,8.75,9.0,8.75,0,pairs,individual
2,Metelkina Anastasiia / Berulava Luka,GEO,15,146.29,76.28,70.01,0.0,,owg2026,,,,2.67,8.75,,,0,Skating Skills,2526,8.25,8.25,8.75,8.75,8.75,9.0,9.0,8.75,9.0,0,pairs,individual
3,Pavlova Maria / Sviatchenko Alexei,HUN,13,141.39,75.5,65.89,0.0,6.0,owg2026,3Tw4,1.0,0.0,,7.97,1.97,,1,,2526,4.0,3.0,4.0,4.0,3.0,2.0,3.0,3.0,3.0,0,pairs,individual
3,Pavlova Maria / Sviatchenko Alexei,HUN,13,141.39,75.5,65.89,0.0,10.8,owg2026,3T+2A+2A+SEQ,2.0,0.0,,11.7,0.9,,1,,2526,2.0,3.0,3.0,3.0,2.0,-1.0,1.0,2.0,2.0,0,pairs,individual
3,Pavlova Maria / Sviatchenko Alexei,HUN,13,141.39,75.5,65.89,0.0,5.3,owg2026,3FTh,3.0,0.0,,6.66,1.36,,1,,2526,3.0,3.0,3.0,3.0,2.0,2.0,2.0,2.0,3.0,0,pairs,individual
3,Pavlova Maria / Sviatchenko Alexei,HUN,13,141.39,75.5,65.89,0.0,4.3,owg2026,3S,4.0,0.0,,5.41,1.11,,1,,2526,4.0,3.0,2.0,3.0,2.0,1.0,2.0,3.0,3.0,0,pairs,individual
3,Pavlova Maria / Sviatchenko Alexei,HUN,13,141.39,75.5,65.89,0.0,7.0,owg2026,5RLi4,5.0,0.0,,8.9,1.9,,1,,2526,3.0,4.0,3.0,3.0,3.0,2.0,2.0,2.0,3.0,0,pairs,individual
3,Pavlova Maria / Sviatchenko Alexei,HUN,13,141.39,75.5,65.89,0.0,7.0,owg2026,5ALi4,6.0,0.0,,8.8,1.8,,1,,2526,2.0,4.0,3.0,3.0,3.0,1.0,2.0,2.0,3.0,0,pairs,individual
3,Pavlova Maria / Sviatchenko Alexei,HUN,13,141.39,75.5,65.89,0.0,4.0,owg2026,BoDs2,7.0,0.0,,4.57,0.57,,1,,2526,2.0,1.0,2.0,3.0,2.0,0.0,1.0,0.0,2.0,0,pairs,individual
3,Pavlova Maria / Sviatchenko Alexei,HUN,13,141.39,75.5,65.89,0.0,5.0,owg2026,3LoTh,8.0,0.0,,6.43,1.43,,1,,2526,3.0,3.0,3.0,3.0,3.0,2.0,2.0,3.0,4.0,0,pairs,individual
3,Pavlova Maria / Sviatchenko Alexei,HUN,13,141.39,75.5,65.89,0.0,5.1,owg2026,3Li4,9.0,0.0,,6.12,1.02,,1,,2526,3.0,3.0,2.0,2.0,2.0,0.0,1.0,1.0,3.0,0,pairs,individual
3,Pavlova Maria / Sviatchenko Alexei,HUN,13,141.39,75.5,65.89,0.0,3.0,owg2026,ChSq1,10.0,0.0,,3.93,0.93,,1,,2526,3.0,3.0,1.0,2.0,2.0,1.0,1.0,1.0,3.0,0,pairs,individual
3,Pavlova Maria / Sviatchenko Alexei,HUN,13,141.39,75.5,65.89,0.0,4.5,owg2026,PCoSp4,11.0,0.0,,5.01,0.51,,1,,2526,1.0,2.0,0.0,1.0,1.0,-1.0,1.0,2.0,2.0,0,pairs,individual
3,Pavlova Maria / Sviatchenko Alexei,HUN,13,141.39,75.5,65.89,0.0,,owg2026,,,,2.67,8.32,,,0,Composition,2526,8.25,8.25,8.5,8.5,8.25,8.0,8.25,8.25,8.75,0,pairs,individual
3,Pavlova Maria / Sviatchenko Alexei,HUN,13,141.39,75.5,65.89,0.0,,owg2026,,,,2.67,8.11,,,0,Presentation,2526,8.0,8.75,8.0,8.25,8.5,7.75,7.75,7.75,8.5,0,pairs,individual
3,Pavlova Maria / Sviatchenko Alexei,HUN,13,141.39,75.5,65.89,0.0,,owg2026,,,,2.67,8.25,,,0,Skating Skills,2526,8.0,8.5,8.75,8.5,8.25,7.75,8.0,7.75,8.75,0,pairs,individual
4,Hase Minerva Fabienne / Volodin Nikita,GER,16,139.08,69.82,69.26,0.0,6.0,owg2026,3Tw4,1.0,0.0,,8.4,2.4,,1,,2526,4.0,4.0,5.0,4.0,4.0,3.0,4.0,4.0,4.0,0,pairs,individual
4,Hase Minerva Fabienne / Volodin Nikita,GER,16,139.08,69.82,69.26,0.0,10.14,owg2026,3T+2A+2A<+SEQ,2.0,0.0,,8.52,-1.62,<,1,,2526,-4.0,-2.0,-2.0,-5.0,-4.0,-5.0,-4.0,-4.0,-4.0,0,pairs,individual
4,Hase Minerva Fabienne / Volodin Nikita,GER,16,139.08,69.82,69.26,0.0,0.4,owg2026,1S,3.0,0.0,,0.31,-0.09,,1,,2526,-2.0,-2.0,-2.0,-2.0,-3.0,-3.0,0.0,-2.0,-3.0,0,pairs,individual
4,Hase Minerva Fabienne / Volodin Nikita,GER,16,139.08,69.82,69.26,0.0,5.0,owg2026,3LoTh,4.0,0.0,,6.07,1.07,,1,,2526,3.0,2.0,3.0,2.0,2.0,1.0,2.0,2.0,2.0,0,pairs,individual
4,Hase Minerva Fabienne / Volodin Nikita,GER,16,139.08,69.82,69.26,0.0,7.0,owg2026,5RLi4,5.0,0.0,,9.1,2.1,,1,,2526,3.0,3.0,3.0,3.0,3.0,1.0,3.0,3.0,3.0,0,pairs,individual
4,Hase Minerva Fabienne / Volodin Nikita,GER,16,139.08,69.82,69.26,0.0,4.4,owg2026,BoDs3,6.0,0.0,,5.72,1.32,,1,,2526,3.0,4.0,3.0,3.0,4.0,2.0,2.0,3.0,3.0,0,pairs,individual
4,Hase Minerva Fabienne / Volodin Nikita,GER,16,139.08,69.82,69.26,0.0,4.5,owg2026,PCoSp4,7.0,0.0,,5.85,1.35,,1,,2526,4.0,4.0,3.0,2.0,4.0,2.0,2.0,3.0,3.0,0,pairs,individual
4,Hase Minerva Fabienne / Volodin Nikita,GER,16,139.08,69.82,69.26,0.0,4.4,owg2026,3STh,8.0,0.0,,5.91,1.51,,1,,2526,4.0,4.0,4.0,3.0,3.0,2.0,3.0,4.0,3.0,0,pairs,individual
4,Hase Minerva Fabienne / Volodin Nikita,GER,16,139.08,69.82,69.26,0.0,7.0,owg2026,5ALi4,9.0,0.0,,9.1,2.1,,1,,2526,4.0,3.0,3.0,3.0,3.0,3.0,2.0,3.0,3.0,0,pairs,individual
4,Hase Minerva Fabienne / Volodin Nikita,GER,16,139.08,69.82,69.26,0.0,3.0,owg2026,ChSq1,10.0,0.0,,4.43,1.43,,1,,2526,3.0,3.0,3.0,3.0,3.0,2.0,2.0,3.0,3.0,0,pairs,individual
4,Hase Minerva Fabienne / Volodin Nikita,GER,16,139.08,69.82,69.26,0.0,5.1,owg2026,3Li4,11.0,0.0,,6.41,1.31,,1,,2526,3.0,4.0,3.0,2.0,3.0,2.0,2.0,2.0,3.0,0,pairs,individual
4,Hase Minerva Fabienne / Volodin Nikita,GER,16,139.08,69.82,69.26,0.0,,owg2026,,,,2.67,8.79,,,0,Composition,2526,8.0,8.5,9.0,8.75,9.0,8.75,8.75,9.25,8.75,0,pairs,individual
4,Hase Minerva Fabienne / Volodin Nikita,GER,16,139.08,69.82,69.26,0.0,,owg2026,,,,2.67,8.54,,,0,Presentation,2526,8.5,8.5,8.75,8.25,8.75,8.5,8.25,9.25,8.5,0,pairs,individual
4,Hase Minerva Fabienne / Volodin Nikita,GER,16,139.08,69.82,69.26,0.0,,owg2026,,,,2.67,8.61,,,0,Skating Skills,2526,8.25,8.5,8.75,8.5,8.75,8.5,8.5,9.5,8.75,0,pairs,individual
5,Sui Wenjing / Han Cong,CHN,11,135.98,68.59,67.39,0.0,7.0,owg2026,1T+2A+2A+SEQ,1.0,0.0,,6.39,-0.61,,1,,2526,-1.0,-1.0,-2.0,-2.0,-2.0,-2.0,-2.0,-3.0,-2.0,0,pairs,individual
5,Sui Wenjing / Han Cong,CHN,11,135.98,68.59,67.39,0.0,6.0,owg2026,3Tw4,2.0,0.0,,7.63,1.63,,1,,2526,3.0,2.0,3.0,3.0,3.0,2.0,3.0,2.0,3.0,0,pairs,individual
5,Sui Wenjing / Han Cong,CHN,11,135.98,68.59,67.39,0.0,5.3,owg2026,3FTh,3.0,0.0,,7.34,2.04,,1,,2526,4.0,4.0,4.0,4.0,4.0,3.0,4.0,3.0,4.0,0,pairs,individual
5,Sui Wenjing / Han Cong,CHN,11,135.98,68.59,67.39,0.0,7.0,owg2026,5ALi4,4.0,0.0,,9.1,2.1,,1,,2526,3.0,3.0,2.0,4.0,3.0,3.0,3.0,3.0,3.0,0,pairs,individual
5,Sui Wenjing / Han Cong,CHN,11,135.98,68.59,67.39,0.0,1.3,owg2026,2S,5.0,0.0,,1.3,0.0,,1,,2526,0.0,-1.0,0.0,0.0,0.0,0.0,0.0,0.0,0.0,0,pairs,individual
5,Sui Wenjing / Han Cong,CHN,11,135.98,68.59,67.39,0.0,5.1,owg2026,FoDs4,6.0,0.0,,6.27,1.17,,1,,2526,3.0,2.0,3.0,3.0,3.0,1.0,2.0,1.0,2.0,0,pairs,individual
5,Sui Wenjing / Han Cong,CHN,11,135.98,68.59,67.39,0.0,4.5,owg2026,PCoSp4,7.0,0.0,,5.46,0.96,,1,,2526,2.0,3.0,1.0,1.0,3.0,2.0,3.0,2.0,2.0,0,pairs,individual
5,Sui Wenjing / Han Cong,CHN,11,135.98,68.59,67.39,0.0,4.4,owg2026,3STh,8.0,0.0,,5.47,1.07,,1,,2526,3.0,2.0,3.0,2.0,2.0,2.0,2.0,3.0,3.0,0,pairs,individual
5,Sui Wenjing / Han Cong,CHN,11,135.98,68.59,67.39,0.0,7.0,owg2026,5RLi4,9.0,0.0,,9.0,2.0,,1,,2526,3.0,3.0,1.0,2.0,3.0,3.0,3.0,3.0,3.0,0,pairs,individual
5,Sui Wenjing / Han Cong,CHN,11,135.98,68.59,67.39,0.0,5.1,owg2026,3Li4,10.0,0.0,,6.34,1.24,,1,,2526,3.0,2.0,1.0,3.0,2.0,2.0,3.0,2.0,3.0,0,pairs,individual
5,Sui Wenjing / Han Cong,CHN,11,135.98,68.59,67.39,0.0,3.0,owg2026,ChSq1,11.0,0.0,,4.29,1.29,,1,,2526,3.0,2.0,1.0,3.0,2.0,2.0,3.0,3.0,3.0,0,pairs,individual
5,Sui Wenjing / Han Cong,CHN,11,135.98,68.59,67.39,0.0,,owg2026,,,,2.67,8.46,,,0,Composition,2526,8.0,8.25,8.75,8.0,8.5,8.5,8.75,8.75,8.5,0,pairs,individual
5,Sui Wenjing / Han Cong,CHN,11,135.98,68.59,67.39,0.0,,owg2026,,,,2.67,8.39,,,0,Presentation,2526,8.25,7.75,8.0,8.5,8.5,8.5,8.75,8.5,8.5,0,pairs,individual
5,Sui Wenjing / Han Cong,CHN,11,135.98,68.59,67.39,0.0,,owg2026,,,,2.67,8.39,,,0,Skating Skills,2526,8.5,7.75,8.25,8.75,8.25,8.5,8.5,8.5,8.25,0,pairs,individual
6,Conti Sara / Macii Niccolo,ITA,9,131.49,64.26,67.23,0.0,6.0,owg2026,3Tw4,1.0,0.0,,7.46,1.46,,1,,2526,3.0,4.0,2.0,3.0,2.0,2.0,2.0,3.0,2.0,0,pairs,individual
6,Conti Sara / Macii Niccolo,ITA,9,131.49,64.26,67.23,0.0,7.5,owg2026,3T+2A+SEQ,2.0,0.0,,6.54,-0.96,,1,,2526,-2.0,0.0,-4.0,-3.0,-2.0,-2.0,-3.0,-1.0,-3.0,0,pairs,individual
6,Conti Sara / Macii Niccolo,ITA,9,131.49,64.26,67.23,0.0,7.0,owg2026,5ALi4,3.0,0.0,,8.7,1.7,,1,,2526,3.0,2.0,2.0,3.0,2.0,2.0,2.0,3.0,3.0,0,pairs,individual
6,Conti Sara / Macii Niccolo,ITA,9,131.49,64.26,67.23,0.0,4.3,owg2026,3S,4.0,0.0,,5.41,1.11,,1,,2526,3.0,3.0,2.0,3.0,2.0,1.0,2.0,3.0,3.0,0,pairs,individual
6,Conti Sara / Macii Niccolo,ITA,9,131.49,64.26,67.23,0.0,5.0,owg2026,3LoTh,5.0,0.0,,4.57,-0.43,,1,,2526,2.0,-1.0,-2.0,-2.0,-1.0,-1.0,-1.0,0.0,0.0,0,pairs,individual
6,Conti Sara / Macii Niccolo,ITA,9,131.49,64.26,67.23,0.0,7.0,owg2026,5RLi4,6.0,0.0,,7.8,0.8,,1,,2526,2.0,2.0,0.0,2.0,1.0,0.0,0.0,1.0,2.0,0,pairs,individual
6,Conti Sara / Macii Niccolo,ITA,9,131.49,64.26,67.23,0.0,4.4,owg2026,BoDs3,7.0,0.0,,5.28,0.88,,1,,2526,2.0,2.0,2.0,2.0,2.0,0.0,2.0,2.0,2.0,0,pairs,individual
6,Conti Sara / Macii Niccolo,ITA,9,131.49,64.26,67.23,0.0,4.5,owg2026,PCoSp4,8.0,0.0,,5.34,0.84,,1,,2526,2.0,1.0,2.0,2.0,2.0,1.0,2.0,2.0,3.0,0,pairs,individual
6,Conti Sara / Macii Niccolo,ITA,9,131.49,64.26,67.23,0.0,4.4,owg2026,3STh,9.0,0.0,,2.83,-1.57,,1,,2526,-4.0,-2.0,-4.0,-3.0,-4.0,-5.0,-4.0,-2.0,-4.0,0,pairs,individual
6,Conti Sara / Macii Niccolo,ITA,9,131.49,64.26,67.23,0.0,5.1,owg2026,3Li4,10.0,0.0,,6.12,1.02,,1,,2526,2.0,2.0,0.0,2.0,1.0,2.0,2.0,3.0,3.0,0,pairs,individual
6,Conti Sara / Macii Niccolo,ITA,9,131.49,64.26,67.23,0.0,3.0,owg2026,ChSq1,11.0,0.0,,4.21,1.21,,1,,2526,2.0,3.0,3.0,3.0,2.0,2.0,2.0,2.0,3.0,0,pairs,individual
6,Conti Sara / Macii Niccolo,ITA,9,131.49,64.26,67.23,0.0,,owg2026,,,,2.67,8.46,,,0,Composition,2526,8.0,8.0,8.75,8.5,8.25,8.5,8.75,9.0,8.5,0,pairs,individual
6,Conti Sara / Macii Niccolo,ITA,9,131.49,64.26,67.23,0.0,,owg2026,,,,2.67,8.29,,,0,Presentation,2526,7.75,8.5,8.5,8.25,7.75,8.25,8.5,8.75,8.25,0,pairs,individual
6,Conti Sara / Macii Niccolo,ITA,9,131.49,64.26,67.23,0.0,,owg2026,,,,2.67,8.43,,,0,Skating Skills,2526,7.75,8.25,8.5,8.5,8.25,8.5,8.5,8.75,8.5,0,pairs,individual
7,Chan Emily / Howe Spencer Akira,USA,8,130.25,68.5,62.75,-1.0,10.9,owg2026,3S+2A+2A+SEQ,1.0,0.0,,11.02,0.12,,1,,2526,-1.0,1.0,1.0,0.0,1.0,0.0,0.0,1.0,-1.0,0,pairs,individual
7,Chan Emily / Howe Spencer Akira,USA,8,130.25,68.5,62.75,-1.0,6.0,owg2026,3Tw4,3.0,0.0,,7.29,1.29,,1,,2526,4.0,2.0,2.0,2.0,2.0,1.0,2.0,3.0,2.0,0,pairs,individual
7,Chan Emily / Howe Spencer Akira,USA,8,130.25,68.5,62.75,-1.0,5.0,owg2026,3LoTh,4.0,0.0,,4.43,-0.57,,1,,2526,0.0,-1.0,-2.0,-3.0,-1.0,-1.0,-1.0,-1.0,-1.0,0,pairs,individual
7,Chan Emily / Howe Spencer Akira,USA,8,130.25,68.5,62.75,-1.0,7.0,owg2026,5RLi4,5.0,0.0,,8.7,1.7,,1,,2526,3.0,2.0,3.0,3.0,2.0,3.0,2.0,2.0,2.0,0,pairs,individual
7,Chan Emily / Howe Spencer Akira,USA,8,130.25,68.5,62.75,-1.0,5.3,owg2026,3FTh,6.0,0.0,,5.91,0.61,,1,,2526,2.0,2.0,0.0,2.0,1.0,2.0,1.0,0.0,0.0,0,pairs,individual
7,Chan Emily / Howe Spencer Akira,USA,8,130.25,68.5,62.75,-1.0,4.0,owg2026,BoDs2,7.0,0.0,,4.29,0.29,,1,,2526,2.0,1.0,0.0,0.0,1.0,1.0,1.0,1.0,0.0,0,pairs,individual
7,Chan Emily / Howe Spencer Akira,USA,8,130.25,68.5,62.75,-1.0,4.5,owg2026,PCoSp4,8.0,0.0,,5.4,0.9,,1,,2526,4.0,2.0,0.0,2.0,3.0,1.0,2.0,2.0,2.0,0,pairs,individual
7,Chan Emily / Howe Spencer Akira,USA,8,130.25,68.5,62.75,-1.0,7.0,owg2026,5ALi4,9.0,0.0,,8.8,1.8,,1,,2526,4.0,3.0,1.0,2.0,2.0,3.0,3.0,3.0,2.0,0,pairs,individual
7,Chan Emily / Howe Spencer Akira,USA,8,130.25,68.5,62.75,-1.0,3.0,owg2026,ChSq1,10.0,0.0,,4.5,1.5,,1,,2526,4.0,4.0,2.0,3.0,3.0,3.0,3.0,3.0,2.0,0,pairs,individual
7,Chan Emily / Howe Spencer Akira,USA,8,130.25,68.5,62.75,-1.0,5.1,owg2026,3Li4,11.0,0.0,,6.48,1.38,,1,,2526,4.0,3.0,1.0,2.0,3.0,3.0,3.0,3.0,2.0,0,pairs,individual
7,Chan Emily / Howe Spencer Akira,USA,8,130.25,68.5,62.75,-1.0,,owg2026,,,,2.67,7.82,,,0,Composition,2526,8.0,7.5,7.5,7.75,8.0,8.0,8.0,8.25,7.5,0,pairs,individual
7,Chan Emily / Howe Spencer Akira,USA,8,130.25,68.5,62.75,-1.0,,owg2026,,,,2.67,7.89,,,0,Presentation,2526,8.0,7.75,7.75,8.0,8.25,7.75,7.75,8.5,7.25,0,pairs,individual
7,Chan Emily / Howe Spencer Akira,USA,8,130.25,68.5,62.75,-1.0,,owg2026,,,,2.67,7.79,,,0,Skating Skills,2526,7.75,7.25,7.5,7.75,7.75,8.25,7.75,8.25,7.75,0,pairs,individual
8,Hocke Annika / Kunkel Robert,GER,6,126.59,66.95,60.64,-1.0,5.4,owg2026,3Tw2,1.0,0.0,,6.17,0.77,,1,,2526,2.0,1.0,0.0,0.0,2.0,2.0,1.0,2.0,2.0,0,pairs,individual
8,Hocke Annika / Kunkel Robert,GER,6,126.59,66.95,60.64,-1.0,4.3,owg2026,3S,2.0,0.0,,5.16,0.86,,1,,2526,2.0,2.0,1.0,2.0,2.0,2.0,2.0,2.0,2.0,0,pairs,individual
8,Hocke Annika / Kunkel Robert,GER,6,126.59,66.95,60.64,-1.0,7.7,owg2026,2A+1A+2A+SEQ,3.0,0.0,,7.37,-0.33,,1,,2526,1.0,-1.0,-1.0,-2.0,0.0,0.0,-1.0,-2.0,-2.0,0,pairs,individual
8,Hocke Annika / Kunkel Robert,GER,6,126.59,66.95,60.64,-1.0,7.0,owg2026,5RLi4,4.0,0.0,,7.9,0.9,,1,,2526,2.0,2.0,1.0,1.0,1.0,1.0,1.0,1.0,2.0,0,pairs,individual
8,Hocke Annika / Kunkel Robert,GER,6,126.59,66.95,60.64,-1.0,5.3,owg2026,3FTh,5.0,0.0,,6.44,1.14,,1,,2526,2.0,2.0,3.0,2.0,3.0,2.0,2.0,2.0,2.0,0,pairs,individual
8,Hocke Annika / Kunkel Robert,GER,6,126.59,66.95,60.64,-1.0,7.0,owg2026,5ALi4,6.0,0.0,,6.9,-0.1,,1,,2526,0.0,0.0,1.0,0.0,0.0,-1.0,-1.0,0.0,0.0,0,pairs,individual
8,Hocke Annika / Kunkel Robert,GER,6,126.59,66.95,60.64,-1.0,5.0,owg2026,3LoTh,7.0,0.0,,6.36,1.36,,1,,2526,3.0,3.0,3.0,2.0,3.0,2.0,2.0,3.0,3.0,0,pairs,individual
8,Hocke Annika / Kunkel Robert,GER,6,126.59,66.95,60.64,-1.0,5.1,owg2026,3Li4,8.0,0.0,,6.12,1.02,,1,,2526,3.0,2.0,2.0,2.0,2.0,2.0,2.0,2.0,2.0,0,pairs,individual
8,Hocke Annika / Kunkel Robert,GER,6,126.59,66.95,60.64,-1.0,4.0,owg2026,BoDs2,9.0,0.0,,4.63,0.63,,1,,2526,2.0,1.0,2.0,0.0,1.0,1.0,2.0,2.0,2.0,0,pairs,individual
8,Hocke Annika / Kunkel Robert,GER,6,126.59,66.95,60.64,-1.0,4.5,owg2026,PCoSp4,10.0,0.0,,5.4,0.9,,1,,2526,2.0,3.0,2.0,1.0,2.0,2.0,2.0,2.0,2.0,0,pairs,individual
8,Hocke Annika / Kunkel Robert,GER,6,126.59,66.95,60.64,-1.0,3.0,owg2026,ChSq1,11.0,0.0,,4.5,1.5,,1,,2526,4.0,4.0,3.0,2.0,4.0,2.0,2.0,3.0,3.0,0,pairs,individual
8,Hocke Annika / Kunkel Robert,GER,6,126.59,66.95,60.64,-1.0,,owg2026,,,,2.67,7.5,,,0,Composition,2526,7.5,7.25,8.0,7.25,7.0,7.5,7.5,7.75,7.75,0,pairs,individual
8,Hocke Annika / Kunkel Robert,GER,6,126.59,66.95,60.64,-1.0,,owg2026,,,,2.67,7.64,,,0,Presentation,2526,7.75,7.75,8.25,7.75,7.5,7.5,7.5,7.5,7.75,0,pairs,individual
8,Hocke Annika / Kunkel Robert,GER,6,126.59,66.95,60.64,-1.0,,owg2026,,,,2.67,7.57,,,0,Skating Skills,2526,7.5,7.5,8.0,7.5,7.25,7.75,7.25,7.75,7.75,0,pairs,individual
9,Stellato-Dudek Deanna / Deschamps Maxime,CAN,3,126.57,61.75,64.82,0.0,6.0,owg2026,3Tw4,1.0,0.0,,7.8,1.8,,1,,2526,3.0,4.0,3.0,3.0,3.0,3.0,3.0,3.0,2.0,0,pairs,individual
9,Stellato-Dudek Deanna / Deschamps Maxime,CAN,3,126.57,61.75,64.82,0.0,4.2,owg2026,3T+SEQ+A*,2.0,0.0,,2.16,-2.04,*,1,,2526,-5.0,-4.0,-5.0,-5.0,-5.0,-5.0,-5.0,-4.0,-5.0,0,pairs,individual
9,Stellato-Dudek Deanna / Deschamps Maxime,CAN,3,126.57,61.75,64.82,0.0,7.0,owg2026,5RLi4,3.0,0.0,,9.1,2.1,,1,,2526,3.0,3.0,2.0,3.0,4.0,3.0,3.0,3.0,3.0,0,pairs,individual
9,Stellato-Dudek Deanna / Deschamps Maxime,CAN,3,126.57,61.75,64.82,0.0,1.3,owg2026,2S,4.0,0.0,,1.32,0.02,,1,,2526,2.0,0.0,0.0,0.0,-2.0,-1.0,1.0,1.0,0.0,0,pairs,individual
9,Stellato-Dudek Deanna / Deschamps Maxime,CAN,3,126.57,61.75,64.82,0.0,4.3,owg2026,FoDs2,5.0,0.0,,5.22,0.92,,1,,2526,3.0,2.0,2.0,3.0,2.0,2.0,2.0,2.0,2.0,0,pairs,individual
9,Stellato-Dudek Deanna / Deschamps Maxime,CAN,3,126.57,61.75,64.82,0.0,4.5,owg2026,PCoSp4,6.0,0.0,,5.66,1.16,,1,,2526,2.0,3.0,2.0,3.0,3.0,2.0,2.0,3.0,3.0,0,pairs,individual
9,Stellato-Dudek Deanna / Deschamps Maxime,CAN,3,126.57,61.75,64.82,0.0,5.0,owg2026,3LoTh,7.0,0.0,,5.57,0.57,,1,,2526,2.0,1.0,0.0,1.0,1.0,1.0,1.0,2.0,1.0,0,pairs,individual
9,Stellato-Dudek Deanna / Deschamps Maxime,CAN,3,126.57,61.75,64.82,0.0,3.0,owg2026,ChSq1,8.0,0.0,,4.21,1.21,,1,,2526,2.0,2.0,1.0,2.0,3.0,2.0,3.0,3.0,3.0,0,pairs,individual
9,Stellato-Dudek Deanna / Deschamps Maxime,CAN,3,126.57,61.75,64.82,0.0,4.4,owg2026,3STh,9.0,0.0,,5.47,1.07,,1,,2526,3.0,3.0,2.0,2.0,2.0,2.0,3.0,3.0,2.0,0,pairs,individual
9,Stellato-Dudek Deanna / Deschamps Maxime,CAN,3,126.57,61.75,64.82,0.0,7.0,owg2026,5ALi4,10.0,0.0,,8.9,1.9,,1,,2526,4.0,3.0,2.0,3.0,3.0,2.0,2.0,3.0,3.0,0,pairs,individual
9,Stellato-Dudek Deanna / Deschamps Maxime,CAN,3,126.57,61.75,64.82,0.0,5.1,owg2026,3Li4,11.0,0.0,,6.34,1.24,,1,,2526,3.0,4.0,1.0,2.0,2.0,2.0,3.0,2.0,3.0,0,pairs,individual
9,Stellato-Dudek Deanna / Deschamps Maxime,CAN,3,126.57,61.75,64.82,0.0,,owg2026,,,,2.67,8.18,,,0,Composition,2526,8.0,7.75,8.25,8.5,8.5,8.25,8.5,8.0,7.75,0,pairs,individual
9,Stellato-Dudek Deanna / Deschamps Maxime,CAN,3,126.57,61.75,64.82,0.0,,owg2026,,,,2.67,8.14,,,0,Presentation,2526,8.25,8.25,8.0,8.0,8.25,8.0,8.25,8.25,7.5,0,pairs,individual
9,Stellato-Dudek Deanna / Deschamps Maxime,CAN,3,126.57,61.75,64.82,0.0,,owg2026,,,,2.67,7.96,,,0,Skating Skills,2526,7.75,8.0,7.75,8.25,8.0,8.5,8.25,7.75,7.75,0,pairs,individual
10,Pereira Lia / Michaud Trennt,CAN,14,125.06,62.83,63.23,-1.0,6.0,owg2026,3Tw4,1.0,0.0,,7.63,1.63,,1,,2526,4.0,3.0,2.0,3.0,3.0,3.0,2.0,2.0,3.0,0,pairs,individual
10,Pereira Lia / Michaud Trennt,CAN,14,125.06,62.83,63.23,-1.0,7.5,owg2026,3T+2A+SEQ,2.0,0.0,,8.34,0.84,,1,,2526,3.0,2.0,2.0,2.0,2.0,1.0,2.0,2.0,2.0,0,pairs,individual
10,Pereira Lia / Michaud Trennt,CAN,14,125.06,62.83,63.23,-1.0,5.0,owg2026,3LoTh,3.0,0.0,,3.5,-1.5,,1,,2526,-2.0,-2.0,-4.0,-3.0,-2.0,-4.0,-4.0,-3.0,-3.0,0,pairs,individual
10,Pereira Lia / Michaud Trennt,CAN,14,125.06,62.83,63.23,-1.0,4.3,owg2026,3S,4.0,0.0,,2.15,-2.15,F,1,,2526,-5.0,-4.0,-5.0,-5.0,-5.0,-5.0,-5.0,-5.0,-5.0,0,pairs,individual
10,Pereira Lia / Michaud Trennt,CAN,14,125.06,62.83,63.23,-1.0,7.0,owg2026,5RLi4,5.0,0.0,,8.9,1.9,,1,,2526,3.0,2.0,2.0,2.0,3.0,3.0,3.0,3.0,3.0,0,pairs,individual
10,Pereira Lia / Michaud Trennt,CAN,14,125.06,62.83,63.23,-1.0,5.3,owg2026,3FTh,6.0,0.0,,6.06,0.76,,1,,2526,2.0,1.0,1.0,2.0,2.0,1.0,0.0,1.0,3.0,0,pairs,individual
10,Pereira Lia / Michaud Trennt,CAN,14,125.06,62.83,63.23,-1.0,3.6,owg2026,BoDs1,7.0,0.0,,2.01,-1.59,,1,,2526,-5.0,-4.0,-5.0,-5.0,-3.0,-5.0,-5.0,-4.0,-3.0,0,pairs,individual
10,Pereira Lia / Michaud Trennt,CAN,14,125.06,62.83,63.23,-1.0,7.0,owg2026,5ALi4,8.0,0.0,,8.4,1.4,,1,,2526,3.0,2.0,2.0,2.0,2.0,2.0,2.0,2.0,2.0,0,pairs,individual
10,Pereira Lia / Michaud Trennt,CAN,14,125.06,62.83,63.23,-1.0,3.0,owg2026,ChSq1,9.0,0.0,,4.21,1.21,,1,,2526,3.0,3.0,3.0,2.0,2.0,2.0,2.0,2.0,3.0,0,pairs,individual
10,Pereira Lia / Michaud Trennt,CAN,14,125.06,62.83,63.23,-1.0,4.7,owg2026,3Li3,10.0,0.0,,6.04,1.34,,1,,2526,4.0,4.0,1.0,3.0,3.0,2.0,2.0,3.0,3.0,0,pairs,individual
10,Pereira Lia / Michaud Trennt,CAN,14,125.06,62.83,63.23,-1.0,4.5,owg2026,PCoSp4,11.0,0.0,,5.59,1.09,,1,,2526,2.0,3.0,3.0,2.0,3.0,2.0,2.0,2.0,3.0,0,pairs,individual
10,Pereira Lia / Michaud Trennt,CAN,14,125.06,62.83,63.23,-1.0,,owg2026,,,,2.67,8.07,,,0,Composition,2526,7.5,8.0,8.25,7.75,8.0,7.75,8.25,8.5,8.5,0,pairs,individual
10,Pereira Lia / Michaud Trennt,CAN,14,125.06,62.83,63.23,-1.0,,owg2026,,,,2.67,7.75,,,0,Presentation,2526,7.75,7.75,8.25,7.5,7.75,7.5,7.5,8.0,8.0,0,pairs,individual
10,Pereira Lia / Michaud Trennt,CAN,14,125.06,62.83,63.23,-1.0,,owg2026,,,,2.67,7.86,,,0,Skating Skills,2526,7.75,7.75,7.75,7.0,7.75,8.0,7.75,8.25,8.25,0,pairs,individual
11,Ghilardi Rebecca / Ambrosini Filippo,ITA,7,122.78,62.33,60.45,0.0,5.7,owg2026,3Tw3,1.0,0.0,,6.27,0.57,,1,,2526,1.0,0.0,1.0,1.0,1.0,1.0,1.0,2.0,1.0,0,pairs,individual
11,Ghilardi Rebecca / Ambrosini Filippo,ITA,7,122.78,62.33,60.45,0.0,1.3,owg2026,2S,2.0,0.0,,1.41,0.11,,1,,2526,1.0,1.0,1.0,1.0,2.0,1.0,0.0,1.0,0.0,0,pairs,individual
11,Ghilardi Rebecca / Ambrosini Filippo,ITA,7,122.78,62.33,60.45,0.0,7.7,owg2026,2A+2A+1A+SEQ,3.0,0.0,,7.94,0.24,,1,,2526,1.0,1.0,0.0,1.0,1.0,0.0,1.0,1.0,0.0,0,pairs,individual
11,Ghilardi Rebecca / Ambrosini Filippo,ITA,7,122.78,62.33,60.45,0.0,7.0,owg2026,5RLi4,4.0,0.0,,8.2,1.2,,1,,2526,2.0,2.0,1.0,2.0,1.0,2.0,2.0,2.0,1.0,0,pairs,individual
11,Ghilardi Rebecca / Ambrosini Filippo,ITA,7,122.78,62.33,60.45,0.0,5.0,owg2026,3LoTh,5.0,0.0,,5.93,0.93,,1,,2526,2.0,1.0,2.0,1.0,2.0,2.0,2.0,2.0,2.0,0,pairs,individual
11,Ghilardi Rebecca / Ambrosini Filippo,ITA,7,122.78,62.33,60.45,0.0,3.0,owg2026,ChSq1,6.0,0.0,,4.0,1.0,,1,,2526,3.0,3.0,1.0,2.0,2.0,1.0,2.0,2.0,2.0,0,pairs,individual
11,Ghilardi Rebecca / Ambrosini Filippo,ITA,7,122.78,62.33,60.45,0.0,5.3,owg2026,3FTh,7.0,0.0,,6.06,0.76,,1,,2526,2.0,2.0,2.0,1.0,1.0,2.0,1.0,1.0,1.0,0,pairs,individual
11,Ghilardi Rebecca / Ambrosini Filippo,ITA,7,122.78,62.33,60.45,0.0,6.6,owg2026,5ALi3,8.0,0.0,,7.64,1.04,,1,,2526,2.0,1.0,0.0,1.0,2.0,2.0,2.0,2.0,1.0,0,pairs,individual
11,Ghilardi Rebecca / Ambrosini Filippo,ITA,7,122.78,62.33,60.45,0.0,5.1,owg2026,3Li4,9.0,0.0,,6.19,1.09,,1,,2526,3.0,2.0,1.0,2.0,2.0,2.0,2.0,3.0,2.0,0,pairs,individual
11,Ghilardi Rebecca / Ambrosini Filippo,ITA,7,122.78,62.33,60.45,0.0,3.5,owg2026,FiDs3,10.0,0.0,,3.8,0.3,,1,,2526,2.0,2.0,0.0,0.0,1.0,1.0,1.0,1.0,0.0,0,pairs,individual
11,Ghilardi Rebecca / Ambrosini Filippo,ITA,7,122.78,62.33,60.45,0.0,4.5,owg2026,PCoSp4,11.0,0.0,,4.89,0.39,,1,,2526,2.0,1.0,0.0,0.0,1.0,1.0,2.0,1.0,-1.0,0,pairs,individual
11,Ghilardi Rebecca / Ambrosini Filippo,ITA,7,122.78,62.33,60.45,0.0,,owg2026,,,,2.67,7.64,,,0,Composition,2526,7.75,7.0,8.25,7.5,7.5,7.5,7.75,8.0,7.5,0,pairs,individual
11,Ghilardi Rebecca / Ambrosini Filippo,ITA,7,122.78,62.33,60.45,0.0,,owg2026,,,,2.67,7.64,,,0,Presentation,2526,7.75,7.5,8.0,7.5,7.75,7.25,7.75,7.75,7.5,0,pairs,individual
11,Ghilardi Rebecca / Ambrosini Filippo,ITA,7,122.78,62.33,60.45,0.0,,owg2026,,,,2.67,7.36,,,0,Skating Skills,2526,7.25,7.25,7.75,7.25,7.25,7.5,7.25,8.0,7.0,0,pairs,individual
12,Kam Ellie / O'Shea Danny,USA,10,122.71,60.82,63.89,-2.0,6.0,owg2026,3Tw4,1.0,0.0,,7.54,1.54,,1,,2526,3.0,2.0,3.0,3.0,2.0,2.0,2.0,3.0,3.0,0,pairs,individual
12,Kam Ellie / O'Shea Danny,USA,10,122.71,60.82,63.89,-2.0,4.2,owg2026,3T,2.0,0.0,,3.12,-1.08,,1,,2526,-1.0,-1.0,-3.0,-3.0,-2.0,-3.0,-3.0,-4.0,-3.0,0,pairs,individual
12,Kam Ellie / O'Shea Danny,USA,10,122.71,60.82,63.89,-2.0,5.3,owg2026,3LzTh,4.0,0.0,,2.65,-2.65,F,1,,2526,-5.0,-5.0,-5.0,-5.0,-5.0,-5.0,-5.0,-5.0,-5.0,0,pairs,individual
12,Kam Ellie / O'Shea Danny,USA,10,122.71,60.82,63.89,-2.0,4.4,owg2026,BoDs3,5.0,0.0,,5.34,0.94,,1,,2526,3.0,3.0,2.0,2.0,2.0,2.0,2.0,2.0,2.0,0,pairs,individual
12,Kam Ellie / O'Shea Danny,USA,10,122.71,60.82,63.89,-2.0,5.0,owg2026,3LoTh,6.0,0.0,,5.71,0.71,,1,,2526,2.0,1.0,1.0,2.0,2.0,1.0,1.0,1.0,2.0,0,pairs,individual
12,Kam Ellie / O'Shea Danny,USA,10,122.71,60.82,63.89,-2.0,7.0,owg2026,5RLi4,7.0,0.0,,8.8,1.8,,1,,2526,3.0,2.0,3.0,3.0,3.0,2.0,2.0,2.0,3.0,0,pairs,individual
12,Kam Ellie / O'Shea Danny,USA,10,122.71,60.82,63.89,-2.0,4.5,owg2026,PCoSp4,8.0,0.0,,5.85,1.35,,1,,2526,4.0,3.0,3.0,3.0,3.0,3.0,3.0,2.0,3.0,0,pairs,individual
12,Kam Ellie / O'Shea Danny,USA,10,122.71,60.82,63.89,-2.0,5.1,owg2026,4Li4,9.0,0.0,,6.56,1.46,,1,,2526,3.0,4.0,2.0,3.0,4.0,2.0,3.0,2.0,3.0,0,pairs,individual
12,Kam Ellie / O'Shea Danny,USA,10,122.71,60.82,63.89,-2.0,3.0,owg2026,ChSq1,10.0,0.0,,4.43,1.43,,1,,2526,3.0,4.0,2.0,3.0,3.0,3.0,2.0,3.0,3.0,0,pairs,individual
12,Kam Ellie / O'Shea Danny,USA,10,122.71,60.82,63.89,-2.0,7.0,owg2026,5ALi4,11.0,0.0,,9.1,2.1,,1,,2526,4.0,3.0,3.0,3.0,3.0,3.0,3.0,2.0,3.0,0,pairs,individual
12,Kam Ellie / O'Shea Danny,USA,10,122.71,60.82,63.89,-2.0,,owg2026,,,,2.67,8.14,,,0,Composition,2526,7.75,8.0,8.5,8.25,8.0,8.25,8.25,8.25,8.0,0,pairs,individual
12,Kam Ellie / O'Shea Danny,USA,10,122.71,60.82,63.89,-2.0,,owg2026,,,,2.67,7.75,,,0,Presentation,2526,8.0,7.5,8.25,8.5,7.25,7.5,7.5,7.75,7.75,0,pairs,individual
12,Kam Ellie / O'Shea Danny,USA,10,122.71,60.82,63.89,-2.0,,owg2026,,,,2.67,8.04,,,0,Skating Skills,2526,8.25,8.25,8.0,8.0,7.75,8.0,7.75,8.0,8.25,0,pairs,individual
13,Chtchetinina Ioulia / Wozniak Michal,POL,2,120.63,63.33,57.3,0.0,5.7,owg2026,3Tw3,1.0,0.0,,6.92,1.22,,1,,2526,1.0,2.0,2.0,2.0,2.0,3.0,2.0,3.0,2.0,0,pairs,individual
13,Chtchetinina Ioulia / Wozniak Michal,POL,2,120.63,63.33,57.3,0.0,4.2,owg2026,3T,2.0,0.0,,4.68,0.48,,1,,2526,0.0,0.0,1.0,1.0,1.0,2.0,2.0,2.0,1.0,0,pairs,individual
13,Chtchetinina Ioulia / Wozniak Michal,POL,2,120.63,63.33,57.3,0.0,5.5,owg2026,2A+1A+1A+SEQ,3.0,0.0,,4.89,-0.61,,1,,2526,-2.0,-1.0,-2.0,-2.0,-2.0,-2.0,-2.0,-1.0,-3.0,0,pairs,individual
13,Chtchetinina Ioulia / Wozniak Michal,POL,2,120.63,63.33,57.3,0.0,5.3,owg2026,3FTh,4.0,0.0,,5.98,0.68,,1,,2526,2.0,1.0,0.0,2.0,1.0,2.0,1.0,1.0,1.0,0,pairs,individual
13,Chtchetinina Ioulia / Wozniak Michal,POL,2,120.63,63.33,57.3,0.0,7.0,owg2026,5RLi4,5.0,0.0,,8.2,1.2,,1,,2526,1.0,1.0,1.0,2.0,2.0,2.0,2.0,2.0,2.0,0,pairs,individual
13,Chtchetinina Ioulia / Wozniak Michal,POL,2,120.63,63.33,57.3,0.0,4.4,owg2026,3STh,6.0,0.0,,4.65,0.25,,1,,2526,0.0,1.0,1.0,1.0,1.0,-1.0,1.0,1.0,-1.0,0,pairs,individual
13,Chtchetinina Ioulia / Wozniak Michal,POL,2,120.63,63.33,57.3,0.0,3.0,owg2026,ChSq1,7.0,0.0,,4.0,1.0,,1,,2526,2.0,2.0,2.0,2.0,2.0,2.0,2.0,2.0,2.0,0,pairs,individual
13,Chtchetinina Ioulia / Wozniak Michal,POL,2,120.63,63.33,57.3,0.0,3.5,owg2026,FiDs3,8.0,0.0,,4.1,0.6,,1,,2526,0.0,2.0,1.0,1.0,2.0,2.0,2.0,2.0,2.0,0,pairs,individual
13,Chtchetinina Ioulia / Wozniak Michal,POL,2,120.63,63.33,57.3,0.0,7.0,owg2026,5ALi4,9.0,0.0,,8.6,1.6,,1,,2526,2.0,3.0,1.0,2.0,2.0,2.0,3.0,3.0,2.0,0,pairs,individual
13,Chtchetinina Ioulia / Wozniak Michal,POL,2,120.63,63.33,57.3,0.0,5.1,owg2026,3Li4,10.0,0.0,,5.97,0.87,,1,,2526,1.0,2.0,0.0,1.0,2.0,2.0,2.0,2.0,2.0,0,pairs,individual
13,Chtchetinina Ioulia / Wozniak Michal,POL,2,120.63,63.33,57.3,0.0,4.5,owg2026,PCoSp4,11.0,0.0,,5.34,0.84,,1,,2526,0.0,2.0,2.0,2.0,2.0,3.0,2.0,1.0,2.0,0,pairs,individual
13,Chtchetinina Ioulia / Wozniak Michal,POL,2,120.63,63.33,57.3,0.0,,owg2026,,,,2.67,7.21,,,0,Composition,2526,7.25,6.5,7.0,7.25,7.5,7.5,7.25,6.75,7.5,0,pairs,individual
13,Chtchetinina Ioulia / Wozniak Michal,POL,2,120.63,63.33,57.3,0.0,,owg2026,,,,2.67,7.21,,,0,Presentation,2526,7.25,7.0,6.5,7.5,7.5,7.75,7.25,6.5,7.5,0,pairs,individual
13,Chtchetinina Ioulia / Wozniak Michal,POL,2,120.63,63.33,57.3,0.0,,owg2026,,,,2.67,7.04,,,0,Skating Skills,2526,7.0,6.75,6.75,7.25,7.0,7.5,7.0,6.75,7.5,0,pairs,individual
14,Akopova Karina / Rakhmanin Nikita,ARM,5,114.39,59.88,55.51,-1.0,5.7,owg2026,3Tw3,1.0,0.0,,7.41,1.71,,1,,2526,4.0,3.0,2.0,3.0,3.0,3.0,3.0,3.0,3.0,0,pairs,individual
14,Akopova Karina / Rakhmanin Nikita,ARM,5,114.39,59.88,55.51,-1.0,5.3,owg2026,3FTh,3.0,0.0,,6.89,1.59,,1,,2526,3.0,2.0,3.0,3.0,3.0,3.0,3.0,3.0,3.0,0,pairs,individual
14,Akopova Karina / Rakhmanin Nikita,ARM,5,114.39,59.88,55.51,-1.0,4.3,owg2026,3S+SEQ+A*,4.0,0.0,,2.15,-2.15,*,1,,2526,-5.0,-5.0,-5.0,-4.0,-5.0,-5.0,-5.0,-5.0,-5.0,0,pairs,individual
14,Akopova Karina / Rakhmanin Nikita,ARM,5,114.39,59.88,55.51,-1.0,6.6,owg2026,5RLi3,5.0,0.0,,8.01,1.41,,1,,2526,2.0,2.0,1.0,2.0,2.0,3.0,3.0,2.0,2.0,0,pairs,individual
14,Akopova Karina / Rakhmanin Nikita,ARM,5,114.39,59.88,55.51,-1.0,5.1,owg2026,3Li4,6.0,0.0,,5.83,0.73,,1,,2526,2.0,1.0,1.0,2.0,1.0,1.0,2.0,1.0,2.0,0,pairs,individual
14,Akopova Karina / Rakhmanin Nikita,ARM,5,114.39,59.88,55.51,-1.0,4.4,owg2026,3STh,7.0,0.0,,5.72,1.32,,1,,2526,3.0,3.0,2.0,3.0,3.0,3.0,3.0,3.0,3.0,0,pairs,individual
14,Akopova Karina / Rakhmanin Nikita,ARM,5,114.39,59.88,55.51,-1.0,4.7,owg2026,FoDs3,8.0,0.0,,5.64,0.94,,1,,2526,1.0,2.0,2.0,2.0,2.0,2.0,2.0,2.0,2.0,0,pairs,individual
14,Akopova Karina / Rakhmanin Nikita,ARM,5,114.39,59.88,55.51,-1.0,3.0,owg2026,ChSq1,9.0,0.0,,3.07,0.07,,1,,2526,0.0,1.0,-2.0,-1.0,-1.0,1.0,1.0,2.0,0.0,0,pairs,individual
14,Akopova Karina / Rakhmanin Nikita,ARM,5,114.39,59.88,55.51,-1.0,7.0,owg2026,5ALi4,10.0,0.0,,8.4,1.4,,1,,2526,2.0,3.0,1.0,1.0,2.0,3.0,2.0,2.0,2.0,0,pairs,individual
14,Akopova Karina / Rakhmanin Nikita,ARM,5,114.39,59.88,55.51,-1.0,4.5,owg2026,PCoSp4,11.0,0.0,,5.08,0.58,,1,,2526,0.0,1.0,-1.0,1.0,2.0,2.0,2.0,1.0,2.0,0,pairs,individual
14,Akopova Karina / Rakhmanin Nikita,ARM,5,114.39,59.88,55.51,-1.0,,owg2026,,,,2.67,7.04,,,0,Composition,2526,7.0,6.75,6.5,7.25,7.0,7.5,7.25,6.75,7.25,0,pairs,individual
14,Akopova Karina / Rakhmanin Nikita,ARM,5,114.39,59.88,55.51,-1.0,,owg2026,,,,2.67,6.75,,,0,Presentation,2526,6.75,7.25,6.25,7.0,6.25,7.0,7.0,6.25,7.0,0,pairs,individual
14,Akopova Karina / Rakhmanin Nikita,ARM,5,114.39,59.88,55.51,-1.0,,owg2026,,,,2.67,7.0,,,0,Skating Skills,2526,7.0,7.25,6.75,7.5,6.5,7.5,7.0,6.5,7.0,0,pairs,individual
15,Kovalev Camille / Kovalev Pavel,FRA,1,113.78,58.71,56.07,-1.0,5.7,owg2026,3Tw3,1.0,0.0,,6.6,0.9,,1,,2526,1.0,1.0,1.0,1.0,2.0,2.0,2.0,2.0,2.0,0,pairs,individual
15,Kovalev Camille / Kovalev Pavel,FRA,1,113.78,58.71,56.07,-1.0,5.5,owg2026,3T+2T,3.0,0.0,,5.92,0.42,,1,,2526,1.0,1.0,1.0,1.0,1.0,1.0,1.0,1.0,2.0,0,pairs,individual
15,Kovalev Camille / Kovalev Pavel,FRA,1,113.78,58.71,56.07,-1.0,7.0,owg2026,5ALi4,4.0,0.0,,7.9,0.9,,1,,2526,1.0,1.0,1.0,2.0,1.0,2.0,1.0,2.0,1.0,0,pairs,individual
15,Kovalev Camille / Kovalev Pavel,FRA,1,113.78,58.71,56.07,-1.0,3.6,owg2026,BoDs1,5.0,0.0,,3.65,0.05,,1,,2526,-2.0,0.0,0.0,0.0,0.0,0.0,1.0,0.0,1.0,0,pairs,individual
15,Kovalev Camille / Kovalev Pavel,FRA,1,113.78,58.71,56.07,-1.0,4.0,owg2026,PCoSp3,6.0,0.0,,4.46,0.46,,1,,2526,1.0,1.0,1.0,1.0,1.0,1.0,1.0,2.0,2.0,0,pairs,individual
15,Kovalev Camille / Kovalev Pavel,FRA,1,113.78,58.71,56.07,-1.0,5.3,owg2026,3FTh,7.0,0.0,,5.83,0.53,,1,,2526,1.0,2.0,0.0,1.0,1.0,1.0,1.0,1.0,1.0,0,pairs,individual
15,Kovalev Camille / Kovalev Pavel,FRA,1,113.78,58.71,56.07,-1.0,7.0,owg2026,5RLi4,8.0,0.0,,7.9,0.9,,1,,2526,1.0,2.0,1.0,2.0,2.0,1.0,1.0,0.0,1.0,0,pairs,individual
15,Kovalev Camille / Kovalev Pavel,FRA,1,113.78,58.71,56.07,-1.0,3.0,owg2026,ChSq1,9.0,0.0,,3.5,0.5,,1,,2526,0.0,1.0,2.0,1.0,1.0,0.0,2.0,1.0,1.0,0,pairs,individual
15,Kovalev Camille / Kovalev Pavel,FRA,1,113.78,58.71,56.07,-1.0,4.4,owg2026,3STh,10.0,0.0,,4.97,0.57,,1,,2526,1.0,1.0,1.0,2.0,1.0,1.0,1.0,2.0,2.0,0,pairs,individual
15,Kovalev Camille / Kovalev Pavel,FRA,1,113.78,58.71,56.07,-1.0,5.1,owg2026,3Li4,11.0,0.0,,5.83,0.73,,1,,2526,1.0,2.0,0.0,2.0,1.0,1.0,2.0,1.0,2.0,0,pairs,individual
15,Kovalev Camille / Kovalev Pavel,FRA,1,113.78,58.71,56.07,-1.0,,owg2026,,,,2.67,7.0,,,0,Composition,2526,6.5,6.75,6.5,7.5,7.0,7.25,7.25,7.0,7.25,0,pairs,individual
15,Kovalev Camille / Kovalev Pavel,FRA,1,113.78,58.71,56.07,-1.0,,owg2026,,,,2.67,7.0,,,0,Presentation,2526,6.75,7.0,6.75,7.25,7.25,7.0,7.0,6.5,7.5,0,pairs,individual
15,Kovalev Camille / Kovalev Pavel,FRA,1,113.78,58.71,56.07,-1.0,,owg2026,,,,2.67,7.0,,,0,Skating Skills,2526,7.0,7.0,6.5,7.0,6.75,7.5,6.75,7.25,7.25,0,pairs,individual
16,Vaipan-Law Anastasia / Digby Luke,GBR,4,112.99,55.96,57.03,0.0,5.7,owg2026,3Tw3,1.0,0.0,,6.6,0.9,,1,,2526,2.0,1.0,1.0,2.0,2.0,0.0,2.0,2.0,1.0,0,pairs,individual
16,Vaipan-Law Anastasia / Digby Luke,GBR,4,112.99,55.96,57.03,0.0,4.2,owg2026,3T,2.0,0.0,,5.16,0.96,,1,,2526,3.0,2.0,2.0,2.0,3.0,2.0,2.0,3.0,2.0,0,pairs,individual
16,Vaipan-Law Anastasia / Digby Luke,GBR,4,112.99,55.96,57.03,0.0,5.5,owg2026,2A+1A+1A+SEQ,3.0,0.0,,4.18,-1.32,,1,,2526,-4.0,-3.0,-4.0,-4.0,-4.0,-4.0,-4.0,-4.0,-5.0,0,pairs,individual
16,Vaipan-Law Anastasia / Digby Luke,GBR,4,112.99,55.96,57.03,0.0,2.8,owg2026,2LoTh,4.0,0.0,,2.8,0.0,,1,,2526,0.0,0.0,0.0,0.0,0.0,0.0,0.0,1.0,0.0,0,pairs,individual
16,Vaipan-Law Anastasia / Digby Luke,GBR,4,112.99,55.96,57.03,0.0,6.6,owg2026,5ALi3,5.0,0.0,,7.26,0.66,,1,,2526,1.0,2.0,0.0,2.0,1.0,-1.0,1.0,2.0,0.0,0,pairs,individual
16,Vaipan-Law Anastasia / Digby Luke,GBR,4,112.99,55.96,57.03,0.0,4.0,owg2026,PCoSp3,6.0,0.0,,3.49,-0.51,,1,,2526,-1.0,0.0,-3.0,-2.0,-1.0,-1.0,-1.0,-1.0,-2.0,0,pairs,individual
16,Vaipan-Law Anastasia / Digby Luke,GBR,4,112.99,55.96,57.03,0.0,3.5,owg2026,FiDs3,7.0,0.0,,4.05,0.55,,1,,2526,2.0,2.0,0.0,1.0,2.0,1.0,1.0,2.0,2.0,0,pairs,individual
16,Vaipan-Law Anastasia / Digby Luke,GBR,4,112.99,55.96,57.03,0.0,3.0,owg2026,ChSq1,8.0,0.0,,3.64,0.64,,1,,2526,0.0,1.0,2.0,2.0,1.0,1.0,1.0,1.0,2.0,0,pairs,individual
16,Vaipan-Law Anastasia / Digby Luke,GBR,4,112.99,55.96,57.03,0.0,4.4,owg2026,3STh,9.0,0.0,,5.28,0.88,,1,,2526,2.0,3.0,3.0,1.0,2.0,2.0,1.0,2.0,2.0,0,pairs,individual
16,Vaipan-Law Anastasia / Digby Luke,GBR,4,112.99,55.96,57.03,0.0,7.0,owg2026,5RLi4,10.0,0.0,,7.6,0.6,,1,,2526,1.0,2.0,0.0,1.0,1.0,1.0,1.0,0.0,1.0,0,pairs,individual
16,Vaipan-Law Anastasia / Digby Luke,GBR,4,112.99,55.96,57.03,0.0,5.1,owg2026,4Li4,11.0,0.0,,5.9,0.8,,1,,2526,1.0,3.0,1.0,2.0,1.0,1.0,2.0,2.0,2.0,0,pairs,individual
16,Vaipan-Law Anastasia / Digby Luke,GBR,4,112.99,55.96,57.03,0.0,,owg2026,,,,2.67,7.32,,,0,Composition,2526,7.25,7.25,7.25,7.5,7.75,7.0,7.25,7.5,7.25,0,pairs,individual
16,Vaipan-Law Anastasia / Digby Luke,GBR,4,112.99,55.96,57.03,0.0,,owg2026,,,,2.67,7.04,,,0,Presentation,2526,7.0,7.25,6.75,7.0,7.25,6.5,7.0,7.25,7.0,0,pairs,individual
16,Vaipan-Law Anastasia / Digby Luke,GBR,4,112.99,55.96,57.03,0.0,,owg2026,,,,2.67,7.0,,,0,Skating Skills,2526,6.5,7.0,6.5,7.5,7.0,6.75,7.0,7.75,7.25,0,pairs,individual
1,Miura Riku / Kihara Ryuichi,JPN,5,155.55,80.88,74.67,0.0,5.7,owg2026,3Tw3,1.0,0.0,,7.74,2.04,,1,,2526,4.0,4.0,3.0,3.0,3.0,5.0,3.0,3.0,5.0,0,pairs,team
1,Miura Riku / Kihara Ryuichi,JPN,5,155.55,80.88,74.67,0.0,10.8,owg2026,3Tq+2A+2A+SEQ,2.0,0.0,,9.9,-0.9,q,1,,2526,-3.0,-2.0,-2.0,-3.0,-1.0,-4.0,-1.0,-2.0,-2.0,0,pairs,team
1,Miura Riku / Kihara Ryuichi,JPN,5,155.55,80.88,74.67,0.0,7.0,owg2026,5ALi4,3.0,0.0,,9.8,2.8,,1,,2526,4.0,4.0,5.0,4.0,3.0,4.0,3.0,4.0,5.0,0,pairs,team
1,Miura Riku / Kihara Ryuichi,JPN,5,155.55,80.88,74.67,0.0,5.3,owg2026,3LzTh,4.0,0.0,,7.19,1.89,,1,,2526,4.0,3.0,3.0,3.0,4.0,3.0,5.0,4.0,4.0,0,pairs,team
1,Miura Riku / Kihara Ryuichi,JPN,5,155.55,80.88,74.67,0.0,4.8,owg2026,BoDs4,5.0,0.0,,6.31,1.51,,1,,2526,3.0,3.0,4.0,3.0,3.0,3.0,3.0,3.0,4.0,0,pairs,team
1,Miura Riku / Kihara Ryuichi,JPN,5,155.55,80.88,74.67,0.0,4.5,owg2026,PCoSp4,6.0,0.0,,5.91,1.41,,1,,2526,3.0,4.0,3.0,3.0,3.0,3.0,3.0,3.0,4.0,0,pairs,team
1,Miura Riku / Kihara Ryuichi,JPN,5,155.55,80.88,74.67,0.0,4.3,owg2026,3S,7.0,0.0,,5.41,1.11,,1,,2526,2.0,3.0,2.0,3.0,2.0,3.0,2.0,3.0,4.0,0,pairs,team
1,Miura Riku / Kihara Ryuichi,JPN,5,155.55,80.88,74.67,0.0,7.0,owg2026,5RLi4,8.0,0.0,,9.7,2.7,,1,,2526,4.0,4.0,4.0,4.0,4.0,4.0,3.0,3.0,4.0,0,pairs,team
1,Miura Riku / Kihara Ryuichi,JPN,5,155.55,80.88,74.67,0.0,5.0,owg2026,3LoTh,9.0,0.0,,7.0,2.0,,1,,2526,4.0,4.0,4.0,4.0,2.0,4.0,4.0,4.0,4.0,0,pairs,team
1,Miura Riku / Kihara Ryuichi,JPN,5,155.55,80.88,74.67,0.0,5.1,owg2026,3Li4,10.0,0.0,,6.92,1.82,,1,,2526,4.0,3.0,3.0,3.0,4.0,5.0,4.0,4.0,3.0,0,pairs,team
1,Miura Riku / Kihara Ryuichi,JPN,5,155.55,80.88,74.67,0.0,3.0,owg2026,ChSq1,11.0,0.0,,5.0,2.0,,1,,2526,3.0,3.0,4.0,4.0,4.0,5.0,4.0,4.0,5.0,0,pairs,team
1,Miura Riku / Kihara Ryuichi,JPN,5,155.55,80.88,74.67,0.0,,owg2026,,,,2.67,9.29,,,0,Composition,2526,9.5,9.0,9.5,9.25,8.75,9.0,9.5,9.5,9.25,0,pairs,team
1,Miura Riku / Kihara Ryuichi,JPN,5,155.55,80.88,74.67,0.0,,owg2026,,,,2.67,9.29,,,0,Presentation,2526,9.5,9.25,9.0,9.0,9.0,9.5,9.75,9.25,9.5,0,pairs,team
1,Miura Riku / Kihara Ryuichi,JPN,5,155.55,80.88,74.67,0.0,,owg2026,,,,2.67,9.39,,,0,Skating Skills,2526,9.5,9.5,9.25,9.25,9.25,9.25,9.5,9.75,9.5,0,pairs,team
2,Metelkina Anastasiia / Berulava Luka,GEO,4,139.7,72.8,67.9,-1.0,5.7,owg2026,3Tw3,1.0,0.0,,7.9,2.2,,1,,2526,4.0,4.0,4.0,3.0,4.0,4.0,4.0,3.0,4.0,0,pairs,team
2,Metelkina Anastasiia / Berulava Luka,GEO,4,139.7,72.8,67.9,-1.0,10.9,owg2026,3S+2A+2A+SEQ,2.0,0.0,,11.76,0.86,,1,,2526,2.0,2.0,1.0,3.0,2.0,2.0,3.0,2.0,1.0,0,pairs,team
2,Metelkina Anastasiia / Berulava Luka,GEO,4,139.7,72.8,67.9,-1.0,4.2,owg2026,3T,3.0,0.0,,4.68,0.48,,1,,2526,1.0,2.0,1.0,1.0,1.0,0.0,1.0,1.0,2.0,0,pairs,team
2,Metelkina Anastasiia / Berulava Luka,GEO,4,139.7,72.8,67.9,-1.0,5.3,owg2026,3FTh,4.0,0.0,,6.21,0.91,,1,,2526,3.0,1.0,3.0,3.0,1.0,2.0,1.0,1.0,1.0,0,pairs,team
2,Metelkina Anastasiia / Berulava Luka,GEO,4,139.7,72.8,67.9,-1.0,7.0,owg2026,5ALi4,5.0,0.0,,8.9,1.9,,1,,2526,2.0,2.0,3.0,3.0,4.0,3.0,3.0,2.0,3.0,0,pairs,team
2,Metelkina Anastasiia / Berulava Luka,GEO,4,139.7,72.8,67.9,-1.0,5.0,owg2026,3LoTh,6.0,0.0,,6.93,1.93,,1,,2526,4.0,4.0,4.0,3.0,3.0,4.0,4.0,4.0,4.0,0,pairs,team
2,Metelkina Anastasiia / Berulava Luka,GEO,4,139.7,72.8,67.9,-1.0,3.6,owg2026,BoDs1,7.0,0.0,,4.32,0.72,,1,,2526,2.0,1.0,2.0,3.0,1.0,3.0,2.0,2.0,2.0,0,pairs,team
2,Metelkina Anastasiia / Berulava Luka,GEO,4,139.7,72.8,67.9,-1.0,4.5,owg2026,PCoSp4,8.0,0.0,,5.66,1.16,,1,,2526,3.0,3.0,2.0,3.0,2.0,3.0,2.0,2.0,3.0,0,pairs,team
2,Metelkina Anastasiia / Berulava Luka,GEO,4,139.7,72.8,67.9,-1.0,7.0,owg2026,5RLi4,9.0,0.0,,9.1,2.1,,1,,2526,3.0,3.0,3.0,3.0,3.0,3.0,3.0,3.0,3.0,0,pairs,team
2,Metelkina Anastasiia / Berulava Luka,GEO,4,139.7,72.8,67.9,-1.0,5.1,owg2026,3Li4,10.0,0.0,,6.41,1.31,,1,,2526,3.0,2.0,3.0,3.0,1.0,3.0,1.0,3.0,4.0,0,pairs,team
2,Metelkina Anastasiia / Berulava Luka,GEO,4,139.7,72.8,67.9,-1.0,3.0,owg2026,ChSq1,11.0,0.0,,0.93,-2.07,F,1,,2526,-5.0,-5.0,-4.0,-5.0,-3.0,-4.0,-3.0,-4.0,-4.0,0,pairs,team
2,Metelkina Anastasiia / Berulava Luka,GEO,4,139.7,72.8,67.9,-1.0,,owg2026,,,,2.67,8.46,,,0,Composition,2526,9.25,8.75,8.5,8.75,8.0,8.5,8.0,8.25,8.5,0,pairs,team
2,Metelkina Anastasiia / Berulava Luka,GEO,4,139.7,72.8,67.9,-1.0,,owg2026,,,,2.67,8.36,,,0,Presentation,2526,9.25,8.25,8.25,8.5,8.25,8.5,8.25,8.5,8.0,0,pairs,team
2,Metelkina Anastasiia / Berulava Luka,GEO,4,139.7,72.8,67.9,-1.0,,owg2026,,,,2.67,8.61,,,0,Skating Skills,2526,9.0,8.25,8.75,8.75,8.5,9.0,8.75,8.25,8.25,0,pairs,team
3,Conti Sara / Macii Niccolo,ITA,3,136.61,67.85,68.76,0.0,5.7,owg2026,3Tw3,1.0,0.0,,7.08,1.38,,1,,2526,3.0,2.0,2.0,3.0,2.0,3.0,2.0,3.0,2.0,0,pairs,team
3,Conti Sara / Macii Niccolo,ITA,3,136.61,67.85,68.76,0.0,7.94,owg2026,3T+1A+2A<+SEQ,2.0,0.0,,5.84,-2.1,<,1,,2526,-5.0,-5.0,-5.0,-5.0,-5.0,-5.0,-5.0,-4.0,-5.0,0,pairs,team
3,Conti Sara / Macii Niccolo,ITA,3,136.61,67.85,68.76,0.0,7.0,owg2026,5ALi4,3.0,0.0,,8.7,1.7,,1,,2526,2.0,3.0,3.0,2.0,2.0,2.0,1.0,3.0,3.0,0,pairs,team
3,Conti Sara / Macii Niccolo,ITA,3,136.61,67.85,68.76,0.0,4.3,owg2026,3S,4.0,0.0,,5.47,1.17,,1,,2526,2.0,3.0,3.0,3.0,2.0,3.0,2.0,3.0,3.0,0,pairs,team
3,Conti Sara / Macii Niccolo,ITA,3,136.61,67.85,68.76,0.0,5.0,owg2026,3LoTh,5.0,0.0,,5.86,0.86,,1,,2526,0.0,1.0,2.0,2.0,2.0,2.0,2.0,1.0,2.0,0,pairs,team
3,Conti Sara / Macii Niccolo,ITA,3,136.61,67.85,68.76,0.0,7.0,owg2026,5RLi4,6.0,0.0,,7.9,0.9,,1,,2526,1.0,1.0,0.0,2.0,1.0,1.0,1.0,2.0,2.0,0,pairs,team
3,Conti Sara / Macii Niccolo,ITA,3,136.61,67.85,68.76,0.0,4.4,owg2026,BoDs3,7.0,0.0,,5.34,0.94,,1,,2526,2.0,2.0,3.0,2.0,0.0,2.0,1.0,3.0,3.0,0,pairs,team
3,Conti Sara / Macii Niccolo,ITA,3,136.61,67.85,68.76,0.0,4.5,owg2026,PCoSp4,8.0,0.0,,5.46,0.96,,1,,2526,3.0,1.0,2.0,3.0,1.0,2.0,2.0,3.0,2.0,0,pairs,team
3,Conti Sara / Macii Niccolo,ITA,3,136.61,67.85,68.76,0.0,4.4,owg2026,3STh,9.0,0.0,,5.72,1.32,,1,,2526,3.0,3.0,3.0,3.0,3.0,3.0,3.0,4.0,3.0,0,pairs,team
3,Conti Sara / Macii Niccolo,ITA,3,136.61,67.85,68.76,0.0,5.1,owg2026,3Li4,10.0,0.0,,6.12,1.02,,1,,2526,2.0,1.0,2.0,2.0,2.0,2.0,2.0,2.0,3.0,0,pairs,team
3,Conti Sara / Macii Niccolo,ITA,3,136.61,67.85,68.76,0.0,3.0,owg2026,ChSq1,11.0,0.0,,4.36,1.36,,1,,2526,2.0,2.0,3.0,3.0,3.0,2.0,3.0,3.0,3.0,0,pairs,team
3,Conti Sara / Macii Niccolo,ITA,3,136.61,67.85,68.76,0.0,,owg2026,,,,2.67,8.64,,,0,Composition,2526,9.0,8.75,8.75,8.25,8.5,8.75,8.25,9.0,8.5,0,pairs,team
3,Conti Sara / Macii Niccolo,ITA,3,136.61,67.85,68.76,0.0,,owg2026,,,,2.67,8.61,,,0,Presentation,2526,8.75,8.5,9.0,8.25,8.75,8.25,8.5,9.25,8.5,0,pairs,team
3,Conti Sara / Macii Niccolo,ITA,3,136.61,67.85,68.76,0.0,,owg2026,,,,2.67,8.5,,,0,Skating Skills,2526,8.75,8.5,8.75,8.25,8.25,8.75,8.25,8.75,8.25,0,pairs,team
4,Kam Ellie / O'Shea Danny,USA,1,135.36,69.65,65.71,0.0,6.0,owg2026,3Tw4,1.0,0.0,,7.54,1.54,,1,,2526,3.0,2.0,3.0,2.0,2.0,3.0,3.0,2.0,3.0,0,pairs,team
4,Kam Ellie / O'Shea Danny,USA,1,135.36,69.65,65.71,0.0,4.2,owg2026,3T,2.0,0.0,,3.66,-0.54,,1,,2526,-2.0,-1.0,-2.0,-2.0,-1.0,-1.0,-1.0,-1.0,0.0,0,pairs,team
4,Kam Ellie / O'Shea Danny,USA,1,135.36,69.65,65.71,0.0,7.6,owg2026,3S+2A+SEQ,3.0,0.0,,8.09,0.49,,1,,2526,2.0,2.0,1.0,2.0,1.0,0.0,0.0,1.0,1.0,0,pairs,team
4,Kam Ellie / O'Shea Danny,USA,1,135.36,69.65,65.71,0.0,5.3,owg2026,3LzTh,4.0,0.0,,5.53,0.23,,1,,2526,0.0,1.0,0.0,1.0,1.0,1.0,0.0,0.0,0.0,0,pairs,team
4,Kam Ellie / O'Shea Danny,USA,1,135.36,69.65,65.71,0.0,4.4,owg2026,BoDs3,5.0,0.0,,5.47,1.07,,1,,2526,3.0,3.0,1.0,3.0,2.0,2.0,3.0,2.0,2.0,0,pairs,team
4,Kam Ellie / O'Shea Danny,USA,1,135.36,69.65,65.71,0.0,5.0,owg2026,3LoTh,6.0,0.0,,5.29,0.29,,1,,2526,-1.0,2.0,0.0,1.0,0.0,2.0,0.0,1.0,0.0,0,pairs,team
4,Kam Ellie / O'Shea Danny,USA,1,135.36,69.65,65.71,0.0,7.0,owg2026,5RLi4,7.0,0.0,,8.4,1.4,,1,,2526,3.0,2.0,1.0,2.0,2.0,3.0,1.0,2.0,2.0,0,pairs,team
4,Kam Ellie / O'Shea Danny,USA,1,135.36,69.65,65.71,0.0,4.5,owg2026,PCoSp4,8.0,0.0,,5.66,1.16,,1,,2526,2.0,2.0,1.0,3.0,3.0,3.0,3.0,3.0,2.0,0,pairs,team
4,Kam Ellie / O'Shea Danny,USA,1,135.36,69.65,65.71,0.0,5.1,owg2026,4Li4,9.0,0.0,,6.92,1.82,,1,,2526,3.0,4.0,3.0,4.0,4.0,4.0,3.0,2.0,4.0,0,pairs,team
4,Kam Ellie / O'Shea Danny,USA,1,135.36,69.65,65.71,0.0,3.0,owg2026,ChSq1,10.0,0.0,,4.29,1.29,,1,,2526,2.0,3.0,2.0,3.0,4.0,3.0,2.0,3.0,2.0,0,pairs,team
4,Kam Ellie / O'Shea Danny,USA,1,135.36,69.65,65.71,0.0,7.0,owg2026,5ALi4,11.0,0.0,,8.8,1.8,,1,,2526,3.0,3.0,2.0,3.0,3.0,2.0,2.0,1.0,3.0,0,pairs,team
4,Kam Ellie / O'Shea Danny,USA,1,135.36,69.65,65.71,0.0,,owg2026,,,,2.67,8.18,,,0,Composition,2526,8.5,8.5,8.0,8.5,8.0,8.5,7.75,7.75,8.0,0,pairs,team
4,Kam Ellie / O'Shea Danny,USA,1,135.36,69.65,65.71,0.0,,owg2026,,,,2.67,8.25,,,0,Presentation,2526,8.25,8.75,7.75,8.25,8.5,8.25,8.0,8.0,8.5,0,pairs,team
4,Kam Ellie / O'Shea Danny,USA,1,135.36,69.65,65.71,0.0,,owg2026,,,,2.67,8.18,,,0,Skating Skills,2526,8.25,8.5,8.25,8.5,8.0,7.75,8.25,7.5,8.25,0,pairs,team
5,Pereira Lia / Michaud Trennt,CAN,2,134.42,69.19,65.23,0.0,5.7,owg2026,3Tw3,1.0,0.0,,7.17,1.47,,1,,2526,3.0,2.0,2.0,3.0,3.0,3.0,2.0,2.0,3.0,0,pairs,team
5,Pereira Lia / Michaud Trennt,CAN,2,134.42,69.19,65.23,0.0,7.5,owg2026,3T+2A+SEQ,2.0,0.0,,7.68,0.18,,1,,2526,0.0,0.0,0.0,1.0,1.0,0.0,1.0,1.0,0.0,0,pairs,team
5,Pereira Lia / Michaud Trennt,CAN,2,134.42,69.19,65.23,0.0,5.0,owg2026,3LoTh,3.0,0.0,,3.71,-1.29,,1,,2526,-3.0,-2.0,-2.0,-3.0,-3.0,-3.0,-2.0,-4.0,-2.0,0,pairs,team
5,Pereira Lia / Michaud Trennt,CAN,2,134.42,69.19,65.23,0.0,4.3,owg2026,3S,4.0,0.0,,5.22,0.92,,1,,2526,2.0,3.0,2.0,3.0,2.0,2.0,2.0,1.0,2.0,0,pairs,team
5,Pereira Lia / Michaud Trennt,CAN,2,134.42,69.19,65.23,0.0,7.0,owg2026,5RLi4,5.0,0.0,,8.9,1.9,,1,,2526,2.0,3.0,3.0,3.0,3.0,3.0,1.0,2.0,3.0,0,pairs,team
5,Pereira Lia / Michaud Trennt,CAN,2,134.42,69.19,65.23,0.0,5.3,owg2026,3FTh,6.0,0.0,,6.51,1.21,,1,,2526,2.0,2.0,3.0,3.0,2.0,3.0,1.0,2.0,2.0,0,pairs,team
5,Pereira Lia / Michaud Trennt,CAN,2,134.42,69.19,65.23,0.0,4.4,owg2026,BoDs3,7.0,0.0,,5.34,0.94,,1,,2526,2.0,2.0,2.0,2.0,2.0,3.0,2.0,2.0,3.0,0,pairs,team
5,Pereira Lia / Michaud Trennt,CAN,2,134.42,69.19,65.23,0.0,7.0,owg2026,5ALi4,8.0,0.0,,8.5,1.5,,1,,2526,2.0,2.0,2.0,3.0,2.0,2.0,2.0,2.0,3.0,0,pairs,team
5,Pereira Lia / Michaud Trennt,CAN,2,134.42,69.19,65.23,0.0,3.0,owg2026,ChSq1,9.0,0.0,,4.29,1.29,,1,,2526,2.0,2.0,3.0,3.0,2.0,2.0,3.0,3.0,3.0,0,pairs,team
5,Pereira Lia / Michaud Trennt,CAN,2,134.42,69.19,65.23,0.0,5.1,owg2026,3Li4,10.0,0.0,,6.34,1.24,,1,,2526,2.0,2.0,2.0,3.0,3.0,2.0,3.0,2.0,3.0,0,pairs,team
5,Pereira Lia / Michaud Trennt,CAN,2,134.42,69.19,65.23,0.0,4.5,owg2026,PCoSp4,11.0,0.0,,5.53,1.03,,1,,2526,2.0,3.0,1.0,3.0,3.0,3.0,2.0,2.0,1.0,0,pairs,team
5,Pereira Lia / Michaud Trennt,CAN,2,134.42,69.19,65.23,0.0,,owg2026,,,,2.67,8.18,,,0,Composition,2526,8.25,8.5,8.0,8.5,7.75,8.25,8.25,7.5,8.25,0,pairs,team
5,Pereira Lia / Michaud Trennt,CAN,2,134.42,69.19,65.23,0.0,,owg2026,,,,2.67,8.21,,,0,Presentation,2526,8.0,8.5,7.75,8.5,8.0,8.5,8.25,7.75,8.5,0,pairs,team
5,Pereira Lia / Michaud Trennt,CAN,2,134.42,69.19,65.23,0.0,,owg2026,,,,2.67,8.04,,,0,Skating Skills,2526,8.0,8.25,8.25,8.25,7.5,8.0,8.0,7.5,8.25,0,pairs,team
